"cso_year_int","cso_from_id","cso_to_id","cso_flow_amt"
1998,1,1,581
1998,3,1,190
1998,10,1,8
1998,12,1,3
1998,15,1,9
1998,23,1,14
1998,25,1,51
1998,27,1,108
1998,28,1,57
1998,29,1,70
1998,31,1,1
1998,32,1,7
1998,35,1,4
1998,36,1,23
1998,37,1,4
1998,38,1,3
1998,40,1,5
1998,41,1,8
1998,43,1,73
1998,44,1,1
1998,2,2,24
1998,8,2,2
1998,9,2,1
1998,12,2,1
1998,13,2,12
1998,15,2,7
1998,23,2,1
1998,25,2,27
1998,27,2,11
1998,28,2,2
1998,29,2,25
1998,31,2,2
1998,32,2,33
1998,33,2,3
1998,34,2,4
1998,35,2,1
1998,36,2,4
1998,37,2,38
1998,38,2,2
1998,39,2,4
1998,40,2,7
1998,41,2,1
1998,1,3,4367
1998,2,3,3
1998,3,3,72
1998,8,3,34
1998,9,3,67
1998,12,3,19
1998,13,3,14
1998,15,3,28
1998,23,3,2
1998,25,3,114
1998,26,3,15
1998,27,3,48
1998,28,3,5
1998,29,3,44
1998,31,3,25
1998,32,3,123
1998,33,3,7
1998,34,3,13
1998,35,3,40
1998,36,3,130
1998,37,3,345
1998,38,3,12
1998,39,3,8
1998,40,3,430
1998,41,3,49
1998,43,3,25
1998,44,3,5
1998,1,4,12
1998,8,4,1
1998,9,4,2
1998,25,4,1
1998,27,4,1
1998,31,4,1
1998,32,4,3
1998,33,4,2
1998,34,4,3
1998,35,4,7
1998,36,4,4
1998,37,4,30
1998,38,4,1
1998,39,4,3
1998,40,4,5
1998,41,4,1
1998,43,4,4
1998,44,4,1
1998,1,5,48
1998,5,5,2
1998,9,5,2
1998,15,5,1
1998,25,5,10
1998,27,5,1
1998,29,5,2
1998,31,5,1
1998,32,5,5
1998,34,5,1
1998,35,5,2
1998,36,5,5
1998,37,5,18
1998,38,5,1
1998,39,5,1
1998,40,5,6
1998,41,5,3
1998,43,5,2
1998,5,6,1
1998,9,6,1
1998,15,6,1
1998,25,6,2
1998,29,6,1
1998,31,6,1
1998,32,6,3
1998,35,6,1
1998,36,6,2
1998,37,6,6
1998,38,6,1
1998,39,6,1
1998,40,6,4
1998,43,6,1
1998,3,7,7
1998,15,7,1
1998,29,7,1
1998,32,7,1
1998,37,7,1
1998,40,7,1
1998,41,7,1
1998,1,8,26
1998,8,8,125
1998,9,8,3
1998,13,8,1
1998,15,8,2
1998,25,8,15
1998,27,8,2
1998,29,8,12
1998,31,8,2
1998,32,8,9
1998,35,8,1
1998,36,8,6
1998,37,8,18
1998,38,8,2
1998,40,8,6
1998,41,8,2
1998,3,9,1
1998,9,9,39
1998,10,9,15
1998,12,9,1
1998,25,9,6
1998,29,9,14
1998,32,9,1
1998,35,9,1
1998,36,9,2
1998,37,9,6
1998,40,9,2
1998,41,9,1
1998,9,10,131
1998,10,10,1406
1998,12,10,6
1998,25,10,24
1998,26,10,6
1998,27,10,31
1998,28,10,1
1998,29,10,24
1998,31,10,14
1998,32,10,85
1998,33,10,46
1998,34,10,34
1998,35,10,8
1998,36,10,69
1998,37,10,34
1998,38,10,7
1998,39,10,12
1998,40,10,333
1998,41,10,5
1998,43,10,7
1998,44,10,7
1998,45,10,8
1998,46,10,2
1998,1,11,26
1998,2,11,41
1998,3,11,26
1998,8,11,8
1998,9,11,37
1998,10,11,58
1998,12,11,24
1998,13,11,6
1998,15,11,37
1998,23,11,26
1998,25,11,149
1998,26,11,45
1998,27,11,75
1998,28,11,8
1998,29,11,305
1998,31,11,44
1998,32,11,60
1998,33,11,43
1998,34,11,61
1998,35,11,155
1998,36,11,282
1998,37,11,1030
1998,38,11,32
1998,39,11,55
1998,40,11,727
1998,41,11,95
1998,43,11,96
1998,44,11,18
1998,45,11,2
1998,1,12,4
1998,3,12,1
1998,8,12,1
1998,9,12,7
1998,10,12,6
1998,12,12,27
1998,13,12,9
1998,15,12,20
1998,23,12,1
1998,24,12,1
1998,25,12,26
1998,26,12,1
1998,27,12,1
1998,28,12,1
1998,29,12,48
1998,31,12,5
1998,32,12,11
1998,33,12,2
1998,34,12,3
1998,35,12,9
1998,36,12,20
1998,37,12,66
1998,38,12,4
1998,39,12,3
1998,40,12,19
1998,41,12,6
1998,43,12,5
1998,44,12,1
1998,2,13,38
1998,8,13,2
1998,9,13,3
1998,10,13,2
1998,12,13,1
1998,13,13,43
1998,15,13,7
1998,23,13,3
1998,24,13,1
1998,25,13,28
1998,26,13,1
1998,27,13,2
1998,28,13,1
1998,29,13,38
1998,31,13,2
1998,32,13,26
1998,33,13,4
1998,34,13,6
1998,35,13,3
1998,36,13,16
1998,37,13,39
1998,38,13,2
1998,39,13,5
1998,40,13,7
1998,41,13,3
1998,43,13,2
1998,2,14,3
1998,10,14,1
1998,13,14,1
1998,15,14,3
1998,23,14,1
1998,24,14,32
1998,25,14,29
1998,27,14,1
1998,28,14,1
1998,29,14,37
1998,31,14,2
1998,32,14,2
1998,33,14,3
1998,34,14,5
1998,35,14,2
1998,36,14,6
1998,37,14,28
1998,38,14,1
1998,39,14,4
1998,40,14,4
1998,41,14,2
1998,43,14,1
1998,44,14,1
1998,8,15,4
1998,9,15,2
1998,10,15,2
1998,12,15,1
1998,13,15,2
1998,15,15,57
1998,25,15,8
1998,27,15,3
1998,29,15,100
1998,31,15,4
1998,32,15,8
1998,33,15,1
1998,34,15,2
1998,35,15,5
1998,36,15,13
1998,37,15,45
1998,38,15,4
1998,39,15,2
1998,40,15,8
1998,41,15,3
1998,43,15,3
1998,44,15,1
1998,8,16,1
1998,9,16,1
1998,10,16,4
1998,12,16,3
1998,13,16,1
1998,15,16,33
1998,18,16,9
1998,25,16,8
1998,29,16,144
1998,32,16,2
1998,35,16,1
1998,36,16,2
1998,37,16,5
1998,40,16,13
1998,43,16,1
1998,9,17,15
1998,10,17,23
1998,12,17,29
1998,13,17,30
1998,15,17,69
1998,17,17,6
1998,18,17,35
1998,25,17,4
1998,27,17,3
1998,29,17,1009
1998,31,17,1
1998,32,17,7
1998,34,17,1
1998,35,17,3
1998,36,17,3
1998,37,17,12
1998,40,17,224
1998,41,17,1
1998,43,17,2
1998,8,18,7
1998,9,18,6
1998,10,18,15
1998,12,18,15
1998,13,18,9
1998,15,18,81
1998,18,18,75
1998,25,18,28
1998,26,18,1
1998,27,18,6
1998,29,18,219
1998,31,18,4
1998,32,18,23
1998,33,18,4
1998,34,18,5
1998,35,18,10
1998,36,18,16
1998,37,18,58
1998,38,18,3
1998,39,18,5
1998,40,18,28
1998,41,18,3
1998,43,18,7
1998,44,18,1
1998,9,19,3
1998,10,19,15
1998,12,19,1
1998,13,19,5
1998,15,19,21
1998,18,19,46
1998,25,19,15
1998,26,19,1
1998,27,19,6
1998,29,19,198
1998,31,19,1
1998,32,19,13
1998,33,19,1
1998,34,19,1
1998,35,19,4
1998,36,19,4
1998,37,19,23
1998,39,19,1
1998,40,19,149
1998,41,19,1
1998,43,19,3
1998,44,19,1
1998,2,20,1
1998,9,20,3
1998,10,20,10
1998,12,20,11
1998,15,20,23
1998,18,20,25
1998,25,20,15
1998,27,20,1
1998,29,20,160
1998,31,20,1
1998,32,20,2
1998,33,20,1
1998,34,20,1
1998,35,20,2
1998,36,20,3
1998,37,20,10
1998,39,20,1
1998,40,20,5
1998,41,20,1
1998,43,20,1
1998,8,21,1
1998,10,21,1
1998,12,21,4
1998,13,21,3
1998,15,21,18
1998,18,21,4
1998,23,21,2
1998,25,21,3
1998,28,21,6
1998,29,21,21
1998,31,21,1
1998,32,21,4
1998,33,21,1
1998,34,21,1
1998,35,21,2
1998,36,21,3
1998,37,21,14
1998,39,21,1
1998,40,21,2
1998,41,21,1
1998,43,21,1
1998,10,22,1
1998,15,22,6
1998,25,22,2
1998,27,22,2
1998,28,22,46
1998,29,22,7
1998,31,22,1
1998,32,22,2
1998,34,22,1
1998,35,22,2
1998,36,22,1
1998,37,22,11
1998,40,22,2
1998,41,22,1
1998,43,22,1
1998,2,23,45
1998,8,23,48
1998,9,23,8
1998,10,23,3
1998,12,23,7
1998,15,23,8
1998,23,23,67
1998,25,23,10
1998,26,23,2
1998,27,23,4
1998,29,23,44
1998,31,23,3
1998,32,23,20
1998,33,23,2
1998,34,23,3
1998,35,23,3
1998,36,23,8
1998,37,23,28
1998,38,23,2
1998,39,23,1
1998,40,23,14
1998,41,23,5
1998,43,23,2
1998,44,23,1
1998,25,24,2
1998,28,24,1
1998,32,24,3
1998,37,24,1
1998,41,24,1
1998,1,25,1
1998,2,25,65
1998,9,25,1
1998,10,25,17
1998,15,25,13
1998,18,25,11
1998,23,25,7
1998,25,25,123
1998,26,25,1
1998,27,25,62
1998,28,25,2
1998,29,25,58
1998,31,25,20
1998,32,25,3
1998,33,25,1
1998,34,25,1
1998,35,25,33
1998,36,25,71
1998,37,25,172
1998,38,25,11
1998,39,25,1
1998,40,25,39
1998,41,25,8
1998,43,25,22
1998,44,25,5
1998,46,25,1
1998,10,26,4
1998,25,26,12
1998,29,26,3
1998,2,27,301
1998,8,27,182
1998,9,27,8
1998,10,27,32
1998,12,27,108
1998,13,27,521
1998,15,27,165
1998,18,27,18
1998,23,27,51
1998,25,27,21
1998,26,27,1
1998,27,27,4523
1998,28,27,7
1998,29,27,454
1998,30,27,174
1998,31,27,8
1998,32,27,80
1998,33,27,13
1998,34,27,14
1998,35,27,13
1998,36,27,67
1998,37,27,192
1998,38,27,9
1998,39,27,51
1998,40,27,352
1998,41,27,48
1998,43,27,24
1998,46,27,4
1998,1,28,1
1998,9,28,1
1998,10,28,6
1998,12,28,5
1998,13,28,1
1998,15,28,2
1998,23,28,4
1998,25,28,19
1998,27,28,2
1998,28,28,6
1998,29,28,8
1998,31,28,2
1998,32,28,12
1998,33,28,5
1998,34,28,7
1998,35,28,25
1998,36,28,23
1998,37,28,21
1998,38,28,7
1998,39,28,2
1998,40,28,14
1998,41,28,2
1998,43,28,2
1998,46,28,1
1998,1,29,9
1998,2,29,4
1998,8,29,1
1998,9,29,6
1998,10,29,33
1998,12,29,10
1998,13,29,13
1998,15,29,4
1998,18,29,1
1998,23,29,10
1998,25,29,37
1998,27,29,20
1998,28,29,6
1998,29,29,22
1998,31,29,11
1998,32,29,143
1998,33,29,17
1998,34,29,24
1998,35,29,386
1998,36,29,80
1998,37,29,93
1998,38,29,13
1998,39,29,22
1998,40,29,123
1998,41,29,5
1998,43,29,12
1998,44,29,1
1998,46,29,4
1998,1,30,14
1998,2,30,1
1998,8,30,2
1998,9,30,3
1998,10,30,10
1998,12,30,3
1998,13,30,2
1998,15,30,2
1998,18,30,1
1998,23,30,8
1998,25,30,87
1998,26,30,1
1998,27,30,22
1998,28,30,3
1998,29,30,12
1998,31,30,64
1998,32,30,20
1998,33,30,1
1998,34,30,6
1998,35,30,45
1998,36,30,43
1998,37,30,73
1998,38,30,13
1998,39,30,15
1998,40,30,177
1998,41,30,5
1998,43,30,5
1998,44,30,1
1998,46,30,3
1998,1,31,88
1998,2,31,4
1998,8,31,3
1998,9,31,3
1998,10,31,8
1998,13,31,1
1998,23,31,13
1998,25,31,130
1998,27,31,12
1998,28,31,3
1998,29,31,2
1998,31,31,14
1998,32,31,4
1998,33,31,5
1998,34,31,14
1998,35,31,34
1998,36,31,37
1998,37,31,45
1998,38,31,14
1998,39,31,5
1998,40,31,133
1998,41,31,11
1998,43,31,13
1998,44,31,6
1998,46,31,3
1998,2,32,1
1998,12,32,26
1998,23,32,12
1998,25,32,79
1998,28,32,45
1998,29,32,5
1998,32,32,127
1998,35,32,67
1998,36,32,32
1998,37,32,86
1998,38,32,17
1998,40,32,5
1998,1,33,1
1998,2,33,1
1998,25,33,1
1998,28,33,11
1998,31,33,1
1998,32,33,2
1998,33,33,27
1998,34,33,1
1998,35,33,20
1998,36,33,1
1998,37,33,1
1998,39,33,2
1998,40,33,2
1998,2,34,7
1998,10,34,3
1998,12,34,1
1998,13,34,1
1998,18,34,1
1998,23,34,1
1998,25,34,6
1998,27,34,2
1998,28,34,62
1998,29,34,4
1998,31,34,24
1998,32,34,20
1998,33,34,11
1998,34,34,145
1998,35,34,182
1998,36,34,12
1998,37,34,25
1998,38,34,2
1998,39,34,18
1998,40,34,29
1998,41,34,4
1998,43,34,6
1998,44,34,1
1998,46,34,13
1998,2,35,15
1998,8,35,1
1998,9,35,1
1998,10,35,29
1998,12,35,3
1998,13,35,2
1998,15,35,1
1998,23,35,4
1998,25,35,7
1998,27,35,70
1998,28,35,20
1998,29,35,8
1998,31,35,15
1998,32,35,24
1998,33,35,28
1998,34,35,67
1998,35,35,937
1998,36,35,14
1998,37,35,122
1998,38,35,2
1998,39,35,9
1998,40,35,40
1998,41,35,7
1998,43,35,6
1998,44,35,6
1998,45,35,1
1998,46,35,8
1998,10,36,5
1998,12,36,7
1998,13,36,1
1998,15,36,1
1998,18,36,6
1998,23,36,3
1998,25,36,6
1998,27,36,24
1998,28,36,2
1998,29,36,75
1998,31,36,6
1998,32,36,15
1998,33,36,6
1998,34,36,25
1998,35,36,17
1998,36,36,10
1998,37,36,15
1998,38,36,1
1998,39,36,5
1998,40,36,23
1998,41,36,4
1998,43,36,6
1998,44,36,3
1998,46,36,5
1998,8,37,1
1998,9,37,4
1998,10,37,99
1998,12,37,2
1998,23,37,8
1998,25,37,23
1998,27,37,66
1998,28,37,4
1998,29,37,8
1998,31,37,28
1998,32,37,29
1998,33,37,7
1998,34,37,129
1998,35,37,74
1998,36,37,502
1998,37,37,232
1998,38,37,1
1998,39,37,355
1998,40,37,187
1998,41,37,5
1998,43,37,18
1998,44,37,8
1998,45,37,1
1998,46,37,18
1998,9,38,1
1998,10,38,20
1998,23,38,2
1998,25,38,4
1998,27,38,17
1998,28,38,1
1998,29,38,5
1998,31,38,5
1998,32,38,7
1998,33,38,2
1998,34,38,19
1998,35,38,16
1998,36,38,101
1998,37,38,50
1998,38,38,5
1998,39,38,127
1998,40,38,54
1998,41,38,1
1998,43,38,3
1998,44,38,1
1998,46,38,2
1998,9,39,1
1998,10,39,6
1998,23,39,1
1998,25,39,4
1998,28,39,3
1998,29,39,2
1998,31,39,2
1998,32,39,1
1998,33,39,1
1998,34,39,2
1998,35,39,5
1998,36,39,74
1998,37,39,10
1998,38,39,1
1998,39,39,116
1998,40,39,9
1998,41,39,1
1998,43,39,1
1998,46,39,1
1998,2,40,1
1998,8,40,4
1998,9,40,10
1998,10,40,74
1998,12,40,5
1998,13,40,1
1998,15,40,2
1998,18,40,5
1998,23,40,25
1998,25,40,61
1998,26,40,1
1998,27,40,653
1998,28,40,11
1998,29,40,51
1998,31,40,40
1998,32,40,23
1998,33,40,5
1998,34,40,67
1998,35,40,84
1998,36,40,175
1998,37,40,122
1998,38,40,18
1998,39,40,111
1998,40,40,248
1998,41,40,86
1998,43,40,21
1998,44,40,16
1998,45,40,2
1998,46,40,27
1998,2,41,15
1998,8,41,2
1998,9,41,3
1998,10,41,26
1998,12,41,2
1998,15,41,3
1998,23,41,18
1998,25,41,57
1998,27,41,573
1998,28,41,11
1998,29,41,10
1998,31,41,10
1998,32,41,9
1998,34,41,10
1998,36,41,132
1998,37,41,6
1998,38,41,14
1998,39,41,27
1998,40,41,109
1998,41,41,98
1998,43,41,7
1998,44,41,12
1998,46,41,3
1998,9,42,14
1998,10,42,23
1998,15,42,5
1998,23,42,31
1998,25,42,41
1998,27,42,71
1998,28,42,2
1998,29,42,8
1998,30,42,5
1998,31,42,3
1998,32,42,2
1998,36,42,17
1998,37,42,4
1998,38,42,3
1998,40,42,62
1998,41,42,22
1998,44,42,2
1998,45,42,3
1998,46,42,1
1998,2,43,6
1998,9,43,5
1998,10,43,14
1998,12,43,13
1998,13,43,1
1998,15,43,1
1998,23,43,35
1998,25,43,17
1998,27,43,14
1998,28,43,4
1998,29,43,48
1998,30,43,1
1998,32,43,4
1998,36,43,5
1998,38,43,1
1998,39,43,2
1998,40,43,59
1998,41,43,54
1998,43,43,1018
1998,46,43,4
1998,10,44,12
1998,12,44,1
1998,23,44,1
1998,25,44,5
1998,27,44,6
1998,28,44,2
1998,31,44,4
1998,32,44,3
1998,36,44,6
1998,38,44,1
1998,40,44,9
1998,44,44,6
1998,2,45,1
1998,9,45,1
1998,10,45,5
1998,13,45,1
1998,23,45,2
1998,25,45,17
1998,27,45,5
1998,28,45,5
1998,29,45,3
1998,31,45,1
1998,32,45,3
1998,34,45,2
1998,35,45,3
1998,36,45,9
1998,37,45,1
1998,38,45,2
1998,40,45,46
1998,41,45,3
1998,43,45,2
1998,44,45,16
1998,45,45,8
1998,46,45,2
1998,10,46,11
1998,12,46,1
1998,13,46,1
1998,23,46,3
1998,25,46,14
1998,27,46,3
1998,28,46,3
1998,29,46,6
1998,31,46,1
1998,32,46,2
1998,34,46,3
1998,35,46,8
1998,36,46,7
1998,37,46,9
1998,38,46,1
1998,39,46,3
1998,40,46,42
1998,41,46,25
1998,43,46,18
1998,44,46,2
1998,45,46,1
1998,46,46,237
2005,1,1,1424
2005,2,1,1
2005,3,1,25
2005,4,1,525
2005,6,1,1
2005,9,1,1
2005,10,1,2
2005,11,1,13
2005,12,1,48
2005,13,1,3
2005,14,1,2
2005,16,1,47
2005,17,1,6
2005,25,1,93
2005,26,1,5
2005,27,1,77
2005,28,1,29
2005,29,1,362
2005,31,1,43
2005,32,1,18
2005,33,1,5
2005,34,1,2
2005,35,1,6
2005,36,1,32
2005,37,1,176
2005,38,1,115
2005,40,1,13
2005,41,1,12
2005,42,1,3
2005,43,1,2
2005,44,1,28
2005,45,1,43
2005,47,1,93
2005,48,1,4
2005,49,1,13
2005,50,1,8
2005,51,1,7
2005,53,1,45
2005,2,2,49
2005,3,2,2
2005,9,2,1
2005,12,2,1
2005,13,2,1
2005,14,2,1
2005,16,2,5
2005,17,2,1
2005,25,2,24
2005,27,2,16
2005,28,2,7
2005,29,2,15
2005,31,2,2
2005,32,2,29
2005,34,2,2
2005,36,2,1
2005,37,2,34
2005,38,2,12
2005,39,2,3
2005,40,2,1
2005,41,2,2
2005,42,2,15
2005,44,2,48
2005,45,2,1
2005,48,2,1
2005,51,2,5
2005,53,2,2
2005,2,3,6
2005,3,3,117
2005,12,3,1
2005,13,3,1
2005,14,3,26
2005,16,3,2
2005,25,3,21
2005,27,3,20
2005,28,3,6
2005,29,3,32
2005,31,3,12
2005,32,3,178
2005,33,3,2
2005,34,3,24
2005,35,3,1
2005,36,3,6
2005,37,3,26
2005,38,3,15
2005,39,3,2
2005,41,3,58
2005,42,3,9
2005,44,3,2
2005,45,3,1
2005,48,3,1
2005,50,3,1
2005,51,3,5
2005,53,3,12
2005,1,4,3993
2005,2,4,1
2005,4,4,917
2005,9,4,10
2005,10,4,91
2005,11,4,1
2005,12,4,1
2005,13,4,57
2005,14,4,24
2005,15,4,5
2005,16,4,45
2005,17,4,2
2005,24,4,9
2005,25,4,174
2005,26,4,10
2005,27,4,17
2005,28,4,13
2005,29,4,482
2005,31,4,133
2005,32,4,352
2005,33,4,4
2005,34,4,67
2005,35,4,5
2005,36,4,69
2005,37,4,383
2005,38,4,55
2005,39,4,37
2005,40,4,5
2005,41,4,19
2005,42,4,32
2005,43,4,7
2005,44,4,671
2005,45,4,9
2005,46,4,1
2005,47,4,8
2005,48,4,36
2005,49,4,1
2005,50,4,12
2005,51,4,18
2005,53,4,25
2005,1,5,2
2005,5,5,2
2005,9,5,1
2005,10,5,2
2005,25,5,1
2005,29,5,2
2005,31,5,4
2005,32,5,2
2005,34,5,2
2005,35,5,1
2005,36,5,3
2005,37,5,3
2005,38,5,5
2005,40,5,1
2005,42,5,4
2005,44,5,3
2005,48,5,1
2005,1,6,1
2005,6,6,10
2005,10,6,1
2005,12,6,3
2005,16,6,1
2005,25,6,5
2005,26,6,1
2005,29,6,13
2005,31,6,4
2005,32,6,7
2005,34,6,1
2005,36,6,3
2005,37,6,7
2005,38,6,5
2005,39,6,1
2005,42,6,3
2005,43,6,1
2005,44,6,6
2005,45,6,1
2005,48,6,2
2005,50,6,1
2005,51,6,1
2005,53,6,1
2005,6,7,3
2005,7,7,2
2005,16,7,1
2005,25,7,1
2005,29,7,5
2005,31,7,2
2005,32,7,2
2005,36,7,1
2005,37,7,3
2005,38,7,4
2005,41,7,1
2005,44,7,16
2005,45,7,1
2005,48,7,2
2005,29,8,1
2005,31,8,1
2005,32,8,1
2005,37,8,1
2005,38,8,1
2005,42,8,1
2005,44,8,1
2005,48,8,1
2005,1,9,107
2005,9,9,127
2005,10,9,2
2005,11,9,1
2005,12,9,5
2005,13,9,2
2005,15,9,1
2005,16,9,19
2005,17,9,1
2005,24,9,4
2005,25,9,29
2005,26,9,3
2005,27,9,13
2005,28,9,1
2005,29,9,45
2005,31,9,10
2005,32,9,41
2005,36,9,8
2005,37,9,6
2005,38,9,12
2005,39,9,1
2005,40,9,1
2005,41,9,4
2005,42,9,6
2005,43,9,2
2005,44,9,40
2005,45,9,2
2005,48,9,8
2005,51,9,3
2005,53,9,2
2005,6,10,1
2005,9,10,1
2005,10,10,64
2005,11,10,8
2005,12,10,3
2005,13,10,4
2005,16,10,2
2005,17,10,1
2005,24,10,5
2005,25,10,8
2005,26,10,1
2005,27,10,1
2005,28,10,1
2005,29,10,12
2005,31,10,9
2005,32,10,17
2005,34,10,3
2005,36,10,4
2005,37,10,8
2005,38,10,12
2005,39,10,1
2005,40,10,1
2005,41,10,1
2005,42,10,6
2005,43,10,1
2005,44,10,26
2005,45,10,1
2005,48,10,1
2005,50,10,1
2005,51,10,4
2005,1,11,1
2005,6,11,1
2005,9,11,1
2005,10,11,57
2005,11,11,401
2005,12,11,9
2005,13,11,1
2005,14,11,4
2005,15,11,1
2005,16,11,2
2005,17,11,1
2005,18,11,1
2005,25,11,8
2005,26,11,16
2005,27,11,8
2005,28,11,1
2005,29,11,24
2005,31,11,44
2005,32,11,34
2005,33,11,1
2005,34,11,63
2005,35,11,2
2005,36,11,16
2005,37,11,138
2005,38,11,57
2005,39,11,9
2005,40,11,4
2005,41,11,6
2005,42,11,37
2005,43,11,17
2005,44,11,107
2005,45,11,1
2005,47,11,3
2005,48,11,1
2005,49,11,1
2005,50,11,3
2005,51,11,2
2005,53,11,1
2005,1,12,9
2005,2,12,4
2005,3,12,17
2005,4,12,39
2005,9,12,1
2005,10,12,32
2005,11,12,16
2005,12,12,382
2005,13,12,22
2005,14,12,7
2005,15,12,1
2005,16,12,18
2005,17,12,6
2005,21,12,1
2005,25,12,134
2005,26,12,30
2005,27,12,11
2005,28,12,5
2005,29,12,267
2005,31,12,90
2005,32,12,10
2005,33,12,1
2005,34,12,103
2005,35,12,3
2005,36,12,26
2005,37,12,315
2005,38,12,133
2005,39,12,28
2005,40,12,2
2005,41,12,10
2005,42,12,544
2005,43,12,18
2005,44,12,83
2005,45,12,6
2005,46,12,4
2005,47,12,46
2005,48,12,12
2005,49,12,1
2005,50,12,11
2005,51,12,4
2005,53,12,3
2005,4,13,1
2005,9,13,10
2005,10,13,2
2005,12,13,10
2005,13,13,93
2005,14,13,14
2005,15,13,4
2005,16,13,35
2005,17,13,2
2005,25,13,36
2005,26,13,1
2005,27,13,2
2005,28,13,3
2005,29,13,56
2005,31,13,23
2005,32,13,41
2005,33,13,1
2005,34,13,7
2005,35,13,2
2005,36,13,23
2005,37,13,2
2005,38,13,32
2005,40,13,3
2005,41,13,5
2005,42,13,15
2005,43,13,4
2005,44,13,91
2005,45,13,2
2005,47,13,2
2005,48,13,4
2005,49,13,1
2005,50,13,1
2005,51,13,5
2005,53,13,8
2005,2,14,5
2005,3,14,78
2005,9,14,3
2005,10,14,8
2005,11,14,1
2005,12,14,4
2005,13,14,4
2005,14,14,238
2005,15,14,7
2005,16,14,20
2005,17,14,2
2005,25,14,83
2005,26,14,1
2005,28,14,4
2005,29,14,114
2005,31,14,19
2005,32,14,66
2005,33,14,1
2005,34,14,26
2005,35,14,2
2005,36,14,32
2005,37,14,79
2005,38,14,25
2005,39,14,7
2005,40,14,1
2005,41,14,19
2005,42,14,11
2005,43,14,2
2005,44,14,102
2005,45,14,3
2005,47,14,1
2005,48,14,3
2005,50,14,3
2005,51,14,7
2005,53,14,10
2005,2,15,68
2005,3,15,7
2005,12,15,2
2005,15,15,1
2005,16,15,8
2005,17,15,1
2005,24,15,28
2005,25,15,27
2005,26,15,5
2005,27,15,1
2005,28,15,4
2005,29,15,28
2005,31,15,3
2005,32,15,3
2005,34,15,6
2005,36,15,2
2005,37,15,17
2005,38,15,5
2005,39,15,2
2005,41,15,1
2005,43,15,1
2005,44,15,9
2005,45,15,2
2005,48,15,11
2005,53,15,14
2005,9,16,1
2005,10,16,2
2005,12,16,1
2005,13,16,4
2005,14,16,10
2005,15,16,76
2005,16,16,91
2005,17,16,4
2005,24,16,12
2005,25,16,15
2005,26,16,1
2005,27,16,5
2005,28,16,2
2005,29,16,67
2005,31,16,15
2005,32,16,29
2005,34,16,7
2005,35,16,1
2005,36,16,12
2005,37,16,62
2005,38,16,19
2005,39,16,6
2005,40,16,1
2005,41,16,16
2005,42,16,10
2005,43,16,3
2005,44,16,43
2005,45,16,4
2005,47,16,2
2005,48,16,27
2005,50,16,1
2005,51,16,6
2005,10,17,1
2005,11,17,1
2005,13,17,8
2005,14,17,4
2005,15,17,4
2005,16,17,103
2005,17,17,3
2005,20,17,1
2005,25,17,15
2005,26,17,6
2005,27,17,2
2005,28,17,1
2005,29,17,72
2005,31,17,18
2005,32,17,24
2005,34,17,5
2005,36,17,14
2005,37,17,58
2005,38,17,27
2005,39,17,5
2005,41,17,3
2005,42,17,8
2005,43,17,2
2005,44,17,9
2005,45,17,2
2005,47,17,2
2005,50,17,1
2005,51,17,3
2005,1,18,3
2005,10,18,2
2005,11,18,11
2005,12,18,5
2005,13,18,1
2005,14,18,1
2005,15,18,2
2005,16,18,26
2005,17,18,2
2005,18,18,225
2005,19,18,44
2005,20,18,145
2005,25,18,6
2005,27,18,2
2005,28,18,2
2005,29,18,120
2005,31,18,63
2005,32,18,89
2005,33,18,1
2005,34,18,24
2005,35,18,2
2005,36,18,5
2005,37,18,64
2005,38,18,10
2005,39,18,5
2005,42,18,41
2005,43,18,17
2005,44,18,126
2005,45,18,3
2005,46,18,1
2005,47,18,7
2005,50,18,9
2005,51,18,1
2005,53,18,1
2005,1,19,1
2005,12,19,1
2005,13,19,4
2005,14,19,1
2005,15,19,1
2005,16,19,6
2005,18,19,2
2005,19,19,59
2005,20,19,20
2005,25,19,12
2005,27,19,16
2005,28,19,7
2005,29,19,31
2005,31,19,13
2005,32,19,18
2005,34,19,17
2005,35,19,3
2005,36,19,10
2005,37,19,15
2005,38,19,15
2005,39,19,1
2005,40,19,1
2005,41,19,2
2005,42,19,87
2005,43,19,12
2005,44,19,28
2005,45,19,2
2005,47,19,2
2005,50,19,1
2005,51,19,2
2005,53,19,1
2005,9,20,2
2005,10,20,4
2005,11,20,5
2005,12,20,14
2005,13,20,5
2005,14,20,4
2005,15,20,1
2005,16,20,25
2005,17,20,6
2005,18,20,6
2005,19,20,25
2005,20,20,248
2005,21,20,5
2005,25,20,55
2005,26,20,1
2005,27,20,15
2005,28,20,6
2005,29,20,67
2005,31,20,5
2005,32,20,4
2005,34,20,34
2005,35,20,26
2005,36,20,1
2005,37,20,14
2005,38,20,16
2005,39,20,1
2005,41,20,5
2005,42,20,27
2005,43,20,24
2005,44,20,14
2005,45,20,2
2005,46,20,2
2005,47,20,8
2005,50,20,4
2005,51,20,1
2005,53,20,1
2005,4,21,1
2005,9,21,1
2005,10,21,5
2005,11,21,3
2005,12,21,15
2005,13,21,48
2005,14,21,1
2005,15,21,5
2005,16,21,24
2005,17,21,3
2005,18,21,1
2005,19,21,18
2005,20,21,13
2005,21,21,130
2005,25,21,25
2005,26,21,6
2005,27,21,2
2005,28,21,1
2005,29,21,68
2005,31,21,40
2005,32,21,13
2005,34,21,14
2005,35,21,5
2005,36,21,19
2005,37,21,14
2005,38,21,42
2005,39,21,1
2005,40,21,2
2005,41,21,1
2005,42,21,31
2005,43,21,48
2005,44,21,62
2005,45,21,3
2005,47,21,5
2005,48,21,1
2005,49,21,1
2005,50,21,6
2005,51,21,2
2005,53,21,1
2005,13,22,5
2005,15,22,8
2005,16,22,11
2005,17,22,1
2005,19,22,5
2005,20,22,28
2005,22,22,1
2005,25,22,4
2005,26,22,9
2005,28,22,11
2005,29,22,32
2005,31,22,8
2005,32,22,6
2005,34,22,6
2005,36,22,5
2005,37,22,13
2005,38,22,10
2005,39,22,1
2005,40,22,1
2005,42,22,4
2005,43,22,2
2005,44,22,17
2005,45,22,1
2005,48,22,1
2005,51,22,1
2005,13,23,1
2005,15,23,3
2005,19,23,3
2005,23,23,1
2005,25,23,5
2005,27,23,4
2005,28,23,1
2005,29,23,6
2005,31,23,3
2005,32,23,1
2005,34,23,2
2005,35,23,1
2005,37,23,5
2005,38,23,6
2005,44,23,3
2005,45,23,1
2005,50,23,1
2005,51,23,1
2005,15,24,6
2005,24,24,5
2005,25,24,1
2005,29,24,4
2005,32,24,7
2005,37,24,2
2005,38,24,3
2005,42,24,2
2005,44,24,2
2005,51,24,1
2005,2,25,50
2005,4,25,3
2005,10,25,1
2005,11,25,12
2005,12,25,1
2005,16,25,19
2005,17,25,2
2005,18,25,1
2005,19,25,4
2005,20,25,1
2005,21,25,1
2005,25,25,952
2005,27,25,25
2005,29,25,131
2005,31,25,4
2005,36,25,8
2005,37,25,135
2005,38,25,1
2005,39,25,13
2005,40,25,1
2005,41,25,10
2005,42,25,16
2005,44,25,41
2005,45,25,2
2005,47,25,3
2005,48,25,19
2005,50,25,1
2005,51,25,1
2005,53,25,168
2005,11,26,4
2005,12,26,1
2005,13,26,1
2005,16,26,1
2005,17,26,1
2005,25,26,19
2005,26,26,4
2005,27,26,18
2005,28,26,2
2005,29,26,6
2005,31,26,3
2005,32,26,1
2005,35,26,1
2005,36,26,4
2005,37,26,6
2005,38,26,6
2005,40,26,4
2005,41,26,4
2005,42,26,8
2005,43,26,1
2005,44,26,49
2005,46,26,1
2005,48,26,10
2005,49,26,1
2005,53,26,1
2005,1,27,63
2005,3,27,372
2005,4,27,5
2005,6,27,9
2005,7,27,1
2005,8,27,1
2005,9,27,447
2005,10,27,18
2005,11,27,170
2005,12,27,36
2005,13,27,298
2005,14,27,1395
2005,15,27,37
2005,16,27,774
2005,17,27,33
2005,18,27,5
2005,19,27,127
2005,20,27,17
2005,21,27,10
2005,22,27,1
2005,23,27,1
2005,24,27,19
2005,25,27,131
2005,26,27,22
2005,27,27,10062
2005,28,27,66
2005,29,27,1153
2005,31,27,114
2005,32,27,89
2005,33,27,3
2005,34,27,12
2005,35,27,17
2005,36,27,62
2005,37,27,327
2005,38,27,51
2005,39,27,25
2005,40,27,648
2005,41,27,580
2005,42,27,152
2005,43,27,15
2005,44,27,1179
2005,45,27,239
2005,46,27,3
2005,47,27,18
2005,48,27,192
2005,49,27,1
2005,50,27,7
2005,51,27,2
2005,53,27,149
2005,4,28,1
2005,8,28,1
2005,11,28,6
2005,13,28,7
2005,14,28,2
2005,16,28,4
2005,17,28,1
2005,22,28,2
2005,25,28,20
2005,26,28,1
2005,27,28,2
2005,28,28,42
2005,29,28,14
2005,31,28,8
2005,32,28,34
2005,33,28,4
2005,34,28,5
2005,35,28,32
2005,36,28,39
2005,37,28,49
2005,38,28,52
2005,39,28,1
2005,40,28,44
2005,41,28,16
2005,42,28,29
2005,44,28,117
2005,45,28,8
2005,47,28,1
2005,48,28,10
2005,50,28,1
2005,51,28,1
2005,53,28,7
2005,1,29,2
2005,3,29,1
2005,4,29,4
2005,10,29,3
2005,11,29,7
2005,12,29,1
2005,13,29,10
2005,14,29,11
2005,16,29,2
2005,20,29,1
2005,25,29,42
2005,26,29,3
2005,27,29,8
2005,28,29,16
2005,29,29,14
2005,31,29,15
2005,32,29,135
2005,33,29,12
2005,34,29,9
2005,35,29,300
2005,36,29,114
2005,37,29,78
2005,38,29,129
2005,39,29,5
2005,40,29,126
2005,41,29,17
2005,42,29,74
2005,43,29,12
2005,44,29,39
2005,45,29,11
2005,46,29,1
2005,47,29,4
2005,48,29,26
2005,50,29,5
2005,51,29,1
2005,53,29,26
2005,1,30,9
2005,4,30,38
2005,6,30,2
2005,9,30,2
2005,10,30,4
2005,11,30,15
2005,12,30,2
2005,13,30,7
2005,14,30,4
2005,15,30,1
2005,16,30,4
2005,17,30,1
2005,19,30,1
2005,25,30,127
2005,26,30,4
2005,27,30,24
2005,28,30,13
2005,29,30,54
2005,31,30,272
2005,32,30,84
2005,33,30,1
2005,34,30,6
2005,35,30,74
2005,36,30,104
2005,37,30,153
2005,38,30,128
2005,39,30,12
2005,40,30,411
2005,41,30,38
2005,42,30,85
2005,43,30,3
2005,44,30,335
2005,45,30,37
2005,46,30,2
2005,47,30,4
2005,48,30,44
2005,50,30,6
2005,51,30,1
2005,53,30,13
2005,1,31,236
2005,3,31,2
2005,4,31,1290
2005,5,31,2
2005,6,31,2
2005,8,31,1
2005,9,31,7
2005,10,31,7
2005,11,31,32
2005,12,31,3
2005,13,31,3
2005,14,31,4
2005,16,31,2
2005,25,31,158
2005,26,31,6
2005,27,31,29
2005,28,31,18
2005,29,31,725
2005,31,31,103
2005,32,31,64
2005,33,31,14
2005,34,31,32
2005,35,31,137
2005,36,31,198
2005,37,31,142
2005,38,31,125
2005,39,31,8
2005,40,31,176
2005,41,31,48
2005,42,31,78
2005,43,31,2
2005,44,31,577
2005,45,31,24
2005,46,31,18
2005,47,31,28
2005,48,31,55
2005,49,31,9
2005,50,31,62
2005,51,31,71
2005,53,31,25
2005,4,32,1
2005,10,32,1
2005,11,32,5
2005,13,32,10
2005,14,32,2
2005,15,32,1
2005,16,32,5
2005,19,32,2
2005,20,32,1
2005,22,32,1
2005,25,32,13
2005,27,32,3
2005,28,32,32
2005,29,32,45
2005,30,32,5
2005,31,32,20
2005,32,32,95
2005,33,32,1
2005,34,32,3
2005,35,32,215
2005,36,32,17
2005,37,32,56
2005,38,32,25
2005,39,32,2
2005,40,32,20
2005,41,32,115
2005,42,32,88
2005,43,32,4
2005,44,32,121
2005,45,32,65
2005,46,32,2
2005,47,32,2
2005,48,32,4
2005,49,32,1
2005,50,32,5
2005,51,32,3
2005,53,32,67
2005,1,33,2
2005,4,33,1
2005,25,33,1
2005,28,33,2
2005,29,33,3
2005,31,33,5
2005,32,33,7
2005,33,33,54
2005,34,33,1
2005,35,33,54
2005,36,33,5
2005,37,33,6
2005,38,33,4
2005,39,33,2
2005,40,33,5
2005,41,33,1
2005,42,33,12
2005,43,33,1
2005,44,33,10
2005,45,33,1
2005,48,33,1
2005,51,33,1
2005,53,33,4
2005,4,34,4
2005,11,34,3
2005,13,34,1
2005,14,34,1
2005,23,34,2
2005,25,34,7
2005,27,34,2
2005,28,34,8
2005,29,34,78
2005,31,34,102
2005,32,34,3
2005,33,34,15
2005,34,34,217
2005,35,34,210
2005,36,34,27
2005,37,34,61
2005,38,34,68
2005,39,34,11
2005,40,34,31
2005,41,34,23
2005,42,34,97
2005,43,34,3
2005,44,34,23
2005,45,34,1
2005,46,34,1
2005,47,34,3
2005,48,34,5
2005,49,34,1
2005,50,34,7
2005,51,34,12
2005,53,34,87
2005,3,35,3
2005,4,35,6
2005,9,35,1
2005,10,35,1
2005,11,35,16
2005,13,35,3
2005,14,35,1
2005,16,35,1
2005,20,35,1
2005,25,35,21
2005,26,35,1
2005,27,35,41
2005,28,35,13
2005,29,35,19
2005,31,35,67
2005,32,35,117
2005,33,35,25
2005,34,35,82
2005,35,35,423
2005,36,35,51
2005,37,35,152
2005,38,35,43
2005,39,35,2
2005,40,35,54
2005,41,35,47
2005,42,35,166
2005,43,35,5
2005,44,35,220
2005,45,35,3
2005,46,35,14
2005,47,35,2
2005,48,35,8
2005,49,35,3
2005,50,35,31
2005,51,35,6
2005,53,35,14
2005,4,36,6
2005,9,36,2
2005,10,36,1
2005,11,36,14
2005,13,36,25
2005,14,36,7
2005,15,36,1
2005,16,36,3
2005,17,36,1
2005,19,36,13
2005,20,36,117
2005,21,36,3
2005,24,36,1
2005,25,36,27
2005,26,36,1
2005,27,36,56
2005,28,36,6
2005,29,36,287
2005,31,36,73
2005,32,36,51
2005,33,36,20
2005,34,36,56
2005,35,36,57
2005,36,36,1586
2005,37,36,123
2005,38,36,17
2005,39,36,9
2005,40,36,55
2005,41,36,16
2005,42,36,36
2005,43,36,5
2005,44,36,265
2005,45,36,10
2005,46,36,3
2005,47,36,4
2005,48,36,11
2005,49,36,5
2005,50,36,23
2005,51,36,11
2005,53,36,6
2005,4,37,3
2005,10,37,1
2005,11,37,28
2005,13,37,1
2005,25,37,1
2005,27,37,24
2005,28,37,5
2005,29,37,8
2005,31,37,15
2005,32,37,16
2005,33,37,1
2005,34,37,33
2005,35,37,36
2005,36,37,149
2005,37,37,754
2005,38,37,87
2005,39,37,851
2005,40,37,62
2005,41,37,3
2005,42,37,146
2005,43,37,3
2005,44,37,128
2005,45,37,7
2005,46,37,1
2005,47,37,4
2005,48,37,1
2005,49,37,3
2005,50,37,9
2005,51,37,7
2005,53,37,1
2005,4,38,1
2005,10,38,1
2005,11,38,13
2005,25,38,2
2005,27,38,20
2005,28,38,11
2005,29,38,6
2005,31,38,8
2005,32,38,11
2005,33,38,1
2005,34,38,11
2005,35,38,19
2005,36,38,43
2005,37,38,333
2005,38,38,30
2005,39,38,1203
2005,40,38,53
2005,41,38,4
2005,42,38,65
2005,43,38,1
2005,44,38,188
2005,45,38,4
2005,46,38,1
2005,47,38,9
2005,48,38,1
2005,49,38,1
2005,50,38,6
2005,51,38,2
2005,53,38,3
2005,4,39,3
2005,10,39,2
2005,11,39,15
2005,13,39,1
2005,16,39,1
2005,25,39,8
2005,28,39,2
2005,29,39,8
2005,31,39,11
2005,32,39,6
2005,33,39,2
2005,34,39,4
2005,35,39,22
2005,36,39,153
2005,37,39,289
2005,38,39,66
2005,39,39,832
2005,40,39,4
2005,41,39,5
2005,42,39,62
2005,43,39,1
2005,45,39,3
2005,46,39,1
2005,47,39,2
2005,48,39,6
2005,50,39,3
2005,51,39,2
2005,53,39,2
2005,1,40,4
2005,3,40,6
2005,6,40,2
2005,9,40,30
2005,10,40,3
2005,11,40,16
2005,12,40,1
2005,13,40,8
2005,14,40,59
2005,16,40,9
2005,17,40,1
2005,18,40,1
2005,19,40,1
2005,20,40,1
2005,25,40,19
2005,26,40,1
2005,27,40,465
2005,28,40,16
2005,29,40,52
2005,30,40,1
2005,31,40,23
2005,32,40,10
2005,34,40,8
2005,35,40,37
2005,36,40,89
2005,37,40,1490
2005,38,40,236
2005,39,40,8
2005,40,40,65
2005,41,40,11
2005,42,40,82
2005,43,40,3
2005,44,40,618
2005,45,40,91
2005,46,40,28
2005,47,40,1
2005,48,40,21
2005,49,40,1
2005,50,40,9
2005,51,40,3
2005,53,40,4
2005,9,41,1
2005,10,41,1
2005,11,41,4
2005,13,41,1
2005,16,41,1
2005,17,41,4
2005,19,41,1
2005,20,41,1
2005,22,41,1
2005,25,41,24
2005,26,41,1
2005,27,41,5
2005,28,41,69
2005,29,41,20
2005,30,41,2
2005,31,41,10
2005,32,41,66
2005,33,41,3
2005,34,41,15
2005,35,41,44
2005,36,41,57
2005,37,41,132
2005,38,41,72
2005,39,41,9
2005,40,41,19
2005,41,41,42
2005,42,41,45
2005,43,41,1
2005,44,41,223
2005,45,41,2
2005,47,41,1
2005,48,41,13
2005,49,41,1
2005,50,41,6
2005,51,41,22
2005,53,41,9
2005,4,42,8
2005,9,42,1
2005,10,42,1
2005,11,42,21
2005,13,42,9
2005,14,42,1
2005,15,42,1
2005,16,42,3
2005,17,42,1
2005,18,42,2
2005,19,42,8
2005,20,42,16
2005,21,42,3
2005,22,42,1
2005,25,42,53
2005,26,42,2
2005,27,42,1
2005,28,42,32
2005,29,42,17
2005,31,42,111
2005,32,42,53
2005,34,42,10
2005,35,42,7
2005,36,42,401
2005,37,42,370
2005,38,42,241
2005,39,42,60
2005,40,42,46
2005,41,42,102
2005,42,42,1722
2005,44,42,1486
2005,45,42,7
2005,46,42,33
2005,47,42,6
2005,48,42,27
2005,49,42,2
2005,50,42,60
2005,51,42,6
2005,53,42,12
2005,1,43,3
2005,4,43,2
2005,10,43,1
2005,11,43,4
2005,12,43,1
2005,13,43,1
2005,20,43,1
2005,24,43,4
2005,25,43,11
2005,26,43,1
2005,27,43,2
2005,28,43,3
2005,29,43,7
2005,31,43,6
2005,32,43,9
2005,34,43,5
2005,35,43,9
2005,36,43,22
2005,37,43,33
2005,38,43,7
2005,39,43,16
2005,40,43,14
2005,41,43,6
2005,42,43,45
2005,43,43,152
2005,44,43,174
2005,45,43,2
2005,46,43,13
2005,47,43,5
2005,48,43,5
2005,50,43,2
2005,51,43,7
2005,53,43,2
2005,1,44,1
2005,3,44,1
2005,4,44,24
2005,6,44,1
2005,8,44,1
2005,9,44,4
2005,10,44,16
2005,11,44,193
2005,12,44,3
2005,13,44,7
2005,14,44,2
2005,16,44,2
2005,17,44,2
2005,19,44,2
2005,20,44,2
2005,21,44,1
2005,22,44,1
2005,24,44,2
2005,25,44,135
2005,26,44,4
2005,27,44,62
2005,28,44,40
2005,29,44,128
2005,30,44,1
2005,31,44,299
2005,32,44,97
2005,33,44,4
2005,34,44,171
2005,35,44,203
2005,36,44,490
2005,37,44,518
2005,38,44,148
2005,39,44,145
2005,40,44,267
2005,41,44,84
2005,42,44,323
2005,43,44,5
2005,44,44,3025
2005,45,44,89
2005,46,44,12
2005,47,44,15
2005,48,44,39
2005,49,44,31
2005,50,44,71
2005,51,44,76
2005,53,44,31
2005,1,45,7
2005,2,45,9
2005,3,45,2
2005,4,45,17
2005,6,45,1
2005,7,45,1
2005,9,45,1
2005,10,45,8
2005,11,45,36
2005,12,45,6
2005,13,45,10
2005,14,45,17
2005,15,45,1
2005,16,45,17
2005,17,45,1
2005,18,45,1
2005,20,45,1
2005,21,45,2
2005,25,45,150
2005,26,45,1
2005,27,45,487
2005,28,45,25
2005,29,45,83
2005,31,45,135
2005,32,45,218
2005,33,45,4
2005,34,45,30
2005,35,45,1
2005,36,45,204
2005,37,45,118
2005,38,45,29
2005,40,45,803
2005,41,45,10
2005,42,45,277
2005,43,45,20
2005,44,45,699
2005,45,45,25
2005,46,45,37
2005,47,45,5
2005,48,45,44
2005,50,45,72
2005,51,45,9
2005,53,45,37
2005,1,46,35
2005,4,46,1
2005,9,46,5
2005,10,46,20
2005,11,46,82
2005,12,46,3
2005,13,46,1
2005,16,46,13
2005,18,46,1
2005,21,46,3
2005,25,46,134
2005,27,46,88
2005,28,46,2
2005,29,46,50
2005,30,46,1
2005,31,46,63
2005,32,46,29
2005,34,46,58
2005,35,46,5
2005,36,46,69
2005,37,46,34
2005,38,46,76
2005,40,46,39
2005,41,46,5
2005,42,46,29
2005,43,46,31
2005,44,46,234
2005,45,46,1
2005,46,46,259
2005,47,46,4
2005,48,46,9
2005,50,46,163
2005,51,46,54
2005,53,46,17
2005,1,47,18
2005,4,47,19
2005,6,47,3
2005,9,47,1
2005,10,47,25
2005,11,47,10
2005,12,47,109
2005,13,47,63
2005,14,47,2
2005,16,47,1
2005,19,47,4
2005,20,47,3
2005,21,47,36
2005,25,47,34
2005,27,47,8
2005,28,47,2
2005,29,47,266
2005,31,47,77
2005,32,47,43
2005,34,47,21
2005,37,47,8
2005,38,47,57
2005,40,47,41
2005,42,47,123
2005,43,47,63
2005,44,47,133
2005,45,47,14
2005,46,47,130
2005,47,47,2726
2005,48,47,21
2005,49,47,2
2005,51,47,17
2005,53,47,60
2005,3,48,4
2005,4,48,3
2005,10,48,2
2005,11,48,12
2005,12,48,5
2005,13,48,5
2005,14,48,12
2005,16,48,3
2005,24,48,2
2005,25,48,20
2005,26,48,2
2005,27,48,18
2005,28,48,7
2005,29,48,21
2005,31,48,8
2005,32,48,37
2005,33,48,10
2005,34,48,2
2005,35,48,16
2005,36,48,26
2005,37,48,43
2005,38,48,27
2005,39,48,3
2005,40,48,10
2005,41,48,37
2005,42,48,63
2005,43,48,28
2005,44,48,133
2005,45,48,1
2005,46,48,4
2005,47,48,5
2005,48,48,372
2005,50,48,8
2005,51,48,33
2005,53,48,3
2005,1,49,1
2005,4,49,13
2005,9,49,1
2005,10,49,1
2005,11,49,5
2005,12,49,1
2005,13,49,1
2005,14,49,2
2005,25,49,4
2005,26,49,9
2005,27,49,3
2005,28,49,2
2005,29,49,11
2005,31,49,16
2005,32,49,3
2005,33,49,1
2005,34,49,4
2005,35,49,8
2005,36,49,24
2005,37,49,52
2005,38,49,2
2005,40,49,4
2005,41,49,4
2005,42,49,31
2005,43,49,4
2005,44,49,125
2005,45,49,3
2005,46,49,2
2005,47,49,2
2005,48,49,3
2005,49,49,70
2005,50,49,82
2005,51,49,11
2005,53,49,1
2005,1,50,2
2005,3,50,1
2005,4,50,9
2005,9,50,1
2005,10,50,1
2005,11,50,14
2005,12,50,2
2005,13,50,1
2005,14,50,4
2005,16,50,1
2005,20,50,2
2005,25,50,27
2005,26,50,2
2005,27,50,6
2005,28,50,4
2005,29,50,18
2005,31,50,23
2005,32,50,6
2005,33,50,2
2005,34,50,7
2005,35,50,13
2005,36,50,26
2005,37,50,72
2005,38,50,23
2005,39,50,1
2005,40,50,64
2005,41,50,26
2005,42,50,24
2005,43,50,6
2005,44,50,155
2005,45,50,9
2005,46,50,2
2005,47,50,2
2005,48,50,9
2005,49,50,32
2005,50,50,133
2005,51,50,13
2005,53,50,3
2005,11,51,8
2005,12,51,2
2005,13,51,1
2005,25,51,14
2005,26,51,1
2005,27,51,1
2005,28,51,5
2005,29,51,9
2005,31,51,5
2005,32,51,7
2005,34,51,2
2005,35,51,8
2005,36,51,25
2005,37,51,31
2005,38,51,10
2005,39,51,2
2005,40,51,38
2005,41,51,25
2005,42,51,26
2005,43,51,1
2005,44,51,102
2005,45,51,7
2005,46,51,1
2005,47,51,6
2005,48,51,9
2005,49,51,1
2005,50,51,6
2005,51,51,69
2005,53,51,3
2005,2,53,35
2005,3,53,1
2005,6,53,1
2005,9,53,77
2005,10,53,7
2005,11,53,1
2005,13,53,27
2005,14,53,36
2005,15,53,11
2005,16,53,25
2005,19,53,1
2005,25,53,17
2005,26,53,2
2005,27,53,5
2005,28,53,2
2005,29,53,76
2005,31,53,25
2005,32,53,26
2005,34,53,12
2005,35,53,2
2005,36,53,9
2005,37,53,28
2005,38,53,29
2005,39,53,3
2005,40,53,1
2005,41,53,2
2005,42,53,20
2005,43,53,1
2005,44,53,92
2005,45,53,4
2005,47,53,2
2005,48,53,1
2005,50,53,1
2005,51,53,4
2005,53,53,135
2010,1,1,975.475949
2010,2,1,29.6131153444
2010,3,1,234.32402239
2010,4,1,1.0898272955
2010,5,1,0.893977225
2010,6,1,3.29618664
2010,7,1,0.423519419
2010,8,1,37.398889836
2010,9,1,5.332865797
2010,10,1,4.28273
2010,11,1,1.50692209
2010,12,1,1.053295722
2010,13,1,0.0842657944
2010,14,1,2.3689385
2010,15,1,0.059570721
2010,16,1,0.23751978
2010,17,1,0.046832577
2010,18,1,0.3381209591
2010,19,1,0.245185618
2010,20,1,68.262831
2010,21,1,110.117945
2010,22,1,3.4796811
2010,23,1,5.5427969514
2010,24,1,63.444159
2010,25,1,19.950325
2010,26,1,217.686785
2010,27,1,0.009417257
2010,28,1,18.549142
2010,29,1,5.02562221
2010,30,1,0.29968491
2010,31,1,5.2684245
2010,32,1,1.1676962
2010,33,1,1.71299129
2010,34,1,3.522159
2010,35,1,27.839005
2010,36,1,2.2173071
2010,37,1,47.815566
2010,38,1,17.2634029
2010,39,1,0.0011071944
2010,40,1,4.5124
2010,41,1,45.3763066
2010,42,1,0.9285852
2010,43,1,1.485255
2010,44,1,0.50785129
2010,45,1,125.61815146
2010,46,1,0.009051538
2010,47,1,0.8566039
2010,48,1,1.1321808
2010,49,1,1.1808197
2010,50,1,2.86787715
2010,51,1,0.3655296
2010,52,1,0.6725285
2010,53,1,1.66864899
2010,54,1,2.9261439
2010,55,1,5.5533793
2010,56,1,1.69379684
2010,57,1,3.761082859
2010,1,2,0.153974030715537
2010,2,2,74.206090870732
2010,3,2,0.000006805400013
2010,4,2,0.0351649928801
2010,5,2,0.18162194029
2010,6,2,0.062097927
2010,7,2,0.0096004387
2010,8,2,2.6401215391
2010,9,2,0.177084608
2010,10,2,0.006478202
2010,11,2,0.10200777093
2010,12,2,11.295402065
2010,13,2,0.020706071
2010,14,2,2.1808088
2010,15,2,0.0117764936
2010,16,2,0.023255508
2010,17,2,0.152597236
2010,18,2,0.0100566887
2010,19,2,0.15516370298
2010,20,2,2.2160494729
2010,21,2,25.9045685
2010,22,2,0.0943671724
2010,23,2,1.1284891503
2010,24,2,11.3551501126
2010,25,2,1.5794222352
2010,26,2,5.679133849
2010,28,2,35.124356728
2010,29,2,1.057395967
2010,30,2,12.195898335
2010,31,2,0.1178415893
2010,33,2,1.164861995
2010,34,2,3.971155914
2010,35,2,1.06014067
2010,36,2,0.18461348843
2010,37,2,3.73160232
2010,38,2,1.321399
2010,39,2,1.25297408
2010,40,2,0.671739569
2010,41,2,3.047489849
2010,42,2,0.81426351
2010,43,2,0.05112086
2010,44,2,1.408691114
2010,45,2,0.0089167661000016
2010,46,2,0.0219130531
2010,47,2,0.080451544
2010,48,2,0.470369456
2010,49,2,0.755841171
2010,50,2,0.000191781351
2010,51,2,0.000000001146
2010,52,2,0.000048108333
2010,53,2,0.292819893
2010,54,2,0.264048017
2010,55,2,0.385935004
2010,56,2,0.0513430012
2010,57,2,0.2550623783
2010,1,3,3023.33077083
2010,2,3,0.9191626583
2010,3,3,962.417913007339
2010,4,3,0.0125906704
2010,5,3,6.5798776
2010,6,3,66.9382823
2010,7,3,0.1185988807
2010,8,3,10.511088812
2010,9,3,2.827061212
2010,10,3,1.652849
2010,11,3,17.6709551794
2010,12,3,14.508971
2010,13,3,0.6854619598
2010,14,3,15.93159734
2010,15,3,0.0030257613
2010,16,3,0.957828342
2010,17,3,0.371198053
2010,18,3,0.0658404115
2010,19,3,0.0139575984
2010,20,3,5.79526927
2010,21,3,208.5621231
2010,22,3,5.77958099
2010,23,3,15.608505547
2010,24,3,52.6669174
2010,25,3,3.89389925
2010,26,3,1145.53171
2010,28,3,132.16149571
2010,29,3,9.441171376
2010,30,3,81.7147287
2010,31,3,2.3400804
2010,33,3,18.31976085
2010,34,3,117.77204375
2010,35,3,34.9677441
2010,36,3,0.0500400299
2010,37,3,91.5089351
2010,38,3,42.1536766
2010,39,3,48.345926
2010,40,3,2.72030121
2010,41,3,232.7185876
2010,42,3,12.67083983
2010,43,3,1.0256016
2010,44,3,268.1401698
2010,45,3,0.0771533368
2010,46,3,0.54064659
2010,47,3,22.823244
2010,48,3,8.11792086
2010,49,3,25.47762316
2010,50,3,0.02808775
2010,51,3,0.1801235
2010,52,3,0.04133433
2010,53,3,10.5782659209
2010,54,3,4.4446
2010,55,3,4.05272292
2010,56,3,0.846448624
2010,57,3,4.326817
2010,1,4,0.283357328
2010,2,4,0.0072270868
2010,3,4,0.03430688576
2010,4,4,13.8995557231
2010,5,4,0.08022444
2010,6,4,0.548620824
2010,7,4,0.0035426469
2010,8,4,0.1833050108
2010,9,4,0.31954033
2010,10,4,0.0172438723
2010,11,4,0.0304774138
2010,12,4,0.06439585
2010,13,4,0.0051103673
2010,14,4,0.206118239
2010,15,4,0.0016350251
2010,16,4,0.0087134722
2010,17,4,0.009697642
2010,18,4,0.0011938287
2010,19,4,0.0003708685
2010,20,4,0.121316675
2010,21,4,5.27033162
2010,22,4,0.3318911612
2010,23,4,0.0493949487
2010,24,4,1.26232802
2010,25,4,0.25577557
2010,26,4,5.37512971
2010,28,4,4.223607
2010,29,4,0.138567889
2010,30,4,1.720180122
2010,31,4,0.31238952
2010,32,4,0.0008511471
2010,33,4,1.27911293
2010,34,4,4.09855551
2010,35,4,1.1155452
2010,36,4,0.0188869613
2010,37,4,3.571162
2010,38,4,1.3376736
2010,39,4,1.2832781
2010,40,4,0.39457735
2010,41,4,1.9470311
2010,42,4,0.753508992
2010,43,4,0.087105136
2010,44,4,0.57497697
2010,45,4,0.0054465451
2010,46,4,0.0018085075
2010,47,4,0.07841772
2010,48,4,0.48436557
2010,49,4,0.73621439
2010,50,4,0.0006501092
2010,51,4,0.0019869297
2010,52,4,0.0007001054
2010,53,4,0.3123119218
2010,54,4,0.25682885
2010,55,4,0.38153103
2010,56,4,0.044536971
2010,57,4,0.18235961
2010,1,5,145.3253940361
2010,2,5,0.089421176
2010,3,5,0.0004008579
2010,4,5,0.1848666409
2010,5,5,81.82105
2010,6,5,1.340041
2010,7,5,0.01959365
2010,8,5,0.8363828
2010,9,5,1.108327
2010,11,5,0.1540223
2010,12,5,0.2998689
2010,13,5,0.10207
2010,14,5,2.634703
2010,15,5,0.01058406
2010,16,5,0.0278675
2010,17,5,0.1057415
2010,18,5,0.02936904
2010,19,5,0.00706576
2010,20,5,1.293358
2010,21,5,29.6218
2010,22,5,0.6584149
2010,23,5,0.81678684
2010,24,5,15.22448
2010,25,5,0.5047333
2010,26,5,14.85
2010,28,5,44.69669
2010,29,5,1.001067
2010,31,5,0.2530833
2010,33,5,1.4843277
2010,34,5,5.0259718
2010,35,5,1.38454
2010,36,5,0.001698963
2010,37,5,4.449046
2010,38,5,1.599106
2010,39,5,1.50813
2010,40,5,0.4554702
2010,41,5,1.764671
2010,42,5,1.046726
2010,43,5,0.1623195
2010,44,5,0.303026
2010,45,5,0.001015997
2010,46,5,0.001669458
2010,47,5,0.5921123
2010,48,5,0.5637865
2010,49,5,0.9560153
2010,53,5,0.3598750948
2010,54,5,0.3152313
2010,55,5,0.4485102
2010,56,5,0.06321
2010,57,5,0.2722666
2010,1,6,0.008588069
2010,2,6,0.030585388
2010,3,6,0.20969545
2010,4,6,0.2385875328
2010,5,6,0.4314674
2010,6,6,40.27336
2010,7,6,0.2629315
2010,8,6,0.319139395
2010,9,6,0.354709
2010,10,6,0.0165976
2010,11,6,0.1300963
2010,12,6,0.002386186
2010,13,6,0.01316688
2010,14,6,0.3773418
2010,15,6,0.009288862
2010,16,6,0.03958795
2010,17,6,0.02137404
2010,18,6,0.0006990263
2010,19,6,0.0001242201
2010,20,6,0.3541165
2010,21,6,7.12586
2010,22,6,0.6782956
2010,23,6,0.4947062
2010,24,6,3.890156
2010,25,6,0.240046
2010,26,6,4.304251
2010,28,6,11.30024
2010,29,6,0.3735882
2010,30,6,4.219204
2010,31,6,0.4527125
2010,33,6,2.6852915
2010,34,6,13.7058285
2010,35,6,2.388254
2010,36,6,0.004818388
2010,37,6,7.850347
2010,38,6,2.721689
2010,39,6,2.567379
2010,40,6,0.7843994
2010,41,6,3.566011
2010,42,6,1.790287
2010,43,6,0.06022451
2010,44,6,0.7180315
2010,45,6,0.009353826
2010,46,6,0.003280911
2010,47,6,0.9222199
2010,48,6,0.9673787
2010,49,6,1.5917215
2010,50,6,0.003052927
2010,51,6,0.0224945
2010,52,6,0.002542679
2010,53,6,0.5933709
2010,54,6,0.537616
2010,55,6,0.7626078
2010,56,6,0.1092417
2010,57,6,0.5095422
2010,1,7,0.0060853783
2010,2,7,0.0175743295
2010,3,7,0.00181840244
2010,4,7,0.2069199617
2010,5,7,0.1785886
2010,6,7,16.81144
2010,7,7,3.874258
2010,8,7,0.22794472
2010,9,7,0.4249776
2010,11,7,0.03646658
2010,12,7,0.7472802
2010,13,7,0.01853865
2010,14,7,0.5146138
2010,15,7,0.002752577
2010,16,7,0.009321723
2010,17,7,0.0264134
2010,18,7,0.01001597
2010,19,7,0.002493717
2010,20,7,0.3857882
2010,21,7,7.515458
2010,22,7,1.499946
2010,23,7,0.09540939
2010,24,7,7.86083
2010,25,7,2.492253
2010,26,7,33.61099
2010,28,7,3.098746
2010,29,7,0.228172
2010,30,7,6.454938
2010,31,7,0.3473073
2010,33,7,3.1057523
2010,34,7,28.7103802
2010,35,7,2.666285
2010,36,7,0.0392261
2010,37,7,8.965377
2010,38,7,3.156078
2010,39,7,2.977093
2010,40,7,0.7910069
2010,41,7,51.694181
2010,42,7,2.024442
2010,43,7,15.85782
2010,44,7,51.34254
2010,45,7,0.016003313
2010,46,7,0.1464008
2010,47,7,25.79735
2010,48,7,1.113764
2010,49,7,2.0106573
2010,53,7,0.7157879068
2010,54,7,0.6271772
2010,55,7,0.8892943
2010,56,7,0.1237596
2010,57,7,0.5944914
2010,1,8,0.7380273304
2010,2,8,31.660338728
2010,3,8,0.0407875211
2010,4,8,2.4399730172
2010,5,8,142.06036
2010,6,8,14.456057
2010,7,8,0.089975159
2010,8,8,53.999825154
2010,9,8,0.50215605
2010,10,8,0.00318157
2010,11,8,4.4443234
2010,12,8,106.242291
2010,13,8,1.6728916951
2010,14,8,43.13281731
2010,15,8,1.7416413
2010,16,8,0.7094565
2010,17,8,0.0585723878
2010,18,8,4.1933971
2010,19,8,1.9218794
2010,20,8,21.81532484
2010,21,8,50.233463
2010,22,8,2.66459922
2010,23,8,5.01049358
2010,24,8,78.2911701
2010,25,8,11.9959802
2010,26,8,76.78675
2010,28,8,12.368044
2010,29,8,0.7639165
2010,30,8,18.86723
2010,31,8,0.07407258
2010,33,8,14.40087462
2010,34,8,43.47071444
2010,35,8,12.6632438
2010,36,8,0.029361109
2010,37,8,37.557331
2010,38,8,14.3434715
2010,39,8,12.0254496
2010,40,8,3.98371879
2010,41,8,27.5140023
2010,42,8,9.3723207
2010,43,8,2.98294205
2010,44,8,26.930491
2010,45,8,0.0278659332
2010,46,8,0.817800206
2010,47,8,29.492516
2010,48,8,4.93812148
2010,49,8,13.00961815
2010,50,8,0.0003596916
2010,51,8,0.001228872
2010,52,8,0.0005398851
2010,53,8,6.1876054436
2010,54,8,2.70622187
2010,55,8,3.99496879
2010,56,8,0.55556402
2010,57,8,2.59490378
2010,1,9,0.881729544
2010,2,9,2.2976759
2010,3,9,3.8255264815
2010,4,9,0.494645362
2010,5,9,0.05676561
2010,6,9,12.03425
2010,7,9,0.2381029
2010,8,9,2.66725498
2010,9,9,26.90529
2010,11,9,0.1775888
2010,12,9,0.3326712
2010,13,9,0.01721403
2010,14,9,0.6181387
2010,15,9,0.00590642
2010,16,9,0.0316253
2010,17,9,0.06473136
2010,18,9,0.004227219
2010,19,9,0.0009000118
2010,20,9,0.4622629
2010,21,9,88.63653
2010,22,9,5.704568
2010,23,9,4.5814956
2010,24,9,9.205312
2010,25,9,3.777389
2010,26,9,7.096547
2010,28,9,0.6800532
2010,29,9,1.344911
2010,30,9,54.143
2010,31,9,0.6594282
2010,33,9,9.531892
2010,34,9,36.9291203
2010,35,9,7.583833
2010,36,9,0.0566123125
2010,37,9,28.33217
2010,38,9,10.59898
2010,39,9,9.904897
2010,40,9,0.6917053
2010,41,9,15.990917
2010,42,9,5.890985
2010,43,9,91.95297
2010,44,9,2.668969
2010,45,9,0.009094754
2010,46,9,0.1174529
2010,47,9,0.5950967
2010,48,9,3.954214
2010,49,9,4.0433319
2010,53,9,1.880129
2010,54,9,2.113353
2010,55,9,3.321131
2010,56,9,0.3832941
2010,57,9,2.453611
2010,1,10,1.95105843
2010,2,10,26.6362087291
2010,3,10,9.673971818
2010,4,10,1.44651837
2010,5,10,6.655091
2010,6,10,7.865688
2010,7,10,0.5178647
2010,8,10,5.7935499
2010,9,10,9.781672
2010,10,10,163.0721
2010,11,10,13.52404
2010,12,10,5.881759
2010,13,10,0.3745009
2010,14,10,12.11027
2010,15,10,0.1048295
2010,16,10,0.4493212
2010,17,10,0.2924678
2010,18,10,0.06578252
2010,19,10,0.0802365
2010,20,10,3.420973
2010,21,10,60.08957
2010,22,10,9.084607
2010,23,10,3.357529
2010,24,10,26.23483
2010,25,10,17.86221
2010,26,10,990.3145
2010,28,10,1.388969
2010,29,10,0.5146148
2010,30,10,17.70546
2010,31,10,1.34671
2010,33,10,10.51577
2010,34,10,38.3358727
2010,35,10,17.05385
2010,36,10,0.8733963
2010,37,10,23.54569
2010,38,10,8.41447
2010,39,10,9.315037
2010,40,10,6.21943
2010,41,10,143.38789
2010,42,10,2.140097
2010,43,10,99.43276
2010,44,10,191.8823
2010,45,10,0.083807437
2010,46,10,8.687726
2010,47,10,18.04735
2010,48,10,2.156128
2010,49,10,18.272758
2010,51,10,1.232595
2010,52,10,0.04770498
2010,53,10,6.941997366
2010,54,10,0.7039814
2010,55,10,2.602947
2010,56,10,0.07118767
2010,57,10,3.453653
2010,1,11,0.09110041
2010,2,11,0.304296734
2010,3,11,0.54609953
2010,4,11,0.088269157
2010,5,11,3.81109
2010,6,11,1.526442
2010,7,11,0.01749949
2010,8,11,2.7280497
2010,9,11,1.136473
2010,10,11,0.3463411
2010,11,11,20.16688
2010,12,11,3.750301
2010,13,11,0.5715157
2010,14,11,11.76478
2010,15,11,0.0101382
2010,16,11,0.02730515
2010,17,11,0.1312452
2010,18,11,0.01707497
2010,19,11,0.004735946
2010,20,11,5.913282
2010,21,11,21.48496
2010,22,11,0.2023165
2010,23,11,8.6144024
2010,24,11,1.728447
2010,25,11,0.6284486
2010,26,11,27.98705
2010,28,11,10.75674
2010,29,11,0.3973407
2010,30,11,5.278353
2010,31,11,0.7054526
2010,33,11,2.4703283
2010,34,11,7.303351
2010,35,11,2.238802
2010,36,11,0.0515324791
2010,37,11,7.373636
2010,38,11,2.67277
2010,39,11,2.503742
2010,40,11,0.626773
2010,41,11,2.3800028
2010,42,11,1.698615
2010,43,11,0.3336813
2010,44,11,1.325702
2010,45,11,0.01312921
2010,46,11,0.001057666
2010,47,11,0.337016
2010,48,11,0.9590212
2010,49,11,1.5693055
2010,50,11,0.001673141
2010,51,11,0.009139313
2010,52,11,0.002606353
2010,53,11,0.6037114824
2010,54,11,0.5341625
2010,55,11,0.7543114
2010,56,11,0.1055484
2010,57,11,0.509335
2010,1,12,0.103668743
2010,2,12,166.36177916
2010,3,12,0.021681742
2010,4,12,0.1585795528
2010,5,12,1.452986
2010,6,12,8.714644
2010,7,12,0.03481123
2010,8,12,7.466881486
2010,9,12,0.3772563
2010,10,12,0.0368501
2010,11,12,0.3382543
2010,12,12,213.4949
2010,13,12,0.5972011
2010,14,12,3.404903
2010,15,12,0.003732623
2010,16,12,0.06039497
2010,17,12,0.1872999
2010,18,12,0.009654668
2010,19,12,0.002752881
2010,20,12,1.885068
2010,21,12,39.63424
2010,22,12,0.7958699
2010,23,12,2.624901
2010,24,12,11.06412
2010,25,12,1.6682
2010,26,12,41.82006
2010,28,12,68.08021
2010,29,12,1.879985
2010,30,12,12.0922
2010,31,12,1.308043
2010,33,12,5.5536924
2010,34,12,17.2638773
2010,35,12,5.168423
2010,36,12,0.008147628
2010,37,12,16.39872
2010,38,12,5.724232
2010,39,12,5.36057
2010,40,12,1.836052
2010,41,12,6.26445
2010,42,12,3.85673
2010,43,12,0.1508825
2010,44,12,0.8815774
2010,45,12,0.0183741
2010,46,12,0.01502026
2010,47,12,1.141213
2010,48,12,2.021533
2010,49,12,3.4272578
2010,50,12,0.001369791
2010,51,12,0.0100812
2010,52,12,0.001683531
2010,53,12,1.272788071
2010,54,12,1.142563
2010,55,12,1.59592
2010,56,12,0.2320887
2010,57,12,1.060633
2010,1,13,0.05049683
2010,2,13,26.251794
2010,3,13,0.0000661366
2010,4,13,0.0008110489
2010,5,13,0.08758119
2010,6,13,0.3495572
2010,7,13,0.002815632
2010,8,13,5.830685484
2010,9,13,0.6450875
2010,10,13,0.001296571
2010,11,13,0.03617069
2010,12,13,0.01043016
2010,13,13,0.5086785
2010,14,13,1.810065
2010,15,13,0.002762383
2010,16,13,0.001284975
2010,17,13,0.08557807
2010,18,13,0.0000234773
2010,19,13,0.0001315849
2010,20,13,1.015102
2010,21,13,14.27578
2010,22,13,1.289504
2010,23,13,38.4777426
2010,24,13,5.393358
2010,25,13,0.8792122
2010,26,13,25.66894
2010,28,13,0.7410262
2010,29,13,0.1235534
2010,30,13,4.029355
2010,31,13,0.08542248
2010,33,13,1.0405943
2010,34,13,2.76641791
2010,35,13,0.8543056
2010,36,13,0.0002624218
2010,37,13,2.373023
2010,38,13,0.9390554
2010,39,13,0.880981
2010,40,13,0.3092505
2010,41,13,1.1857361
2010,42,13,0.6363945
2010,43,13,0.1482733
2010,44,13,0.1103826
2010,45,13,0.003810449
2010,46,13,0.001101836
2010,47,13,0.005049176
2010,48,13,0.3310798
2010,49,13,0.5647068
2010,50,13,0.000004554
2010,52,13,0.000001125
2010,53,13,0.209688
2010,54,13,0.1874
2010,55,13,0.2616068
2010,56,13,0.03817745
2010,57,13,0.1736207
2010,1,14,0.002732478
2010,2,14,0.0402538992
2010,3,14,0.0001299224
2010,4,14,0.0037509997
2010,5,14,0.8241528
2010,6,14,0.8624352
2010,7,14,0.005641738
2010,8,14,1.358971245
2010,9,14,0.03378671
2010,10,14,0.005234551
2010,11,14,0.2973502
2010,12,14,3.069482
2010,13,14,4.327153
2010,14,14,15.45284
2010,15,14,0.002978483
2010,16,14,0.04798776
2010,17,14,0.2838217
2010,18,14,0.003287905
2010,19,14,0.0003546332
2010,20,14,3.272091
2010,21,14,11.58653
2010,22,14,0.2349011
2010,23,14,1.2513438
2010,24,14,17.63582
2010,25,14,0.8930228
2010,26,14,122.3044
2010,28,14,4.250371
2010,29,14,0.2208167
2010,30,14,5.415882
2010,31,14,0.4662049
2010,33,14,3.8030004
2010,34,14,12.3433174
2010,35,14,3.83662
2010,36,14,0.1086079
2010,37,14,27.22599
2010,38,14,4.220969
2010,39,14,3.930116
2010,40,14,1.389685
2010,41,14,5.233071
2010,42,14,2.859848
2010,43,14,0.1260987
2010,44,14,1.101718
2010,45,14,0.018079783
2010,46,14,0.008590825
2010,47,14,0.7104561
2010,48,14,1.488133
2010,49,14,2.5288434
2010,50,14,0.0000236556
2010,51,14,0.000485416
2010,52,14,0.0001098835
2010,53,14,0.9360494
2010,54,14,0.8421798
2010,55,14,1.175979
2010,56,14,0.1715186
2010,57,14,0.7795834
2010,1,15,0.0329683376
2010,2,15,0.49591812
2010,3,15,0.7185058182
2010,4,15,0.71666951
2010,5,15,0.349773
2010,6,15,6.245298
2010,7,15,0.1679159
2010,8,15,6.19559204
2010,9,15,3.708402
2010,11,15,6.280479
2010,12,15,0.9681309
2010,13,15,0.7603607
2010,14,15,16.16047
2010,15,15,39.50012
2010,16,15,3.441424
2010,17,15,4.21259
2010,18,15,1.735256
2010,19,15,0.009119184
2010,20,15,16.02627
2010,21,15,49.61361
2010,22,15,5.78596
2010,23,15,1.25113073
2010,24,15,66.24112
2010,25,15,18.94436
2010,26,15,750.0571
2010,28,15,12.63169
2010,29,15,1.156587
2010,30,15,17.83763
2010,31,15,1.945645
2010,33,15,6.691686
2010,34,15,26.9630462
2010,35,15,6.411532
2010,36,15,5.040712
2010,37,15,44.09155
2010,38,15,7.879635
2010,39,15,17.35737
2010,40,15,1.569487
2010,41,15,30.376761
2010,42,15,4.895898
2010,43,15,13.73684
2010,44,15,4.591249
2010,45,15,0.0342741
2010,46,15,0.7548656
2010,47,15,19.08845
2010,48,15,2.84163
2010,49,15,8.089258
2010,50,15,0.002330596
2010,51,15,0.001019486
2010,52,15,0.001667551
2010,53,15,3.75779
2010,54,15,1.573035
2010,55,15,2.236653
2010,56,15,0.3074116
2010,57,15,1.514095
2010,1,16,0.0840924613
2010,2,16,0.0545448798
2010,3,16,0.000057380824
2010,4,16,0.0005390917
2010,5,16,0.001890419
2010,6,16,1.03763
2010,7,16,0.001532513
2010,8,16,4.002027091
2010,9,16,0.008309536
2010,11,16,1.84867
2010,12,16,3.111899
2010,13,16,0.3698149
2010,14,16,16.22743
2010,15,16,1.355987
2010,16,16,5.992229
2010,17,16,0.1072546
2010,18,16,3.356633
2010,19,16,0.0000741455
2010,20,16,7.355669
2010,21,16,5.975964
2010,22,16,0.08115598
2010,23,16,0.28316298
2010,24,16,21.78357
2010,25,16,8.970688
2010,26,16,26.94405
2010,28,16,5.270546
2010,29,16,0.3092415
2010,30,16,5.709465
2010,31,16,2.133245
2010,33,16,1.4901844
2010,34,16,5.0755464
2010,35,16,1.424199
2010,36,16,0.9249419
2010,37,16,4.315942
2010,38,16,1.730405
2010,39,16,1.631363
2010,40,16,0.4169103
2010,41,16,1.8926007
2010,42,16,1.101272
2010,43,16,0.7850389
2010,44,16,0.2952743
2010,45,16,0.022144242
2010,46,16,0.01421473
2010,47,16,0.05889511
2010,48,16,0.6185928
2010,49,16,1.0507161
2010,50,16,0.0002456979
2010,51,16,0.0000190167
2010,52,16,0.0006877456
2010,53,16,0.3917905
2010,54,16,0.3439252
2010,55,16,0.4875384
2010,56,16,0.0674537
2010,57,16,0.3265837
2010,1,17,0.328681324
2010,2,17,0.137765172
2010,3,17,0.036647363
2010,4,17,0.0140976774
2010,5,17,0.4769329
2010,6,17,1.120673
2010,7,17,0.02390537
2010,8,17,5.6049743
2010,9,17,0.1734455
2010,10,17,0.01601059
2010,11,17,1.317456
2010,12,17,2.220726
2010,13,17,2.653707
2010,14,17,34.49724
2010,15,17,0.1513833
2010,16,17,0.388574
2010,17,17,1.787759
2010,18,17,0.2099731
2010,19,17,0.05742856
2010,20,17,3.351115
2010,21,17,14.78301
2010,22,17,1.88304
2010,23,17,1.1199823
2010,24,17,46.78334
2010,25,17,0.6000238
2010,26,17,120.9288
2010,28,17,3.367092
2010,29,17,0.2584352
2010,30,17,9.866874
2010,31,17,0.283365
2010,33,17,4.2698306
2010,34,17,12.2716766
2010,35,17,3.963875
2010,36,17,0.04074433
2010,37,17,12.04034
2010,38,17,4.433332
2010,39,17,4.094891
2010,40,17,1.40375
2010,41,17,5.066817
2010,42,17,2.970888
2010,43,17,1.252906
2010,44,17,1.000222
2010,45,17,0.0156494943
2010,46,17,0.06725844
2010,47,17,1.641845
2010,48,17,1.560114
2010,49,17,2.645697
2010,53,17,0.9839987342
2010,54,17,0.879842
2010,55,17,1.237603
2010,56,17,0.1781937
2010,57,17,0.7834599
2010,1,18,0.0002526927
2010,2,18,0.0014854923
2010,3,18,0.000487096483
2010,4,18,0.008585523
2010,5,18,0.1109332
2010,6,18,0.2059203
2010,7,18,0.005335869
2010,8,18,0.8628919347
2010,9,18,0.08329602
2010,11,18,0.832105
2010,12,18,0.07607825
2010,13,18,1.703154
2010,14,18,3.187569
2010,15,18,0.1515658
2010,16,18,0.3796702
2010,17,18,0.2851308
2010,18,18,1.632871
2010,19,18,0.2990954
2010,20,18,2.208764
2010,21,18,2.989804
2010,22,18,5.726033
2010,23,18,0.565472865
2010,24,18,7.636284
2010,25,18,4.091394
2010,26,18,45.79583
2010,28,18,0.07193668
2010,29,18,0.04536317
2010,30,18,1.868507
2010,31,18,0.08694106
2010,33,18,0.8968938
2010,34,18,2.95142707
2010,35,18,0.9035933
2010,36,18,0.1069521
2010,37,18,2.69335
2010,38,18,0.9355011
2010,39,18,0.8463268
2010,40,18,0.07341565
2010,41,18,1.8168077
2010,42,18,0.562566
2010,43,18,0.01756931
2010,44,18,0.9395221
2010,45,18,0.004607154
2010,46,18,0.002006204
2010,47,18,0.04751772
2010,48,18,0.3487837
2010,49,18,0.32693015
2010,50,18,0.0004074638
2010,51,18,0.0001830342
2010,53,18,0.2046317
2010,54,18,0.1946289
2010,55,18,0.2746741
2010,56,18,0.04078424
2010,57,18,0.1880981
2010,1,19,0.0040050221
2010,2,19,0.0102217281
2010,3,19,0.0000413199
2010,4,19,0.0017499744
2010,5,19,0.0001445518
2010,6,19,0.01804958
2010,7,19,0.002168835
2010,8,19,0.71722725
2010,9,19,0.004183179
2010,11,19,0.04188792
2010,12,19,0.003670681
2010,13,19,0.07066371
2010,14,19,2.332034
2010,15,19,0.01009695
2010,16,19,0.01984789
2010,17,19,0.2566735
2010,18,19,0.002902501
2010,19,19,0.6932187
2010,20,19,1.82578
2010,21,19,1.112285
2010,22,19,0.1213942
2010,23,19,0.13171793
2010,24,19,4.165926
2010,25,19,1.24484
2010,26,19,8.656514
2010,28,19,0.100166
2010,29,19,0.0165276
2010,30,19,0.3135078
2010,31,19,0.06613098
2010,33,19,0.17362232
2010,34,19,0.99929975
2010,35,19,0.3440852
2010,36,19,0.001335597
2010,37,19,0.7877461
2010,38,19,0.2858279
2010,39,19,0.3605142
2010,40,19,0.1254856
2010,41,19,0.5193979
2010,42,19,0.2561829
2010,43,19,0.008062857
2010,44,19,0.09367198
2010,45,19,0.0017824359
2010,46,19,0.0000145986
2010,47,19,0.06804217
2010,48,19,0.02995038
2010,49,19,0.19992422
2010,53,19,0.0814642648
2010,54,19,0.07527922
2010,55,19,0.09409739
2010,56,19,0.01535153
2010,57,19,0.06968224
2010,1,20,0.0061561144
2010,2,20,0.0276743038
2010,3,20,0.07561459215
2010,4,20,0.070897668
2010,5,20,0.0007109399
2010,6,20,0.8853422
2010,7,20,0.01847697
2010,8,20,4.02630825
2010,9,20,0.3465694
2010,11,20,0.5704267
2010,12,20,0.01876017
2010,13,20,0.01543227
2010,14,20,4.940297
2010,15,20,0.5434809
2010,16,20,0.4405685
2010,17,20,0.3158846
2010,18,20,0.2498034
2010,19,20,0.0004187761
2010,20,20,32.94585
2010,21,20,7.243841
2010,22,20,0.5262538
2010,23,20,1.100498752
2010,24,20,5.631336
2010,25,20,2.068756
2010,26,20,10.60605
2010,28,20,2.48538
2010,29,20,0.1380219
2010,30,20,3.0717
2010,31,20,0.1770248
2010,32,20,0.03175069
2010,33,20,3.8449838
2010,34,20,10.6292318
2010,35,20,3.344216
2010,36,20,0.68165935
2010,37,20,10.30443
2010,38,20,3.563616
2010,39,20,3.306321
2010,40,20,1.213896
2010,41,20,5.765673
2010,42,20,2.458645
2010,43,20,0.2580141
2010,44,20,1.799349
2010,45,20,0.01294436
2010,46,20,0.007413414
2010,47,20,4.827916
2010,48,20,1.272558
2010,49,20,2.1279296
2010,50,20,0.008266453
2010,51,20,0.003493959
2010,52,20,0.003971108
2010,53,20,0.7892944
2010,54,20,0.7279942
2010,55,20,0.9905206
2010,56,20,0.1491472
2010,57,20,0.7720772
2010,1,21,0.00000912307
2010,2,21,20.776848
2010,3,21,0.0000000001661
2010,6,21,0.1523242
2010,7,21,0.01702585
2010,8,21,20.5310637
2010,9,21,1.36456
2010,11,21,0.04083669
2010,13,21,0.02534367
2010,14,21,1.403994
2010,16,21,0.006441401
2010,17,21,0.06818928
2010,20,21,0.8115411
2010,21,21,775.2532
2010,22,21,0.007889757
2010,23,21,2.93659615
2010,24,21,2.957514
2010,25,21,2.762116
2010,26,21,43.17989
2010,28,21,0.1363466
2010,29,21,0.009520567
2010,30,21,0.245084
2010,31,21,0.01273933
2010,33,21,18.802476
2010,34,21,55.68419
2010,35,21,17.48509
2010,37,21,55.78508
2010,38,21,19.1923
2010,39,21,17.98646
2010,40,21,6.355182
2010,41,21,21.839793
2010,42,21,13.02183
2010,43,21,0.1582813
2010,44,21,3.455765
2010,45,21,0.08112668002036
2010,46,21,0.003948224
2010,47,21,0.9908361
2010,48,21,10.14702
2010,49,21,22.843176
2010,50,21,0.0000605754
2010,51,21,0.000014614
2010,52,21,0.0000475921
2010,53,21,8.562038
2010,54,21,3.830236
2010,55,21,1.336275
2010,56,21,0.7807108
2010,57,21,3.547055
2010,1,22,0.000001831142
2010,2,22,0.055172589
2010,3,22,0.00000000003332
2010,4,22,0.0000553552
2010,5,22,0.02073466
2010,6,22,0.06519734
2010,7,22,0.007156981
2010,8,22,0.0020087996
2010,9,22,0.002143544
2010,10,22,0.002600431
2010,11,22,0.001366924
2010,12,22,0.0341156
2010,13,22,0.004359648
2010,14,22,0.003665549
2010,15,22,0.0000321069
2010,16,22,0.0000979397
2010,17,22,0.0000939875
2010,18,22,0.0000083933
2010,19,22,0.000003917
2010,20,22,0.00132354
2010,21,22,16.41338
2010,22,22,2.218163
2010,23,22,1.67328
2010,24,22,0.5373753
2010,25,22,0.03729233
2010,26,22,0.2512478
2010,27,22,0.06209035
2010,28,22,0.04812909
2010,29,22,0.003257813
2010,30,22,0.5648753
2010,31,22,1.404524
2010,32,22,0.06806843
2010,33,22,9.094597
2010,34,22,23.6735353
2010,35,22,7.518946
2010,36,22,0.0368296
2010,37,22,23.65761
2010,38,22,8.071255
2010,39,22,17.13364
2010,40,22,2.885757
2010,41,22,9.416597
2010,42,22,5.485473
2010,43,22,0.3776579
2010,44,22,1.500463
2010,45,22,0.035012840004086
2010,46,22,0.002379957
2010,47,22,0.9772287
2010,48,22,2.928469
2010,49,22,8.114266
2010,50,22,0.02435356
2010,51,22,0.03695369
2010,52,22,0.3603831
2010,53,22,3.6005526159
2010,54,22,1.610425
2010,55,22,0.5638617
2010,56,22,0.3918509
2010,57,22,1.490684
2010,1,23,0.0000066215464
2010,2,23,0.7510893467
2010,3,23,0.178314300120513
2010,4,23,0.058194493
2010,5,23,0.0485772
2010,6,23,0.3018421217
2010,7,23,0.110097644
2010,8,23,3.9920059053
2010,9,23,0.1178048347
2010,11,23,0.203778922
2010,12,23,1.7851524
2010,13,23,0.011246375
2010,14,23,0.206580026
2010,15,23,0.006763516
2010,16,23,0.0430718332
2010,17,23,0.0028241468
2010,18,23,0.007817104
2010,19,23,0.020413292
2010,20,23,0.0006480678
2010,21,23,87.2734158
2010,22,23,1.0960194281
2010,23,23,172.15815738
2010,24,23,8.8736725
2010,25,23,3.5606186
2010,26,23,5.2096023
2010,27,23,0.04298932
2010,28,23,10.18231164
2010,29,23,2.102286166
2010,30,23,0.3282552
2010,31,23,6.73533309
2010,32,23,0.698579
2010,33,23,6.58958058
2010,34,23,22.59483393
2010,35,23,9.0687837
2010,36,23,7.034536
2010,37,23,26.2086356
2010,38,23,9.1943697
2010,39,23,16.9805412
2010,40,23,4.60668882
2010,41,23,8.65205405
2010,42,23,5.31409181
2010,43,23,0.7994753
2010,44,23,0.96114307
2010,45,23,0.897642103914779
2010,46,23,0.0170029641
2010,47,23,0.6606584
2010,48,23,2.76332086
2010,49,23,4.71228591
2010,50,23,0.5251737161
2010,51,23,1.462589721
2010,52,23,1.3651187197
2010,53,23,3.48601894
2010,54,23,3.30380184
2010,55,23,2.23933277
2010,56,23,0.318724576
2010,57,23,6.54313183
2010,1,24,38.2960543948
2010,2,24,196.26342878
2010,3,24,5.20823829
2010,4,24,7.7492898
2010,5,24,182.9556
2010,6,24,9.605396
2010,7,24,1.757335
2010,8,24,43.90644
2010,9,24,2.15165
2010,10,24,0.5807389
2010,11,24,66.70866
2010,12,24,888.6296
2010,13,24,2.143131
2010,14,24,195.6074
2010,15,24,1.456724
2010,16,24,21.77975
2010,17,24,4.517224
2010,18,24,4.064084
2010,19,24,0.3275227
2010,20,24,111.0501
2010,21,24,47.82761
2010,22,24,2.642009
2010,23,24,46.8856119047
2010,24,24,1708.478
2010,25,24,50.51952
2010,26,24,399.0381
2010,27,24,53.65214
2010,28,24,43.99643
2010,29,24,0.3844202
2010,30,24,4.879137
2010,31,24,2.001925
2010,32,24,2.669266
2010,33,24,6.703402
2010,34,24,35.946178
2010,35,24,26.53366
2010,36,24,34.598742
2010,37,24,181.0261
2010,38,24,27.99557
2010,39,24,122.1806
2010,40,24,86.93114
2010,41,24,224.52403
2010,42,24,362.3662
2010,43,24,2.51826
2010,44,24,14.05141
2010,45,24,17.2658529
2010,46,24,0.0578798
2010,47,24,34.40694
2010,48,24,58.26021
2010,49,24,364.55836
2010,50,24,186.6627
2010,51,24,8.979641
2010,52,24,13.06229
2010,53,24,0.556776626
2010,54,24,3.230967
2010,55,24,0.4731291
2010,56,24,0.04097288
2010,57,24,0.5340984
2010,1,25,0.3590940401
2010,2,25,0.008937426
2010,3,25,0.388923742
2010,4,25,0.640203636
2010,5,25,0.1587353
2010,6,25,0.5124876
2010,7,25,0.1310816
2010,8,25,3.9306924
2010,9,25,0.03599582
2010,10,25,0.01077931
2010,11,25,2.078354
2010,12,25,3.018045
2010,13,25,0.003038064
2010,14,25,0.9845454
2010,15,25,0.03140334
2010,16,25,0.09303194
2010,17,25,0.1736213
2010,18,25,6.255101
2010,19,25,0.01177862
2010,20,25,6.644926
2010,21,25,30.62356
2010,23,25,1.8254724681
2010,24,25,6.257926
2010,25,25,31.2967
2010,26,25,6.982986
2010,28,25,27.34187
2010,29,25,0.8894533
2010,30,25,2.505213
2010,31,25,15.20189
2010,32,25,2.849097
2010,33,25,1.2572062
2010,34,25,4.3468597957
2010,35,25,3.116519
2010,36,25,10.098452
2010,37,25,11.97231
2010,38,25,13.57605
2010,39,25,0.5018195
2010,40,25,68.42104
2010,41,25,62.8901
2010,42,25,29.35422
2010,43,25,0.44118
2010,44,25,5.136191
2010,45,25,32.361042
2010,46,25,0.002766295
2010,47,25,2.571632
2010,49,25,60.83344378
2010,52,25,0.691608
2010,53,25,0.00582788
2010,54,25,0.7282227
2010,55,25,0.05801118
2010,1,26,11.57871
2010,2,26,9.3806234359
2010,3,26,39.388688
2010,4,26,2.15010918
2010,5,26,1.447615
2010,6,26,12.80156
2010,7,26,1.328053
2010,8,26,37.1309858
2010,9,26,0.3306411
2010,10,26,0.1220359
2010,11,26,7.988252
2010,12,26,40.94297
2010,13,26,0.1122373
2010,14,26,5.159758
2010,15,26,0.209927
2010,16,26,0.7386345
2010,17,26,0.3404747
2010,18,26,0.7853764
2010,19,26,0.01947486
2010,20,26,12.12978
2010,21,26,193.192
2010,23,26,14.57383
2010,24,26,160.9014
2010,25,26,90.24162
2010,26,26,317.6184
2010,28,26,544.695
2010,29,26,14.53772
2010,30,26,26.45349
2010,31,26,671.077
2010,32,26,98.80779
2010,33,26,19.126664
2010,34,26,59.64496543
2010,35,26,324.13
2010,36,26,143.02137
2010,37,26,438.8098
2010,38,26,57.83106
2010,39,26,29.33859
2010,40,26,382.1681
2010,41,26,474.9504
2010,42,26,197.106
2010,43,26,10.06317
2010,44,26,189.544
2010,45,26,34.8755
2010,46,26,2.118172
2010,47,26,152.2853
2010,49,26,78.60946
2010,53,26,0.04736476
2010,54,26,11.58129
2010,55,26,1.533266
2010,56,26,7.03696
2010,57,26,1.905601
2010,1,27,7.132871014
2010,2,27,1.547126597
2010,3,27,56.670435
2010,4,27,2.074054
2010,5,27,2.056554
2010,6,27,4.336854
2010,7,27,0.359374
2010,8,27,15.2524238
2010,9,27,0.2832379
2010,10,27,0.08731828
2010,11,27,2.034215
2010,12,27,4.503056
2010,13,27,0.108159
2010,14,27,2.818804
2010,15,27,0.05189039
2010,16,27,0.6910612
2010,17,27,0.06125993
2010,18,27,0.8686066
2010,19,27,0.007931643
2010,20,27,5.706537
2010,21,27,260.7283
2010,22,27,1.571984
2010,23,27,7.5623731866
2010,24,27,46.88814
2010,25,27,36.84607
2010,26,27,40.30626
2010,28,27,102.6927
2010,29,27,0.3888866
2010,30,27,4.580478
2010,31,27,49.29409
2010,32,27,21.14772
2010,33,27,91.57795
2010,34,27,13.05766
2010,35,27,42.18009
2010,36,27,114.20828
2010,37,27,176.7242
2010,38,27,105.932
2010,39,27,17.10749
2010,40,27,811.0706
2010,41,27,489.1828
2010,42,27,179.8801
2010,43,27,0.3394644
2010,44,27,131.8025
2010,45,27,11.206370003156
2010,46,27,0.04479019
2010,47,27,95.95971
2010,49,27,179.826705
2010,50,27,0.0000000000000000066
2010,52,27,2.903041
2010,53,27,0.0005956943
2010,54,27,5.413779
2010,55,27,0.8462205
2010,56,27,3.317787
2010,57,27,3.492696
2010,1,28,0.00000000000000000334
2010,2,28,0.7645619
2010,3,28,3.4618452
2010,4,28,0.35124305
2010,5,28,0.3788016
2010,6,28,2.59431
2010,7,28,0.4049506
2010,8,28,46.9197652
2010,9,28,0.1131942
2010,10,28,0.000313409
2010,11,28,6.970419
2010,12,28,6.554077
2010,13,28,0.1097584
2010,14,28,1.53641
2010,15,28,0.141767
2010,16,28,1.722114
2010,17,28,0.1066327
2010,18,28,5.935128
2010,19,28,0.09338329
2010,20,28,18.35737
2010,21,28,24.45201
2010,22,28,1.875663
2010,23,28,10.71234
2010,24,28,20.21833
2010,25,28,141.287
2010,26,28,20.70459
2010,28,28,111.429
2010,29,28,2.205232
2010,30,28,6.819918
2010,31,28,446.6839
2010,32,28,12.81705
2010,33,28,10.786193
2010,34,28,4.613528
2010,35,28,46.80052
2010,36,28,114.11366
2010,37,28,53.5713
2010,38,28,43.00533
2010,39,28,2.671714
2010,40,28,45.70052
2010,41,28,134.281448
2010,42,28,72.38747
2010,43,28,0.006536839
2010,44,28,1.748254
2010,45,28,0.4361885
2010,46,28,0.0000296842
2010,47,28,22.18949
2010,48,28,140.2674
2010,49,28,28.56372
2010,50,28,242.9184
2010,51,28,14.38514
2010,52,28,3.884459
2010,55,28,2.335075
2010,56,28,3.771298
2010,57,28,2.338335
2010,1,29,1.6398661
2010,2,29,0.04088874
2010,3,29,0.6132425
2010,4,29,0.004532778
2010,5,29,0.01637418
2010,7,29,0.009454728
2010,8,29,4.56805747
2010,9,29,0.002223185
2010,11,29,0.06853309
2010,12,29,0.0221005
2010,13,29,0.0003949132
2010,14,29,0.2939075
2010,15,29,0.00176407
2010,16,29,0.01274388
2010,17,29,0.002233894
2010,18,29,0.01614683
2010,19,29,0.06558434
2010,20,29,8.057103
2010,21,29,3.157036
2010,23,29,1.4239586
2010,24,29,6.455538
2010,25,29,3.015184
2010,26,29,1.611124
2010,28,29,0.5726438
2010,29,29,30.02555
2010,30,29,1.278362
2010,31,29,55.67409
2010,32,29,0.6417276
2010,33,29,1.2811972
2010,34,29,0.323479
2010,35,29,3.617848
2010,36,29,12.9416739
2010,37,29,2.456305
2010,38,29,2.289109
2010,39,29,1.116163
2010,40,29,4.474577
2010,41,29,18.5238197
2010,42,29,4.094035
2010,44,29,0.2370871
2010,45,29,0.2218175
2010,46,29,0.0000192421
2010,47,29,12.71704
2010,48,29,29.83709
2010,49,29,2.2477002
2010,50,29,0.6802067
2010,51,29,1.238638
2010,52,29,0.7206779
2010,54,29,0.03239777
2010,55,29,0.07255972
2010,56,29,0.2209844
2010,57,29,1.321872
2010,2,30,0.27355383521
2010,3,30,2.7459544
2010,4,30,0.12502502
2010,6,30,0.03770032
2010,7,30,0.06458399
2010,8,30,104.0119025
2010,9,30,0.01949575
2010,11,30,0.0004190212
2010,12,30,1.000844
2010,13,30,0.001037538
2010,14,30,0.1206361
2010,15,30,0.02969124
2010,16,30,0.0687442
2010,17,30,0.0008658949
2010,18,30,0.09520468
2010,19,30,1.164273
2010,20,30,13.59462
2010,21,30,21.64278
2010,22,30,0.08875539
2010,23,30,7.0034513
2010,24,30,15.16922
2010,25,30,12.59154
2010,26,30,20.81773
2010,28,30,3.928524
2010,29,30,2.103887
2010,30,30,151.6429
2010,31,30,106.7241
2010,32,30,3.139585
2010,33,30,5.333909
2010,34,30,3.473074163
2010,35,30,20.44168
2010,36,30,115.45456
2010,37,30,17.49316
2010,38,30,12.26269
2010,39,30,13.5487
2010,40,30,12.33235
2010,41,30,74.76565
2010,42,30,10.82322
2010,44,30,2.094697
2010,45,30,1.570302
2010,46,30,0.08496396
2010,47,30,0.1213604
2010,48,30,61.68763
2010,49,30,59.903349
2010,50,30,12.22243
2010,51,30,14.15075
2010,52,30,3.242214
2010,53,30,1.1365556
2010,54,30,0.534432
2010,55,30,0.7552864
2010,56,30,3.675514
2010,57,30,8.86289
2010,2,31,2.522560604
2010,3,31,2.939395
2010,4,31,0.17827625
2010,5,31,0.4515633
2010,6,31,0.817552
2010,7,31,0.3315128
2010,8,31,1.3504186
2010,9,31,0.04992358
2010,11,31,0.6885398
2010,12,31,1.480172
2010,13,31,0.003889582
2010,14,31,0.6332854
2010,15,31,0.05646774
2010,16,31,0.01254539
2010,17,31,0.006283918
2010,18,31,0.1893674
2010,19,31,0.07122899
2010,20,31,8.560837
2010,21,31,27.90458
2010,23,31,4.221642
2010,24,31,49.06344
2010,25,31,10.71032
2010,26,31,5.079961
2010,28,31,35.59394
2010,29,31,11.71408
2010,30,31,21.51554
2010,31,31,542.4966
2010,32,31,4.861929
2010,33,31,6.885496
2010,34,31,11.62894
2010,35,31,37.69363
2010,36,31,84.05406
2010,37,31,46.65579
2010,38,31,6.560064
2010,39,31,2.7983
2010,40,31,26.26232
2010,41,31,89.09683
2010,42,31,19.519
2010,43,31,0.007831111
2010,44,31,1.066718
2010,45,31,0.2728009
2010,46,31,0.0004269591
2010,47,31,5.776785
2010,48,31,11.5522
2010,49,31,56.93787
2010,50,31,1.904064
2010,51,31,14.86133
2010,52,31,1.4906
2010,54,31,3.573834
2010,55,31,0.8933196
2010,56,31,1.596115
2010,57,31,2.119436
2010,2,32,0.005417283
2010,3,32,4.0126758644
2010,4,32,0.30187603
2010,5,32,0.2928122
2010,6,32,0.4773697
2010,7,32,0.1811072
2010,8,32,3.16154687
2010,9,32,0.02163594
2010,10,32,0.009129253
2010,11,32,0.3527719
2010,12,32,1.245116
2010,13,32,0.02528288
2010,14,32,0.233429
2010,15,32,0.02371702
2010,16,32,0.2307623
2010,17,32,0.04169017
2010,18,32,0.6977817
2010,19,32,0.003743646
2010,20,32,1.500587
2010,21,32,11.21427
2010,22,32,0.7388219
2010,23,32,6.023952
2010,24,32,13.59091
2010,25,32,14.2049
2010,26,32,5.882921
2010,28,32,42.52781
2010,29,32,2.246852
2010,30,32,27.63387
2010,31,32,12.26994
2010,32,32,49.68037
2010,33,32,5.097384
2010,34,32,4.556105
2010,35,32,25.95877
2010,36,32,66.690927
2010,37,32,12.04514
2010,38,32,4.096546
2010,39,32,0.9527772
2010,40,32,40.57727
2010,41,32,92.40326
2010,42,32,28.38149
2010,44,32,1.464146
2010,45,32,0.3635803
2010,46,32,0.001290482
2010,47,32,3.1699
2010,48,32,7.640845
2010,49,32,33.86984
2010,50,32,13.18382
2010,51,32,14.63382
2010,52,32,0.2030979
2010,53,32,0.6428222
2010,54,32,1.570939
2010,55,32,1.765242
2010,56,32,0.7545453
2010,57,32,8.331599
2010,1,33,87.539013
2010,2,33,1.9466169100068
2010,3,33,485.6635399165
2010,4,33,2.48648077
2010,5,33,3.0869718
2010,6,33,4.3096432
2010,7,33,0.6369437
2010,8,33,18.552406287
2010,9,33,0.36011343
2010,10,33,0.083707597
2010,11,33,0.32796773
2010,12,33,2.5077395
2010,14,33,0.3590029
2010,15,33,0.12177055
2010,16,33,0.013695271
2010,17,33,0.0049998338
2010,18,33,0.39587647
2010,19,33,0.021664946
2010,20,33,2.323269327
2010,21,33,54.968784
2010,22,33,0.1082126
2010,23,33,19.4329316
2010,24,33,52.025943
2010,25,33,23.287101
2010,26,33,122.06213
2010,28,33,51.250895
2010,29,33,2.2835705
2010,30,33,9.3381191
2010,31,33,39.074669
2010,32,33,22.138208
2010,33,33,32.904862
2010,34,33,54.038465
2010,35,33,85.233993
2010,36,33,108.766472
2010,37,33,91.206812
2010,38,33,23.592353
2010,39,33,3.5319382
2010,40,33,361.11791
2010,41,33,264.17646
2010,42,33,94.86507
2010,43,33,0.06586681
2010,44,33,2.1100603
2010,45,33,2.97828522
2010,46,33,0.020544108
2010,47,33,20.662223
2010,48,33,75.506738
2010,49,33,187.577253
2010,50,33,11.2575109
2010,51,33,25.602347
2010,52,33,10.0673867
2010,53,33,9.3880068
2010,54,33,5.2162436
2010,55,33,3.645898
2010,56,33,1.1228788
2010,57,33,21.207171
2010,1,34,0.241539165
2010,2,34,0.29694352945
2010,3,34,3.2836517609
2010,4,34,0.23254771
2010,5,34,0.27887234
2010,6,34,24.10266771
2010,7,34,8.48478515
2010,8,34,1.52278534
2010,9,34,0.32699464
2010,10,34,0.005019665
2010,11,34,0.19778721
2010,12,34,0.578601
2010,13,34,0.0019373572
2010,14,34,0.26381644
2010,15,34,0.06816341
2010,16,34,0.10505498
2010,17,34,0.042358194
2010,18,34,0.09305963
2010,19,34,0.0124346199
2010,20,34,2.8299431
2010,21,34,15.90944
2010,22,34,0.24013424
2010,23,34,3.6725061078
2010,24,34,11.0350374
2010,25,34,13.7027015
2010,26,34,703.7410248
2010,28,34,40.8621204
2010,29,34,5.32148734
2010,30,34,5.8140279
2010,31,34,4.3116279
2010,32,34,3.1100355
2010,33,34,2.7473337
2010,34,34,1316.296279
2010,35,34,41.814807
2010,36,34,18.311002
2010,37,34,38.21198
2010,38,34,3.1590888
2010,39,34,3.480033
2010,40,34,52.823417
2010,41,34,199.109775
2010,42,34,42.1683719
2010,43,34,200.924875657
2010,44,34,15.094017
2010,45,34,28.75797745973
2010,46,34,0.7108369452
2010,47,34,24.58388344
2010,48,34,2.4024532
2010,49,34,50.53052796
2010,50,34,2.0252155
2010,51,34,5.6879118
2010,52,34,5.9449749
2010,53,34,138.4432697089
2010,54,34,57.672195
2010,55,34,6.2285999
2010,56,34,0.9187851
2010,57,34,5.182119
2010,1,35,0.08517813
2010,2,35,0.0001073935
2010,3,35,3.2284701
2010,4,35,0.11663605
2010,5,35,0.5408074
2010,6,35,0.6689727
2010,7,35,1.317222
2010,8,35,1.5762882
2010,9,35,0.02936881
2010,10,35,0.003567969
2010,11,35,9.168268
2010,12,35,3.317906
2010,13,35,0.09723162
2010,14,35,0.8272059
2010,15,35,7.081727
2010,16,35,2.829756
2010,17,35,0.08072589
2010,18,35,0.5433094
2010,19,35,0.03224702
2010,20,35,31.52285
2010,21,35,26.16738
2010,22,35,0.1925016
2010,23,35,6.718681
2010,24,35,25.15242
2010,25,35,14.69321
2010,26,35,21.57628
2010,28,35,19.38868
2010,29,35,1.463555
2010,30,35,4.79458
2010,31,35,45.59043
2010,32,35,22.69055
2010,33,35,9.972474
2010,34,35,3.885063
2010,35,35,606.2234
2010,36,35,154.35471
2010,37,35,40.09289
2010,38,35,0.92531
2010,39,35,14.01473
2010,40,35,77.27676
2010,41,35,82.41309
2010,42,35,68.10958
2010,43,35,0.4828556
2010,44,35,2.934451
2010,45,35,4.335822
2010,46,35,0.0000193692
2010,47,35,43.82105
2010,48,35,14.10749
2010,49,35,76.996687
2010,50,35,2.943963
2010,51,35,40.34646
2010,52,35,6.704428
2010,53,35,0.5902158
2010,54,35,21.59534
2010,55,35,1.933553
2010,57,35,4.999713
2010,1,36,0.0011021894
2010,2,36,0.000134347
2010,3,36,6.00326716006
2010,4,36,1.806296096
2010,5,36,1.2979339
2010,6,36,10.39823835
2010,7,36,3.40088483
2010,8,36,4.55425853
2010,9,36,0.04488485
2010,11,36,3.9622306
2010,12,36,1.62210647
2010,13,36,0.066462779
2010,14,36,1.73299974
2010,15,36,2.23527447
2010,16,36,3.22207304
2010,17,36,0.246182829
2010,18,36,1.43807504
2010,19,36,0.076587134
2010,20,36,41.244776
2010,21,36,14.483329
2010,22,36,0.957791778
2010,23,36,26.6926386407
2010,24,36,53.8036484
2010,25,36,158.818816
2010,26,36,1247.7831299
2010,28,36,61.121564
2010,30,36,18.3420085
2010,31,36,12.5147488
2010,32,36,50.7872655
2010,33,36,31.764559775
2010,34,36,54.208352
2010,35,36,265.89307
2010,36,36,1101.344239
2010,37,36,422.13114
2010,38,36,62.911393
2010,39,36,250.29833
2010,40,36,93.55278
2010,41,36,111.980301
2010,42,36,5.629387
2010,43,36,32.78169448
2010,44,36,35.418597
2010,45,36,27.330141002431
2010,46,36,7.363527
2010,47,36,61.935831
2010,48,36,9.4622828
2010,49,36,2.96777143
2010,50,36,8.5170471
2010,51,36,169.5011477
2010,52,36,8.1701478
2010,53,36,0.4813930379
2010,54,36,76.9807503
2010,55,36,1.1647063
2010,56,36,26.16313
2010,57,36,9.2050743
2010,1,37,0.139367458
2010,3,37,1.17929582
2010,4,37,0.444082
2010,6,37,11.05853
2010,7,37,0.1876872
2010,8,37,0.361577554
2010,9,37,0.00000000000000000404
2010,11,37,0.001450404
2010,12,37,0.001005403
2010,13,37,0.001144814
2010,15,37,0.0359338
2010,16,37,0.004587343
2010,17,37,0.007807147
2010,18,37,0.1437355
2010,20,37,36.54639
2010,21,37,60.74027
2010,22,37,0.2015868
2010,23,37,4.6208621
2010,24,37,5.698789
2010,25,37,0.6574597
2010,26,37,6.180291
2010,28,37,5.782125
2010,30,37,14.06295
2010,31,37,6.722923
2010,32,37,48.3507
2010,33,37,35.055549
2010,34,37,8.81774323
2010,35,37,75.59309
2010,36,37,121.44452
2010,37,37,3448.212
2010,38,37,45.6892
2010,39,37,1311.607
2010,40,37,10.64063
2010,41,37,931.63654
2010,42,37,24.54397
2010,44,37,10.72368
2010,45,37,0.05859638
2010,47,37,103.869
2010,48,37,0.09496215
2010,49,37,272.33406
2010,51,37,58.72111
2010,52,37,3.645634
2010,53,37,11.1086961
2010,54,37,5.245614
2010,55,37,0.7964467
2010,56,37,11.54496
2010,4,38,0.0022357839
2010,6,38,0.178873
2010,7,38,0.004044007
2010,8,38,0.04570293
2010,9,38,0.00000000000000000000408
2010,11,38,0.0000202217
2010,15,38,0.008551015
2010,16,38,0.0001059475
2010,17,38,0.000011927
2010,18,38,0.01959836
2010,20,38,0.0656767
2010,21,38,5.160827
2010,22,38,0.02733217
2010,23,38,0.7558627
2010,24,38,4.978884
2010,25,38,1.553637
2010,26,38,1.890815
2010,27,38,0.6383513
2010,28,38,0.2524533
2010,30,38,3.407374
2010,31,38,0.4785313
2010,32,38,7.849232
2010,33,38,7.94732
2010,34,38,1.44555034
2010,35,38,42.8831
2010,36,38,58.364956
2010,37,38,30.07984
2010,38,38,2335.865
2010,39,38,1130.317
2010,40,38,26.27392
2010,41,38,85.34452
2010,42,38,20.92716
2010,44,38,14.97387
2010,45,38,7.104133
2010,47,38,22.909
2010,49,38,56.969176
2010,50,38,9.317566
2010,51,38,1.013999
2010,52,38,16.84128
2010,54,38,1.038881
2010,55,38,0.8694756
2010,56,38,11.12228
2010,3,39,2.9746182
2010,4,39,0.12554947
2010,5,39,0.9323503
2010,6,39,2.512629
2010,7,39,1.029437
2010,8,39,3.1275604
2010,9,39,0.02604949
2010,11,39,0.602357
2010,13,39,0.0000253981
2010,14,39,0.6862956
2010,15,39,0.09112023
2010,16,39,0.1203565
2010,17,39,0.01661909
2010,18,39,0.4116509
2010,19,39,0.025967
2010,20,39,3.116914
2010,21,39,31.11992
2010,23,39,11.566312
2010,24,39,5.979139
2010,25,39,5.612008
2010,26,39,12.25446
2010,28,39,11.82976
2010,29,39,2.416076
2010,30,39,5.756423
2010,31,39,26.63062
2010,32,39,153.8107
2010,33,39,16.377197
2010,34,39,22.59324
2010,35,39,210.7263
2010,36,39,219.45475
2010,37,39,83.71509
2010,38,39,2.000065
2010,39,39,714.6024
2010,40,39,9.998363
2010,41,39,50.34086
2010,42,39,11.38545
2010,43,39,0.2101909
2010,44,39,4.344796
2010,45,39,4.390076
2010,46,39,0.01175863
2010,47,39,39.80012
2010,48,39,22.40815
2010,49,39,88.595191
2010,50,39,2.258249
2010,51,39,17.13943
2010,52,39,3.513376
2010,53,39,0.5034398
2010,54,39,4.066426
2010,55,39,1.757129
2010,56,39,5.32852
2010,57,39,1.523753
2010,2,40,0.06888418
2010,3,40,0.10177649
2010,4,40,0.051558183
2010,5,40,0.3893015
2010,6,40,0.01070989
2010,7,40,0.0767782
2010,8,40,1.605773919
2010,9,40,0.004621513
2010,11,40,0.001457815
2010,12,40,0.1346022
2010,14,40,0.1068334
2010,15,40,0.04745266
2010,16,40,0.1940337
2010,17,40,0.001715983
2010,18,40,0.2895669
2010,20,40,1.635716
2010,21,40,27.06661
2010,23,40,3.0395594
2010,24,40,233.2537
2010,25,40,8.844123
2010,26,40,2.352512
2010,28,40,5.231054
2010,30,40,1.867746
2010,31,40,16.71429
2010,32,40,4.259172
2010,33,40,3.65721
2010,34,40,7.62732316
2010,35,40,23.6213
2010,36,40,49.246505
2010,37,40,3225.239
2010,38,40,24.00917
2010,39,40,3.364641
2010,40,40,53.42215
2010,41,40,137.99652
2010,42,40,134.0042
2010,43,40,0.3394698
2010,44,40,11.90478
2010,45,40,1.04681
2010,46,40,0.0004753488
2010,47,40,30.43004
2010,48,40,4.664884
2010,49,40,100.021113
2010,50,40,462.8992
2010,51,40,12.19212
2010,52,40,0.2926162
2010,53,40,0.2280393
2010,54,40,1.118131
2010,55,40,0.1473074
2010,56,40,0.5981764
2010,57,40,1.248188
2010,2,41,0.014253231
2010,3,41,13.340007
2010,4,41,0.927789799
2010,5,41,2.70417
2010,6,41,8.832717
2010,7,41,5.644065
2010,8,41,11.3735629
2010,9,41,0.04319976
2010,11,41,0.7650761
2010,14,41,0.1741987
2010,15,41,0.05318303
2010,16,41,0.17071564
2010,17,41,0.04322419
2010,18,41,1.5119051
2010,19,41,0.02075159
2010,20,41,2.902832
2010,21,41,11.998913
2010,22,41,1.1814926
2010,23,41,14.253424
2010,24,41,69.3267
2010,25,41,34.337052
2010,26,41,54.32081
2010,28,41,58.0838
2010,29,41,1.868881
2010,30,41,42.02458
2010,31,41,30.68742
2010,32,41,87.33777
2010,33,41,34.697988
2010,34,41,58.827821
2010,35,41,158.85046
2010,36,41,255.2759
2010,37,41,349.49142
2010,38,41,75.549167
2010,39,41,30.659813
2010,40,41,300.35394
2010,41,41,271.84966
2010,42,41,39.48791
2010,43,41,4.252004
2010,44,41,30.345459
2010,45,41,2.8113
2010,46,41,0.09092191
2010,47,41,156.927378
2010,48,41,57.40923
2010,49,41,69.371466
2010,50,41,53.387992
2010,51,41,218.62679
2010,52,41,9.380306
2010,53,41,6.8853168
2010,54,41,31.338643
2010,55,41,4.537316
2010,56,41,6.227453
2010,57,41,10.381713
2010,2,42,0.0000554895
2010,3,42,0.35143856
2010,4,42,0.021377657
2010,5,42,0.1190973
2010,6,42,0.5634324
2010,7,42,0.1815573
2010,8,42,0.349679155
2010,9,42,0.002584442
2010,11,42,0.02820533
2010,13,42,0.0001915011
2010,14,42,0.01777256
2010,15,42,0.01732249
2010,16,42,0.01930128
2010,17,42,0.004173846
2010,18,42,0.08061288
2010,19,42,0.0008879611
2010,20,42,0.6215753
2010,21,42,12.02997
2010,23,42,0.7573538
2010,24,42,3.690234
2010,25,42,0.2228373
2010,26,42,1.865503
2010,28,42,3.760227
2010,30,42,0.6198886
2010,31,42,4.15597
2010,32,42,2.238146
2010,33,42,0.98726434
2010,34,42,2.627425
2010,35,42,4.311931
2010,36,42,13.783255
2010,37,42,6.538433
2010,38,42,10.11227
2010,39,42,6.462186
2010,40,42,15.31213
2010,41,42,41.67642
2010,42,42,388.6973
2010,43,42,0.002015644
2010,44,42,0.1257014
2010,45,42,0.1919477
2010,46,42,0.01926232
2010,47,42,5.365551
2010,48,42,2.494583
2010,49,42,25.8349735
2010,50,42,263.5467
2010,51,42,10.28368
2010,52,42,0.4193538
2010,53,42,0.1100063
2010,54,42,1.508189
2010,55,42,0.2990777
2010,56,42,0.7143974
2010,57,42,1.080758
2010,1,43,2.693028
2010,2,43,0.0002985764
2010,3,43,4.909081
2010,4,43,1.5890771
2010,5,43,0.8478622
2010,6,43,3.224377
2010,7,43,0.1468707
2010,8,43,1.6144579
2010,9,43,0.7329719
2010,10,43,0.1640826
2010,11,43,0.8281336
2010,13,43,0.003408123
2010,14,43,0.0792511
2010,15,43,0.09515014
2010,16,43,0.3299477
2010,17,43,0.01928079
2010,18,43,0.5059075
2010,19,43,0.02119687
2010,20,43,2.844542
2010,21,43,5.410242
2010,22,43,2.213176
2010,23,43,21.690437
2010,24,43,14.96732
2010,25,43,11.11852
2010,26,43,6.656783
2010,28,43,17.0232
2010,30,43,5.840647
2010,31,43,6.697468
2010,32,43,10.65028
2010,33,43,3.905813
2010,34,43,5.932239
2010,35,43,15.04686
2010,36,43,46.34039
2010,37,43,19.61947
2010,38,43,2.164447
2010,39,43,22.73866
2010,40,43,26.24386
2010,41,43,35.59783
2010,42,43,13.52381
2010,43,43,12.65533
2010,44,43,3.498886
2010,45,43,0.8725755
2010,46,43,0.007931469
2010,47,43,3.348784
2010,48,43,6.511387
2010,49,43,34.171682
2010,50,43,18.53735
2010,51,43,141.5551
2010,52,43,19.59138
2010,54,43,7.269458
2010,55,43,2.191681
2010,56,43,1.271405
2010,57,43,7.074623
2010,2,44,0.0001710364
2010,3,44,1.19279049
2010,4,44,0.11728452
2010,5,44,0.1536296
2010,6,44,1.741859
2010,7,44,0.3844044
2010,8,44,0.35844869
2010,9,44,0.0528419
2010,10,44,0.001858211
2010,11,44,0.0910978
2010,12,44,0.06911909
2010,13,44,0.003705262
2010,14,44,0.215412
2010,15,44,0.01103422
2010,16,44,0.04732846
2010,17,44,0.01297355
2010,18,44,0.1224917
2010,19,44,0.004576827
2010,20,44,0.6299627
2010,21,44,0.732594
2010,22,44,0.3007666
2010,23,44,4.248355
2010,24,44,3.691406
2010,25,44,1.785476
2010,26,44,4.337749
2010,28,44,5.770557
2010,29,44,0.2286674
2010,30,44,2.910352
2010,31,44,1.319092
2010,32,44,2.933303
2010,33,44,2.831986
2010,34,44,12.117861
2010,35,44,25.04248
2010,36,44,17.677372
2010,37,44,10.37897
2010,38,44,0.4978143
2010,39,44,0.634689
2010,40,44,6.358181
2010,41,44,7.9008895
2010,42,44,0.6511475
2010,43,44,0.0548835
2010,44,44,1.020227
2010,45,44,0.7618536
2010,46,44,0.001167229
2010,47,44,4.93082
2010,48,44,2.681471
2010,49,44,0.02894403
2010,50,44,0.2239281
2010,51,44,14.26273
2010,52,44,0.8452156
2010,53,44,0.8529906
2010,54,44,3.242358
2010,55,44,0.86517
2010,56,44,0.3455633
2010,57,44,2.203273
2010,2,45,0.004965687
2010,3,45,10.253075
2010,4,45,0.51952762
2010,5,45,1.132046
2010,6,45,3.3458933
2010,7,45,4.67640526
2010,8,45,4.84348645
2010,9,45,0.36443954
2010,10,45,0.1629017
2010,11,45,0.7062717
2010,12,45,2.5807691
2010,14,45,0.5615029
2010,15,45,0.60773055
2010,16,45,0.5441398
2010,17,45,0.193547966
2010,18,45,0.63955661
2010,19,45,0.033688357
2010,20,45,7.320266
2010,21,45,8.067245
2010,22,45,1.36844
2010,23,45,11.1109615
2010,24,45,29.52626
2010,25,45,17.646049
2010,26,45,48.259759
2010,28,45,20.747245
2010,29,45,2.256993
2010,30,45,17.70638
2010,31,45,27.6881261
2010,32,45,13.9538663
2010,33,45,27.8539653
2010,34,45,26.8967142
2010,35,45,37.726966
2010,36,45,212.4853142
2010,37,45,113.800143
2010,38,45,84.428021
2010,39,45,41.65898
2010,40,45,88.506159
2010,41,45,68.63692
2010,42,45,96.959431
2010,43,45,0.03563735
2010,44,45,1.22041501
2010,45,45,53.042503103
2010,47,45,2.646523342
2010,48,45,40.4048539
2010,49,45,8.2454202
2010,50,45,5.1573662
2010,51,45,61.362848
2010,52,45,80.738684
2010,53,45,4.901941
2010,54,45,19.20164
2010,55,45,12.59912
2010,56,45,6.821558
2010,57,45,13.981597
2010,2,46,0.00000696
2010,3,46,1.3799334101
2010,4,46,1.6409637
2010,5,46,4.209618
2010,6,46,3.913255
2010,7,46,1.25996
2010,8,46,9.0955541
2010,9,46,0.0487505
2010,10,46,0.03385995
2010,11,46,1.172943
2010,13,46,0.1016548
2010,14,46,2.099523
2010,15,46,0.5625751
2010,16,46,15.44927
2010,17,46,0.7930182
2010,18,46,30.4912
2010,19,46,0.1827613
2010,20,46,34.45814
2010,21,46,70.74577
2010,22,46,5.486944
2010,23,46,84.10255
2010,24,46,30.53993
2010,25,46,900.6415
2010,26,46,42.00417
2010,28,46,213.1977
2010,29,46,7.656682
2010,30,46,58.81758
2010,31,46,162.683
2010,32,46,60.21525
2010,33,46,1.4306672
2010,34,46,22.96833
2010,35,46,195.068
2010,36,46,250.89399
2010,37,46,70.5206
2010,38,46,22.21085
2010,39,46,39.62377
2010,40,46,97.09567
2010,41,46,274.9351
2010,42,46,93.05769
2010,43,46,0.008267905
2010,44,46,7.448603
2010,45,46,0.6458225
2010,46,46,0.004264051
2010,47,46,32.89253
2010,48,46,30.15714
2010,49,46,8.014347
2010,50,46,12.26445
2010,51,46,5.121037
2010,52,46,5.876148
2010,54,46,29.61703
2010,55,46,1.622411
2010,56,46,7.664381
2010,57,46,171.8487
2010,1,47,0.02854712
2010,2,47,0.1431084467
2010,3,47,1.3530401
2010,4,47,0.06006005
2010,5,47,0.2142067
2010,6,47,0.3841244
2010,7,47,0.1978996
2010,8,47,0.474222571
2010,9,47,0.0250525
2010,10,47,0.001195809
2010,11,47,0.09308205
2010,12,47,0.04447999
2010,14,47,0.05541507
2010,15,47,0.006213216
2010,16,47,0.01602891
2010,17,47,0.004173886
2010,18,47,0.1246917
2010,19,47,0.004895703
2010,20,47,0.1842718
2010,21,47,0.5272899
2010,22,47,0.2258099
2010,23,47,1.2292061
2010,24,47,1.808539
2010,25,47,2.382611
2010,26,47,2.438201
2010,28,47,2.848789
2010,29,47,0.3188328
2010,30,47,3.348509
2010,31,47,4.685769
2010,32,47,1.664121
2010,33,47,2.5021824
2010,34,47,2.685546
2010,35,47,7.80773
2010,36,47,21.748924
2010,37,47,6.863214
2010,38,47,0.4625632
2010,39,47,4.138852
2010,40,47,7.35494
2010,41,47,3.678707
2010,42,47,4.195267
2010,43,47,0.001337512
2010,44,47,0.1726291
2010,45,47,0.07824381
2010,46,47,0.000009036
2010,47,47,0.204169
2010,48,47,2.036206
2010,49,47,0.09955885
2010,50,47,3.026379
2010,51,47,6.005652
2010,52,47,0.3626102
2010,53,47,0.7386072
2010,54,47,4.694725
2010,55,47,5.257276
2010,56,47,0.5559481
2010,57,47,1.827992
2010,2,48,1.5013708474
2010,3,48,1.2697702
2010,4,48,0.026867341
2010,5,48,0.241215
2010,6,48,0.1935252
2010,7,48,0.8589076
2010,8,48,0.21372674
2010,9,48,0.01473325
2010,11,48,0.1723835
2010,12,48,0.1356556
2010,13,48,0.001454416
2010,14,48,0.02252017
2010,15,48,0.01624212
2010,16,48,0.04693226
2010,17,48,0.006267529
2010,18,48,0.1171413
2010,19,48,0.03070664
2010,20,48,2.96733
2010,21,48,0.9490699
2010,22,48,0.07870603
2010,23,48,1.5468569
2010,24,48,8.722798
2010,25,48,3.42341
2010,26,48,7.844442
2010,28,48,12.65031
2010,29,48,0.8676623
2010,30,48,107.614
2010,31,48,0.1242671
2010,32,48,1.151401
2010,33,48,114.17905
2010,34,48,0.7445829
2010,35,48,7.206062
2010,36,48,21.6008424
2010,37,48,18.15669
2010,38,48,2.068867
2010,39,48,0.747398
2010,40,48,5.11068
2010,41,48,3.347627
2010,42,48,1.005003
2010,44,48,0.4381916
2010,45,48,0.1921278
2010,47,48,0.04872578
2010,48,48,370.7082
2010,49,48,0.7684939
2010,50,48,0.3514919
2010,51,48,3.916653
2010,52,48,0.398121
2010,54,48,4.812449
2010,55,48,0.9352993
2010,56,48,0.6330006
2010,57,48,0.7547735
2010,1,49,0.04768744
2010,2,49,0.0858309719
2010,3,49,3.51227696
2010,4,49,0.40269446
2010,5,49,0.75622934
2010,6,49,0.87978255
2010,7,49,0.43553592
2010,8,49,1.7837745563
2010,9,49,0.1332073647
2010,10,49,0.001997538
2010,11,49,0.406959332
2010,12,49,0.74998898
2010,13,49,0.002641244
2010,14,49,0.146562416
2010,15,49,0.0118314047
2010,16,49,0.041338936
2010,17,49,0.009645173
2010,18,49,0.38712983
2010,19,49,0.0062970279
2010,20,49,1.107839162
2010,21,49,3.8539913
2010,22,49,0.40190894
2010,23,49,8.27296873
2010,24,49,11.0428124
2010,25,49,6.291036
2010,26,49,5.9899629
2010,28,49,7.447942
2010,29,49,0.35747769
2010,30,49,6.56957411
2010,31,49,14.9290493
2010,32,49,3.2563027
2010,33,49,6.699784078
2010,34,49,4.90045561
2010,35,49,14.1165078
2010,36,49,40.7689479
2010,37,49,16.4526634
2010,38,49,3.481927
2010,39,49,8.70663842
2010,40,49,30.0963256
2010,41,49,33.874989
2010,42,49,7.5284807
2010,43,49,0.07072342
2010,44,49,0.75304075
2010,45,49,0.226188699
2010,46,49,0.0000491425
2010,47,49,7.45371349
2010,48,49,6.32032359
2010,49,49,100.39469596
2010,50,49,5.42429371
2010,51,49,15.1702793
2010,52,49,1.85531705
2010,53,49,5.303453
2010,54,49,8.1642522
2010,55,49,2.829358
2010,56,49,1.17976206
2010,57,49,0.16001486
2010,1,50,6.609118
2010,2,50,0.3610437898
2010,3,50,8.269607
2010,4,50,11.4788410328
2010,5,50,0.5715184
2010,6,50,9.567459
2010,7,50,7.86371
2010,8,50,22.674283
2010,9,50,0.6329623
2010,11,50,3.635756
2010,12,50,13.13978
2010,13,50,0.8104855
2010,14,50,0.1496867
2010,15,50,0.7662863
2010,16,50,0.005703332
2010,17,50,0.0007310768
2010,18,50,0.9012758
2010,19,50,0.2973623
2010,20,50,44.11447
2010,21,50,200.7675
2010,23,50,0.23456085
2010,24,50,232.8535
2010,25,50,3.127574
2010,26,50,108.9375
2010,28,50,132.6096
2010,29,50,0.9236936
2010,30,50,7.275701
2010,32,50,5.998835
2010,33,50,53.200672
2010,34,50,12.96981
2010,35,50,213.6747
2010,36,50,113.3979
2010,37,50,55.7953
2010,38,50,14.03802
2010,40,50,421.3455
2010,41,50,645.86288
2010,42,50,138.0283
2010,43,50,9.841335
2010,44,50,13.27747
2010,45,50,11.33174
2010,46,50,0.0750233
2010,48,50,1.460299
2010,49,50,95.999864
2010,50,50,119.8222
2010,51,50,400.1943
2010,52,50,37.12163
2010,53,50,9.680428
2010,54,50,121.434
2010,55,50,37.78448
2010,57,50,39.4407
2010,1,51,0.1849201
2010,2,51,0.285119527
2010,3,51,3.6918895498
2010,4,51,0.0175743045
2010,5,51,14.66707
2010,6,51,5.436503
2010,7,51,12.18966
2010,8,51,13.462301
2010,9,51,0.21444
2010,10,51,0.6441456
2010,11,51,0.2453844
2010,12,51,0.6648093
2010,14,51,8.838107
2010,15,51,0.8645803
2010,16,51,0.04768323
2010,17,51,0.004652065
2010,18,51,0.0000000000000000278
2010,20,51,3.415853
2010,21,51,275.9552
2010,22,51,1.077466
2010,23,51,3.0537337
2010,24,51,83.83505
2010,25,51,0.08170716
2010,26,51,119.5094
2010,27,51,0.0000000000000000339
2010,28,51,24.33218
2010,30,51,8.438312
2010,32,51,0.2875536
2010,33,51,1.7165397
2010,34,51,52.3790432
2010,35,51,27.38461
2010,36,51,10.83955
2010,37,51,5.258246
2010,38,51,51.69085
2010,40,51,115.5798
2010,41,51,173.499639
2010,42,51,23.26317
2010,43,51,0.8546622
2010,44,51,0.8317204
2010,45,51,0.1426704
2010,46,51,0.02047657
2010,47,51,6.483611
2010,48,51,0.6054118
2010,49,51,213.422321
2010,50,51,0.001990254
2010,51,51,521.1717
2010,52,51,0.002015209
2010,53,51,16.00849
2010,54,51,28.17393
2010,55,51,1.968907
2010,56,51,2.230214
2010,57,51,66.95893
2010,1,52,14.21851
2010,2,52,0.0000000000000000194
2010,3,52,8.515920834
2010,4,52,2.46367822
2010,5,52,0.5173206
2010,6,52,9.471342
2010,8,52,31.2785718
2010,10,52,13.5827
2010,11,52,4.310827
2010,12,52,0.6723168
2010,14,52,0.218073
2010,15,52,0.1204848
2010,18,52,0.004381775
2010,19,52,0.0003135191
2010,21,52,58.8062
2010,23,52,14.27199
2010,24,52,1.869994
2010,25,52,55.75394
2010,26,52,91.89317
2010,27,52,0.0000000000000000353
2010,28,52,25.21377
2010,30,52,8.03536
2010,33,52,33.379495
2010,36,52,78.79627
2010,37,52,0.7692515
2010,38,52,25.66238
2010,40,52,45.66223
2010,41,52,123.568
2010,42,52,11.3886
2010,43,52,10.99985
2010,44,52,4.218873
2010,46,52,0.0000000000000000376
2010,47,52,118.3696
2010,49,52,190.35601
2010,50,52,162.2413
2010,51,52,167.1458
2010,52,52,1057.427
2010,54,52,1.466911
2010,55,52,0.9815386
2010,57,52,21.38369
2010,1,53,0.16168272
2010,2,53,0.08559883
2010,3,53,2.98144873
2010,4,53,0.1284399359
2010,5,53,0.227540158
2010,6,53,0.24239883
2010,7,53,0.2913954
2010,8,53,0.4493163342
2010,9,53,0.061412869
2010,10,53,0.006936714
2010,11,53,0.075835445
2010,12,53,0.970661
2010,13,53,0.0003779651
2010,14,53,0.03057616
2010,15,53,0.026283181
2010,16,53,0.0205209
2010,17,53,0.0014116242
2010,18,53,0.022970566
2010,19,53,0.0064920219
2010,20,53,0.9042388
2010,21,53,31.4964521
2010,22,53,0.21821023
2010,23,53,1.60208864
2010,24,53,9.2243264
2010,25,53,1.11033826
2010,26,53,3.7356316
2010,28,53,0.9502546
2010,29,53,0.165308941
2010,30,53,1.16908365
2010,31,53,1.89590088
2010,32,53,1.14806961
2010,33,53,1.799098816
2010,34,53,15.2586921
2010,35,53,3.1936121
2010,36,53,25.2671264
2010,37,53,4.82813011
2010,38,53,0.2708337
2010,39,53,0.28988866
2010,40,53,10.2314022
2010,41,53,14.34889636
2010,42,53,5.7183369
2010,43,53,0.077171066
2010,44,53,1.67216858
2010,45,53,0.248298228
2010,46,53,0.0012924056
2010,47,53,9.1469172
2010,48,53,2.41940208
2010,49,53,87.18614702
2010,50,53,0.85619105
2010,51,53,3.09118335
2010,52,53,1.30111149
2010,53,53,360.9964193
2010,54,53,6.9453922
2010,55,53,5.3799294
2010,56,53,0.24837113
2010,57,53,1.94300534
2010,1,54,0.05406655
2010,2,54,0.010530654
2010,3,54,2.31696
2010,4,54,0.044759195
2010,5,54,0.0003462151
2010,6,54,0.005436996
2010,7,54,0.5243881
2010,8,54,0.9054320717
2010,9,54,0.03462331
2010,10,54,0.002831065
2010,11,54,0.01469539
2010,12,54,0.9056311
2010,14,54,0.001903353
2010,15,54,0.03047015
2010,16,54,0.001298965
2010,17,54,0.0148936
2010,18,54,0.1020665
2010,19,54,0.00275788
2010,20,54,1.640344
2010,21,54,7.475914
2010,22,54,0.6567977
2010,23,54,0.98517724
2010,24,54,1.333688
2010,25,54,0.8162887
2010,26,54,5.924394
2010,28,54,1.788249
2010,29,54,0.0464513
2010,30,54,0.8061874
2010,31,54,0.7878002
2010,32,54,0.811479
2010,33,54,0.34520886
2010,34,54,21.496618
2010,35,54,0.005989919
2010,36,54,4.768333
2010,37,54,1.531477
2010,38,54,2.065431
2010,39,54,0.08058135
2010,40,54,9.48077
2010,41,54,13.428281
2010,42,54,4.205351
2010,44,54,1.427779
2010,45,54,2.9183252
2010,46,54,0.001921501
2010,47,54,0.4734883
2010,48,54,0.3431684
2010,49,54,0.9467299
2010,50,54,0.6651715
2010,51,54,2.164047
2010,52,54,0.4635763
2010,53,54,41.42053
2010,54,54,4.161185
2010,55,54,5.168775
2010,56,54,0.5791288
2010,57,54,0.8056278
2010,1,55,0.9098996
2010,2,55,2.006791
2010,3,55,11.68953036
2010,4,55,1.9011915
2010,5,55,1.470522
2010,6,55,0.8520345
2010,7,55,1.3343
2010,8,55,2.36659155
2010,9,55,0.1882651
2010,10,55,0.03811368
2010,11,55,0.6376151
2010,12,55,1.559468
2010,15,55,0.07921285
2010,16,55,0.09196829
2010,17,55,0.002047204
2010,18,55,0.2076912
2010,19,55,0.03779733
2010,20,55,1.409578
2010,21,55,7.053314
2010,22,55,1.028168
2010,23,55,8.713781
2010,24,55,10.97133
2010,25,55,6.382343
2010,26,55,15.90955
2010,28,55,5.71465
2010,29,55,0.7816977
2010,30,55,5.788527
2010,31,55,5.627614
2010,32,55,6.016484
2010,33,55,9.667279
2010,34,55,104.66121
2010,35,55,15.84461
2010,36,55,33.44181
2010,37,55,12.23655
2010,38,55,0.2513876
2010,40,55,8.456022
2010,41,55,20.971132
2010,42,55,23.27311
2010,43,55,1.414509
2010,44,55,6.931635
2010,45,55,0.8081545
2010,46,55,0.005343591
2010,47,55,20.0833
2010,48,55,5.939949
2010,49,55,63.239091
2010,50,55,2.755898
2010,51,55,15.89118
2010,52,55,10.63289
2010,53,55,192.061681
2010,54,55,68.16645
2010,55,55,36.1891
2010,56,55,0.9450443
2010,57,55,2.563575
2010,2,56,0.0000886005
2010,3,56,0.7468057
2010,4,56,0.036074381
2010,6,56,0.1662931
2010,7,56,0.05681899
2010,8,56,0.14557123
2010,9,56,0.006680851
2010,11,56,0.2059428
2010,12,56,0.332037
2010,13,56,0.00593316
2010,14,56,0.689927
2010,15,56,0.220861
2010,16,56,1.005208
2010,17,56,0.0159816
2010,18,56,0.2833484
2010,20,56,4.76862
2010,21,56,1.342157
2010,22,56,0.1605371
2010,23,56,0.8497497
2010,24,56,1.809554
2010,25,56,5.117183
2010,26,56,2.481027
2010,28,56,2.549357
2010,30,56,0.6590322
2010,31,56,2.534683
2010,32,56,0.865244
2010,33,56,1.514784
2010,34,56,1.1978306
2010,35,56,3.638179
2010,36,56,23.564128
2010,37,56,3.795034
2010,38,56,0.2797441
2010,39,56,1.524472
2010,40,56,4.597186
2010,41,56,1.211004
2010,42,56,0.478391
2010,44,56,0.1358015
2010,45,56,0.04118971
2010,47,56,1.445737
2010,48,56,0.3435029
2010,49,56,1.22663548
2010,50,56,0.5378712
2010,51,56,4.699305
2010,52,56,0.5413718
2010,54,56,0.6489903
2010,55,56,0.3633781
2010,56,56,7.562361
2010,57,56,0.1539516
2010,2,57,0.63756326
2010,3,57,1.446306
2010,4,57,3.982362
2010,5,57,0.2155383
2010,6,57,2.877433
2010,7,57,0.6803538
2010,8,57,6.6186715
2010,9,57,0.6457875
2010,10,57,0.109494
2010,11,57,0.6315695
2010,12,57,0.7757718
2010,13,57,0.005198341
2010,14,57,0.08059553
2010,15,57,0.07353283
2010,16,57,0.3354999
2010,17,57,0.0196061
2010,18,57,0.3448513
2010,19,57,0.0172308
2010,20,57,2.892482
2010,21,57,5.957918
2010,22,57,0.9845828
2010,23,57,36.320223
2010,24,57,14.37449
2010,25,57,15.48313
2010,26,57,11.07508
2010,28,57,12.42405
2010,29,57,0.2138745
2010,30,57,4.619287
2010,31,57,14.06484
2010,32,57,8.230626
2010,33,57,5.2546112
2010,34,57,2.0388421
2010,35,57,22.44065
2010,36,57,74.17936
2010,37,57,42.8813
2010,38,57,6.71186
2010,39,57,3.116556
2010,40,57,127.663
2010,41,57,71.207383
2010,42,57,8.634828
2010,44,57,3.191977
2010,45,57,0.8560198
2010,46,57,0.002111778
2010,47,57,2.517899
2010,48,57,7.072565
2010,49,57,20.4730883
2010,50,57,5.812213
2010,51,57,33.26777
2010,52,57,22.92562
2010,53,57,0.7392885
2010,54,57,7.391972
2010,55,57,4.457235
2010,56,57,3.555289
2010,57,57,50.39785
2011,1,1,1162.494913
2011,2,1,42.4938515019
2011,3,1,122.292700729
2011,4,1,1.1971680555
2011,5,1,1.0573424968
2011,6,1,2.34049339
2011,7,1,0.0028244907
2011,8,1,41.4609906144
2011,9,1,1.751912014
2011,10,1,5.354394
2011,11,1,3.49181519
2011,12,1,4.088232499
2011,13,1,0.0268427137
2011,14,1,3.86757539
2011,15,1,0.035415017
2011,16,1,0.163560146
2011,17,1,0.037741171
2011,18,1,0.2704268997
2011,19,1,0.0131971291
2011,20,1,174.8749315
2011,21,1,174.2667025
2011,22,1,4.83369505
2011,23,1,7.5485442069
2011,24,1,60.4444302
2011,25,1,16.2603616
2011,26,1,297.7726069
2011,27,1,0.0031617094
2011,28,1,10.712968
2011,29,1,3.1795677
2011,30,1,0.367502062
2011,31,1,4.0185127
2011,32,1,1.26496839
2011,33,1,2.092166314
2011,34,1,0.4921988
2011,35,1,28.4928465
2011,36,1,0.458650074
2011,37,1,38.5108076
2011,38,1,17.21653377
2011,39,1,0.0002591741
2011,40,1,4.369805
2011,41,1,23.12060473
2011,42,1,0.8467214
2011,43,1,1.383978
2011,44,1,0.412043789
2011,45,1,105.16203539
2011,46,1,0.0047636016
2011,47,1,1.9085785
2011,48,1,0.68265489
2011,49,1,2.3063299
2011,50,1,0.7583299
2011,51,1,0.8092564
2011,52,1,0.65727199
2011,53,1,3.4482263
2011,54,1,1.91327758
2011,55,1,11.9619725
2011,56,1,0.52363515
2011,57,1,2.3987144
2011,1,2,0.35800992887
2011,2,2,89.01238716272
2011,3,2,0.00008300676966
2011,4,2,0.049679598611
2011,5,2,0.2441947804
2011,6,2,0.0422273231
2011,7,2,0.0012590533
2011,8,2,3.072745081613
2011,9,2,0.0926907004
2011,10,2,0.0139253833
2011,11,2,0.21162432017
2011,12,2,16.3864137401
2011,13,2,0.006090825
2011,14,2,3.197113847
2011,15,2,0.0095131473
2011,16,2,0.0247323904
2011,17,2,0.2530050044
2011,18,2,0.0173692489
2011,19,2,0.086504885623
2011,20,2,3.364480256
2011,21,2,57.7154385
2011,22,2,0.03678319
2011,23,2,2.142155179354
2011,24,2,17.22349977
2011,25,2,2.973561916
2011,26,2,23.23444164
2011,28,2,36.811785016
2011,29,2,1.3423653725
2011,30,2,11.50671
2011,31,2,0.1174905833
2011,32,2,0.00053564318
2011,33,2,3.6643106272
2011,34,2,16.5612361149
2011,35,2,4.427811787
2011,36,2,0.37823454665
2011,37,2,14.971540918
2011,38,2,5.096521501
2011,39,2,4.750935016
2011,40,2,1.584264311
2011,41,2,7.712636059
2011,42,2,3.055961409
2011,43,2,0.11574111
2011,44,2,1.361373011
2011,45,2,0.06055870312
2011,46,2,0.0278269673
2011,47,2,0.0639511683
2011,48,2,1.14761982
2011,49,2,3.191535682
2011,50,2,0.00522855625
2011,51,2,0.00003282988
2011,52,2,0.000000003418
2011,53,2,1.807421407881
2011,54,2,0.9980878233
2011,55,2,1.4810871532
2011,56,2,0.2178368089
2011,57,2,1.0147773132
2011,1,3,3322.63877336
2011,2,3,1.2000539306
2011,3,3,459.09443351721
2011,4,3,0.0161189242
2011,5,3,8.4847431
2011,6,3,41.7364184
2011,7,3,0.0016354419
2011,8,3,14.9348519568
2011,9,3,1.0067453826
2011,10,3,2.317051
2011,11,3,44.3972950703
2011,12,3,19.616937
2011,13,3,0.17084386
2011,14,3,22.64677093
2011,15,3,0.0151931262
2011,16,3,1.3274127535
2011,17,3,0.452513578
2011,18,3,0.023703705
2011,19,3,0.0009778102
2011,20,3,13.26928811
2011,21,3,236.3394845
2011,22,3,9.75005194
2011,23,3,20.89392103
2011,24,3,52.5876836
2011,25,3,6.2310098
2011,26,3,1483.189942
2011,28,3,106.63642341
2011,29,3,12.486728059
2011,30,3,88.4283138
2011,31,3,8.81326959
2011,33,3,9.30678618
2011,34,3,84.049240471
2011,35,3,42.78874356
2011,36,3,0.064943427
2011,37,3,54.6786081
2011,38,3,23.8650379
2011,39,3,24.8869485
2011,40,3,5.66776454
2011,41,3,176.8389734
2011,42,3,4.98060557
2011,43,3,0.7270707
2011,44,3,115.9539339
2011,45,3,1.6994460726027
2011,46,3,0.42036135
2011,47,3,27.29837809
2011,48,3,3.33670401
2011,49,3,18.22687065
2011,53,3,10.4429231432
2011,54,3,4.19666611
2011,55,3,7.07620012
2011,56,3,1.017904481
2011,57,3,1.76670431
2011,1,4,0.3089681716
2011,2,4,0.0047114071
2011,3,4,0.023445713867
2011,4,4,9.6830420175
2011,5,4,0.077159108
2011,6,4,0.310550888
2011,7,4,0.0004588526
2011,8,4,0.136341855
2011,9,4,0.07334749
2011,10,4,0.0148430416
2011,11,4,0.0575559443
2011,12,4,0.0531067
2011,13,4,0.0009276557
2011,14,4,0.19685535
2011,15,4,0.000419302
2011,16,4,0.0059511931
2011,17,4,0.0070322483
2011,18,4,0.0011322634
2011,19,4,0.0000428945
2011,20,4,0.120187244
2011,21,4,4.4967689
2011,22,4,0.3475834267
2011,23,4,0.0527651958
2011,24,4,1.03925239
2011,25,4,0.148226623
2011,26,4,7.5970233
2011,28,4,2.9876884
2011,29,4,0.10177393
2011,30,4,1.06048594
2011,31,4,0.22013489
2011,32,4,0.0006514254
2011,33,4,1.127526147
2011,34,4,3.948692014
2011,35,4,0.96092591
2011,36,4,0.0159929068
2011,37,4,3.2649237
2011,38,4,1.17967497
2011,39,4,1.10530444
2011,40,4,0.28148756
2011,41,4,1.92423164
2011,42,4,0.72142538
2011,43,4,0.085233456
2011,44,4,0.425812236
2011,45,4,0.0355821725023
2011,46,4,0.0004770684
2011,47,4,0.11651818
2011,48,4,0.49862234
2011,49,4,0.72203408
2011,50,4,0.0016832385
2011,51,4,0.0035879853
2011,52,4,0.0002687587
2011,53,4,0.2461659744
2011,54,4,0.23562074
2011,55,4,0.35156097
2011,56,4,0.049296388
2011,57,4,0.23418133
2011,1,5,115.2564870321
2011,2,5,0.0607944877
2011,3,5,0.0001565816
2011,4,5,0.1097140118
2011,5,5,79.37536
2011,6,5,0.4399808
2011,7,5,0.001161434
2011,8,5,0.7126693
2011,9,5,0.2059762
2011,11,5,0.1926453
2011,12,5,0.2104387
2011,13,5,0.01600575
2011,14,5,2.088157
2011,15,5,0.00451413
2011,16,5,0.009595847
2011,17,5,0.06232122
2011,18,5,0.02108836
2011,19,5,0.001094981
2011,20,5,1.042216
2011,21,5,23.55401
2011,22,5,0.5750379
2011,23,5,0.7715527816
2011,24,5,8.80789
2011,25,5,0.6435983
2011,26,5,16.33487
2011,28,5,23.22622
2011,29,5,0.7541576
2011,31,5,0.279497
2011,32,5,0.002373623
2011,33,5,1.1890813
2011,34,5,4.5295893
2011,35,5,1.186358
2011,36,5,0.05090536
2011,37,5,3.922308
2011,38,5,1.349702
2011,39,5,1.257688
2011,40,5,0.5060456
2011,41,5,1.5029911
2011,42,5,0.8367017
2011,43,5,0.06406793
2011,44,5,0.1166634
2011,45,5,0.04640067
2011,46,5,0.001307707
2011,47,5,0.1216212
2011,48,5,0.5533227
2011,49,5,0.8447802
2011,50,5,0.0003154414
2011,51,5,0.009582008
2011,52,5,0.0002859619
2011,53,5,0.2766575522
2011,54,5,0.2755903
2011,55,5,0.3981716
2011,56,5,0.05806671
2011,57,5,0.2701143
2011,1,6,0.008847463
2011,2,6,0.0282014045
2011,3,6,0.09138738
2011,4,6,0.1889683526
2011,5,6,0.5657923
2011,6,6,18.68319
2011,7,6,0.0001005965
2011,8,6,0.357554428
2011,9,6,0.093944
2011,10,6,0.01213292
2011,11,6,0.3547561
2011,12,6,0.002928889
2011,13,6,0.0005856151
2011,14,6,0.5640295
2011,15,6,0.0002605301
2011,16,6,0.0269478
2011,17,6,0.01707424
2011,18,6,0.0007025561
2011,19,6,0.0000259944
2011,20,6,0.366191
2011,21,6,7.41607
2011,22,6,0.6146121
2011,23,6,0.18766911
2011,24,6,5.721033
2011,25,6,0.06519803
2011,26,6,5.849104
2011,28,6,9.545617
2011,29,6,0.327888
2011,30,6,3.248704
2011,31,6,0.3982804
2011,33,6,1.586117
2011,34,6,11.384676
2011,35,6,1.139403
2011,36,6,0.005559965
2011,37,6,3.635222
2011,38,6,1.424863
2011,39,6,1.303295
2011,40,6,0.5447004
2011,41,6,1.6332785
2011,42,6,1.009718
2011,43,6,0.01320391
2011,44,6,0.190486
2011,45,6,0.046218303599
2011,46,6,0.001863328
2011,47,6,0.7585809
2011,48,6,0.7220892
2011,49,6,0.9566515
2011,50,6,0.0327627
2011,53,6,0.3387808
2011,54,6,0.3305127
2011,55,6,0.133422
2011,56,6,0.0520488
2011,57,6,0.2149514
2011,1,7,0.0082885948
2011,2,7,0.0081949968
2011,3,7,0.0005639467
2011,4,7,0.1249289356
2011,5,7,0.08398306
2011,6,7,4.066739
2011,7,7,1.769279
2011,8,7,0.13431231
2011,9,7,0.05966094
2011,11,7,0.05834446
2011,12,7,0.4064525
2011,13,7,0.001746426
2011,14,7,0.2767377
2011,15,7,0.001683774
2011,16,7,0.002881073
2011,17,7,0.01136059
2011,18,7,0.003474546
2011,19,7,0.0002276586
2011,20,7,0.2108595
2011,21,7,6.04503
2011,22,7,0.9865261
2011,23,7,0.103917261
2011,24,7,3.573224
2011,25,7,1.401277
2011,26,7,25.78233
2011,28,7,1.154829
2011,29,7,0.09475487
2011,30,7,2.588244
2011,31,7,0.1477024
2011,33,7,1.4172285
2011,34,7,15.9826419
2011,35,7,1.222337
2011,36,7,0.1020457
2011,37,7,4.107744
2011,38,7,1.598265
2011,39,7,1.423272
2011,40,7,0.5475829
2011,41,7,5.048557
2011,42,7,0.7091791
2011,43,7,7.394864
2011,44,7,10.75844
2011,45,7,0.05252402
2011,46,7,0.05391792
2011,47,7,9.494398
2011,48,7,0.2044141
2011,49,7,0.7623743
2011,53,7,0.35757
2011,54,7,0.1519919
2011,55,7,0.4151896
2011,56,7,0.05764186
2011,57,7,0.3049528
2011,1,8,0.3891672862
2011,2,8,34.3640874478
2011,3,8,0.0129155335
2011,4,8,1.766356638
2011,5,8,86.920281
2011,6,8,3.2433216
2011,7,8,0.0003549808
2011,8,8,50.649005053
2011,9,8,0.083214993
2011,10,8,0.01120243
2011,11,8,4.3190011
2011,12,8,60.837833
2011,13,8,0.1444494248
2011,14,8,25.09747126
2011,15,8,0.1351348
2011,16,8,0.38331078
2011,17,8,0.0422128803
2011,18,8,3.5368586
2011,19,8,0.2731515
2011,20,8,16.567077248
2011,21,8,43.21075
2011,22,8,2.01373911
2011,23,8,3.2373907615
2011,24,8,99.4254357
2011,25,8,8.5314779
2011,26,8,73.406231
2011,28,8,2.441758
2011,29,8,0.23248157
2011,30,8,7.732
2011,31,8,0.54038015
2011,33,8,4.05780708
2011,34,8,27.35538424
2011,35,8,9.2380156
2011,36,8,0.039542178
2011,37,8,11.7992628
2011,38,8,8.0864083
2011,39,8,7.8233026
2011,40,8,3.43489143
2011,41,8,9.1772937
2011,42,8,4.5844622
2011,43,8,3.28312106
2011,44,8,8.4353714
2011,45,8,0.295807325
2011,46,8,0.499619342
2011,47,8,12.7083719
2011,48,8,1.72253862
2011,49,8,5.15743456
2011,50,8,0.004082493
2011,51,8,0.008100265
2011,52,8,0.001907276
2011,53,8,3.793152769
2011,54,8,2.09161093
2011,55,8,1.59315672
2011,56,8,0.145333683
2011,57,8,0.79336459
2011,1,9,0.771960429
2011,2,9,2.02122889
2011,3,9,1.3594360597
2011,4,9,0.41411765
2011,5,9,0.1058216
2011,6,9,3.320042
2011,7,9,0.0001748538
2011,8,9,1.15507236
2011,9,9,6.414434
2011,11,9,0.3094548
2011,12,9,4.992364
2011,13,9,0.003048248
2011,14,9,0.6269822
2011,15,9,0.004231168
2011,16,9,0.02209343
2011,17,9,0.02895726
2011,18,9,0.003381816
2011,19,9,0.000560563
2011,20,9,0.484249
2011,21,9,65.30905
2011,22,9,5.159394
2011,23,9,4.4976294
2011,24,9,2.475829
2011,25,9,0.6728511
2011,26,9,17.83622
2011,28,9,0.5453054
2011,29,9,0.5508901
2011,30,9,33.78627
2011,31,9,0.5303844
2011,33,9,13.373015
2011,34,9,100.407906
2011,35,9,17.98659
2011,36,9,0.0520191826
2011,37,9,68.00926
2011,38,9,27.00511
2011,39,9,28.01013
2011,40,9,1.780891
2011,41,9,30.34804
2011,42,9,2.479688
2011,43,9,95.73674
2011,44,9,7.081248
2011,45,9,0.3777753
2011,46,9,0.09590034
2011,47,9,0.8958659
2011,48,9,3.99555
2011,49,9,16.3282
2011,53,9,12.97363613
2011,54,9,2.138392
2011,55,9,6.641346
2011,56,9,1.044509
2011,57,9,4.32263
2011,1,10,6.6066315
2011,2,10,20.4812784416
2011,3,10,4.2053132144
2011,4,10,0.73250413
2011,5,10,0.2974217
2011,6,10,2.047558
2011,7,10,0.2858704
2011,8,10,2.67000019
2011,9,10,1.913428
2011,10,10,115.6521
2011,11,10,14.26189
2011,12,10,3.2245
2011,13,10,0.03876487
2011,14,10,6.81584
2011,15,10,0.1162833
2011,16,10,0.837135
2011,17,10,0.1827897
2011,18,10,0.0423665
2011,19,10,0.0006544492
2011,20,10,4.957634
2011,21,10,8.221375
2011,22,10,9.823874
2011,23,10,1.7238429
2011,24,10,20.45234
2011,25,10,6.588871
2011,26,10,691.0096
2011,28,10,0.9610259
2011,29,10,0.3947784
2011,30,10,11.89896
2011,31,10,0.9346305
2011,33,10,3.6627287
2011,34,10,48.549694
2011,35,10,10.35912
2011,36,10,1.072586
2011,37,10,34.81669
2011,38,10,11.83387
2011,39,10,11.02029
2011,40,10,3.847163
2011,41,10,78.13883
2011,42,10,4.754357
2011,43,10,46.45313
2011,44,10,44.38869
2011,45,10,0.8160879481
2011,46,10,5.124701
2011,47,10,10.16678
2011,48,10,1.587328
2011,49,10,9.018915
2011,51,10,0.6240057
2011,52,10,0.004543793
2011,53,10,5.12405999
2011,54,10,2.334377
2011,55,10,3.441526
2011,56,10,0.5070892
2011,57,10,1.683758
2011,1,11,0.121534874
2011,2,11,0.3384930146
2011,3,11,0.3604728
2011,4,11,0.080921784
2011,5,11,3.640378
2011,6,11,0.6619591
2011,7,11,0.0002015653
2011,8,11,3.45580668
2011,9,11,0.3508183
2011,10,11,0.3158721
2011,11,11,38.22669
2011,12,11,6.547683
2011,13,11,0.1098104
2011,14,11,13.60517
2011,15,11,0.008101527
2011,16,11,0.02128778
2011,17,11,0.1262698
2011,18,11,0.01523972
2011,19,11,0.0002134668
2011,20,11,10.67286
2011,21,11,25.84561
2011,22,11,0.3107454
2011,23,11,13.9670133
2011,24,11,0.7197794
2011,25,11,0.03583769
2011,26,11,36.89613
2011,28,11,8.338277
2011,29,11,0.4580895
2011,30,11,5.379206
2011,31,11,0.9359425
2011,33,11,1.5848032
2011,34,11,12.0382608
2011,35,11,3.180282
2011,36,11,0.20962515
2011,37,11,10.49942
2011,38,11,3.673102
2011,39,11,3.424022
2011,40,11,1.37509
2011,41,11,4.99011
2011,42,11,2.316269
2011,43,11,0.2630224
2011,44,11,0.6877174
2011,45,11,0.09974211
2011,46,11,0.002973356
2011,47,11,4.539908
2011,48,11,0.4448971
2011,49,11,2.2891174
2011,50,11,0.006718721
2011,51,11,0.0470649
2011,52,11,0.00232784
2011,53,11,1.606090546
2011,54,11,0.7665027
2011,55,11,1.097865
2011,56,11,0.1575224
2011,57,11,0.7459575
2011,1,12,0.23369093
2011,2,12,169.913519127
2011,3,12,0.0082000614
2011,4,12,0.1200815397
2011,5,12,1.473984
2011,6,12,2.852443
2011,7,12,0.0002420664
2011,8,12,6.045007664
2011,9,12,0.05545222
2011,10,12,0.1179346
2011,11,12,0.5779632
2011,12,12,212.3876
2011,13,12,0.1031294
2011,14,12,3.283109
2011,15,12,0.00245069
2011,16,12,0.04554661
2011,17,12,0.1459686
2011,18,12,0.008081473
2011,19,12,0.0004200599
2011,20,12,1.817346
2011,21,12,38.27736
2011,22,12,0.6254207
2011,23,12,2.2538539
2011,24,12,8.991356
2011,25,12,2.083791
2011,26,12,45.38745
2011,28,12,42.02626
2011,29,12,1.701583
2011,30,12,9.147419
2011,31,12,0.3910172
2011,33,12,1.657808
2011,34,12,13.5900154
2011,35,12,3.335546
2011,36,12,0.0930885
2011,37,12,11.14057
2011,38,12,3.982132
2011,39,12,3.710231
2011,40,12,1.155867
2011,41,12,4.2630673
2011,42,12,2.516332
2011,43,12,0.1568578
2011,44,12,0.3194506
2011,45,12,0.1145812
2011,46,12,0.006857791
2011,47,12,0.3478059
2011,48,12,0.5387977
2011,49,12,2.4670426
2011,50,12,0.02191632
2011,51,12,0.04631181
2011,52,12,0.004209016
2011,53,12,1.726357718
2011,54,12,0.8188178
2011,55,12,1.191167
2011,56,12,0.1686214
2011,57,12,0.8233297
2011,1,13,0.0504378603
2011,2,13,23.087345
2011,3,13,0.000000004039
2011,4,13,0.0001947109
2011,5,13,0.07939184
2011,6,13,0.1754651
2011,7,13,0.0000960839
2011,8,13,5.876056874
2011,9,13,0.1467022
2011,10,13,0.001024533
2011,11,13,0.04826266
2011,12,13,0.009067018
2011,13,13,0.08371292
2011,14,13,1.526592
2011,15,13,0.003027118
2011,16,13,0.0033859
2011,17,13,0.05855668
2011,18,13,0.0000166795
2011,19,13,0.0000408956
2011,20,13,0.9170602
2011,21,13,17.60668
2011,22,13,1.28163
2011,23,13,51.22073267
2011,24,13,8.594362
2011,25,13,0.9037682
2011,26,13,29.33473
2011,28,13,0.5238869
2011,29,13,0.117938
2011,30,13,3.462732
2011,31,13,0.08492935
2011,33,13,0.9935143
2011,34,13,2.81836124
2011,35,13,0.7227447
2011,36,13,0.0002283477
2011,37,13,2.108802
2011,38,13,0.8579007
2011,39,13,0.7996338
2011,40,13,0.2376016
2011,41,13,0.9210006
2011,42,13,0.5177161
2011,43,13,0.04560607
2011,44,13,0.01930969
2011,45,13,0.02440744
2011,46,13,0.0007489378
2011,47,13,0.02815841
2011,48,13,0.3823409
2011,49,13,0.5302131
2011,51,13,0.001630036
2011,53,13,0.15688947
2011,54,13,0.1701875
2011,55,13,0.2528216
2011,56,13,0.03628693
2011,57,13,0.174412
2011,1,14,0.0046908163
2011,2,14,0.0410071078
2011,3,14,0.0000760396
2011,4,14,0.0034859281
2011,5,14,0.9262321
2011,6,14,0.4583186
2011,7,14,0.0001878286
2011,8,14,1.224656782
2011,9,14,0.003944526
2011,10,14,0.001474402
2011,11,14,0.5575599
2011,12,14,3.335315
2011,13,14,0.8145408
2011,14,14,16.57436
2011,15,14,0.002293393
2011,16,14,0.03607531
2011,17,14,0.2146643
2011,18,14,0.002830953
2011,19,14,0.0000635233
2011,20,14,3.128413
2011,21,14,12.99791
2011,22,14,0.2916475
2011,23,14,1.758766
2011,24,14,7.969659
2011,25,14,0.5116796
2011,26,14,121.1157
2011,28,14,5.056902
2011,29,14,0.2390219
2011,30,14,4.896525
2011,31,14,0.619087
2011,32,14,0.007292156
2011,33,14,1.3978766
2011,34,14,12.4782239
2011,35,14,3.353563
2011,36,14,0.12098
2011,37,14,24.42573
2011,38,14,3.818521
2011,39,14,3.640978
2011,40,14,1.078215
2011,41,14,4.2990961
2011,42,14,2.263301
2011,43,14,0.09966039
2011,44,14,0.4952302
2011,45,14,0.3105990497
2011,46,14,0.0054029
2011,47,14,0.501651
2011,48,14,0.4659584
2011,49,14,2.4186481
2011,50,14,0.009857948
2011,52,14,0.004128882
2011,53,14,1.726264506
2011,54,14,0.7151798
2011,55,14,1.092129
2011,56,14,0.1647013
2011,57,14,0.7153865
2011,1,15,0.58270493
2011,2,15,0.363150568
2011,3,15,0.137230108
2011,4,15,0.35378617
2011,5,15,0.2862835
2011,6,15,1.582988
2011,7,15,0.0002456239
2011,8,15,5.40871098
2011,9,15,0.7194953
2011,10,15,0.02702057
2011,11,15,7.992696
2011,12,15,0.7542244
2011,13,15,0.1020742
2011,14,15,13.80791
2011,15,15,16.49188
2011,16,15,3.535477
2011,17,15,2.970391
2011,18,15,1.270067
2011,19,15,0.0000125986
2011,20,15,9.311449
2011,21,15,23.40571
2011,22,15,2.374844
2011,23,15,0.14401511
2011,24,15,13.5471
2011,25,15,2.368356
2011,26,15,683.0815
2011,28,15,8.822532
2011,29,15,0.597085
2011,30,15,13.68335
2011,31,15,3.347453
2011,33,15,1.2873776
2011,34,15,13.9939275
2011,35,15,5.414017
2011,36,15,3.666915
2011,37,15,19.64907
2011,38,15,4.80351
2011,39,15,3.507116
2011,40,15,2.010655
2011,41,15,7.873463
2011,42,15,0.4674434
2011,43,15,5.897353
2011,44,15,0.5291348
2011,45,15,0.170608904
2011,46,15,0.2766216
2011,47,15,4.155939
2011,48,15,0.7290699
2011,49,15,2.215449
2011,53,15,2.651926
2011,54,15,1.220023
2011,55,15,1.507948
2011,56,15,0.2650216
2011,57,15,1.160084
2011,1,16,0.070919814
2011,2,16,0.0191158631
2011,3,16,0.0000317041
2011,4,16,0.0003636019
2011,5,16,0.002004946
2011,6,16,0.5124373
2011,7,16,0.0001505293
2011,8,16,4.0815900103
2011,9,16,0.002129803
2011,11,16,3.025855
2011,12,16,2.745053
2011,13,16,0.116932
2011,14,16,15.4335
2011,15,16,0.8017903
2011,16,16,5.620251
2011,17,16,0.09230438
2011,18,16,2.55991
2011,19,16,0.0000128292
2011,20,16,11.7421
2011,21,16,7.658576
2011,22,16,0.1257486
2011,23,16,0.28701411
2011,24,16,15.04527
2011,25,16,7.7038
2011,26,16,41.78836
2011,28,16,3.849697
2011,29,16,0.2677218
2011,30,16,5.222106
2011,31,16,0.2027693
2011,33,16,0.8764216
2011,34,16,3.54454503
2011,35,16,0.6994431
2011,36,16,0.4995812
2011,37,16,0.007146841
2011,38,16,0.6497679
2011,39,16,0.6790932
2011,40,16,0.2597588
2011,41,16,1.4524865
2011,42,16,0.4815182
2011,43,16,0.9686905
2011,44,16,0.2501658
2011,45,16,0.02204285
2011,46,16,0.001508615
2011,47,16,2.024644
2011,48,16,0.5091306
2011,49,16,0.3577722
2011,53,16,0.217942113
2011,54,16,0.1576161
2011,55,16,0.2323704
2011,56,16,0.009033405
2011,57,16,0.05293367
2011,1,17,0.28832339
2011,2,17,0.4285726538
2011,3,17,0.021831219
2011,4,17,0.0124846925
2011,5,17,0.5228815
2011,6,17,0.5982942
2011,7,17,0.0001852436
2011,8,17,8.01655562
2011,9,17,0.02026176
2011,10,17,0.0239105
2011,11,17,3.14261
2011,12,17,2.274006
2011,13,17,0.5360108
2011,14,17,40.55407
2011,15,17,0.1188643
2011,16,17,0.1184513
2011,17,17,1.870449
2011,18,17,0.01986157
2011,19,17,0.001753053
2011,20,17,18.17839
2011,21,17,18.80117
2011,22,17,3.095984
2011,23,17,1.1727059
2011,24,17,24.78166
2011,25,17,1.900849
2011,26,17,140.6276
2011,28,17,3.946965
2011,29,17,0.3624441
2011,30,17,13.22876
2011,31,17,0.8483023
2011,33,17,2.27074
2011,34,17,21.6202519
2011,35,17,4.279093
2011,36,17,0.04099378
2011,37,17,14.61075
2011,38,17,6.241269
2011,39,17,5.975997
2011,40,17,0.4248457
2011,41,17,5.423586
2011,42,17,4.00949
2011,43,17,1.475786
2011,44,17,0.5398592
2011,45,17,0.182245873
2011,46,17,0.006688113
2011,47,17,6.47833
2011,48,17,0.8334376
2011,49,17,3.638804
2011,50,17,0.02644098
2011,51,17,0.1415088
2011,52,17,0.03328654
2011,53,17,3.02219037
2011,54,17,1.311491
2011,55,17,1.977565
2011,56,17,0.2528408
2011,57,17,1.360356
2011,1,18,0.017498773
2011,2,18,0.0032335935
2011,3,18,0.008342998
2011,4,18,0.007188991
2011,5,18,0.1197071
2011,6,18,0.09594317
2011,7,18,0.002287114
2011,8,18,0.79503764
2011,9,18,0.01601296
2011,11,18,1.104584
2011,12,18,0.07366662
2011,13,18,0.2675918
2011,14,18,2.549424
2011,15,18,0.1076653
2011,16,18,0.2477308
2011,17,18,0.1909014
2011,18,18,1.034
2011,19,18,0.06758117
2011,20,18,1.575478
2011,21,18,2.977753
2011,22,18,5.817239
2011,23,18,0.677989431
2011,24,18,4.959284
2011,25,18,3.248169
2011,26,18,37.93255
2011,28,18,0.2483129
2011,29,18,0.05359288
2011,30,18,1.694678
2011,31,18,0.2030731
2011,32,18,0.05085284
2011,33,18,1.1147846
2011,34,18,3.7254671
2011,35,18,1.108396
2011,36,18,0.35594997
2011,37,18,3.424168
2011,38,18,1.128928
2011,39,18,1.073496
2011,40,18,0.7127146
2011,41,18,2.263779
2011,42,18,0.8105814
2011,43,18,0.02587532
2011,44,18,0.5147524
2011,45,18,0.3235666
2011,46,18,0.002558749
2011,47,18,0.07727686
2011,48,18,0.4691885
2011,49,18,0.6186118
2011,50,18,0.01196851
2011,51,18,0.06050231
2011,52,18,0.01169474
2011,53,18,0.24155672
2011,54,18,0.2778591
2011,55,18,0.3559063
2011,56,18,0.05310603
2011,57,18,0.2325509
2011,1,19,0.0041429141
2011,2,19,0.0095860503
2011,3,19,0.001266515635
2011,4,19,0.0007905451
2011,5,19,0.000151201
2011,6,19,0.0078566
2011,7,19,0.0005519921
2011,8,19,0.772739443
2011,9,19,0.002109069
2011,10,19,0.0000937138
2011,11,19,0.08520101
2011,12,19,0.0009540979
2011,13,19,0.01179067
2011,14,19,2.273262
2011,15,19,0.01226022
2011,16,19,0.005730488
2011,17,19,0.1929522
2011,18,19,0.002319426
2011,19,19,0.1538517
2011,20,19,2.284466
2011,21,19,0.9713911
2011,22,19,0.1362173
2011,23,19,0.18100368
2011,24,19,5.630953
2011,25,19,0.2687619
2011,26,19,9.327397
2011,28,19,0.09783639
2011,29,19,0.01333094
2011,30,19,0.4248678
2011,31,19,0.06479521
2011,33,19,0.20163678
2011,34,19,1.30562312
2011,35,19,0.215868
2011,36,19,0.013403464
2011,37,19,1.095249
2011,38,19,0.3442911
2011,39,19,0.5660933
2011,40,19,0.1285091
2011,41,19,0.145894
2011,42,19,0.1105416
2011,43,19,0.001308561
2011,44,19,0.04396194
2011,45,19,0.01090411
2011,46,19,0.0000751511
2011,47,19,0.05524037
2011,48,19,0.1609187
2011,49,19,0.21865418
2011,53,19,0.084791814
2011,54,19,0.04939264
2011,55,19,0.1255504
2011,56,19,0.01509997
2011,57,19,0.07874101
2011,1,20,0.0052709983
2011,2,20,0.0094538295
2011,3,20,0.0372632706
2011,4,20,0.048044591
2011,5,20,0.02503009
2011,6,20,0.3260142
2011,7,20,0.0005141541
2011,8,20,3.192825095
2011,9,20,0.0680641
2011,11,20,0.5877456
2011,12,20,0.06594173
2011,13,20,0.01103325
2011,14,20,1.894428
2011,15,20,0.3457581
2011,16,20,0.2529554
2011,17,20,0.1070764
2011,18,20,0.1618931
2011,19,20,0.0000772041
2011,20,20,24.45131
2011,21,20,5.684493
2011,22,20,0.3583088
2011,23,20,0.562731685
2011,24,20,7.866281
2011,25,20,1.541251
2011,26,20,3.75142
2011,28,20,1.619208
2011,29,20,0.07768183
2011,30,20,1.195342
2011,31,20,0.3477903
2011,32,20,0.03493899
2011,33,20,3.7925465
2011,34,20,10.6450461
2011,35,20,2.914945
2011,36,20,0.440601961
2011,37,20,9.708085
2011,38,20,3.254692
2011,39,20,3.020584
2011,40,20,1.140957
2011,41,20,4.93023
2011,42,20,1.188182
2011,43,20,0.00206241
2011,44,20,0.8319632
2011,45,20,0.3447352
2011,46,20,0.003758045
2011,47,20,5.942795
2011,48,20,0.4358414
2011,49,20,2.0510852
2011,50,20,0.01905137
2011,52,20,0.0004947511
2011,53,20,0.5634206222
2011,54,20,0.6392884
2011,55,20,0.9371932
2011,56,20,0.1405072
2011,57,20,0.6437825
2011,1,21,0.057981476
2011,2,21,15.34038306595
2011,4,21,0.0000572133
2011,6,21,0.09028581
2011,7,21,0.0001219086
2011,8,21,14.067039
2011,9,21,0.3960248
2011,11,21,0.049448
2011,13,21,0.005135222
2011,14,21,1.627952
2011,16,21,0.004371817
2011,17,21,0.06120702
2011,20,21,0.9460269
2011,21,21,884.8567
2011,22,21,0.07981506
2011,23,21,0.50096152
2011,24,21,8.033622
2011,25,21,2.562854
2011,26,21,49.65163
2011,28,21,0.1061962
2011,29,21,0.00697495
2011,30,21,0.110629
2011,31,21,0.007534889
2011,33,21,4.475544
2011,34,21,43.584944
2011,35,21,11.28981
2011,37,21,38.38246
2011,38,21,13.34559
2011,39,21,12.47537
2011,40,21,3.647233
2011,41,21,15.822774
2011,42,21,5.197967
2011,43,21,0.0102939
2011,44,21,1.892185
2011,45,21,0.928293500001942
2011,46,21,0.003350581
2011,47,21,0.4460087
2011,48,21,1.811365
2011,49,21,11.872976
2011,52,21,0.002105814
2011,53,21,5.7545271
2011,54,21,2.6653
2011,55,21,3.947667
2011,56,21,0.564745
2011,57,21,2.700632
2011,2,22,0.057131612
2011,4,22,0.0000719847
2011,5,22,0.0252704
2011,6,22,0.04525166
2011,7,22,0.0002301449
2011,8,22,0.0011995715
2011,9,22,0.0006297102
2011,10,22,0.002928444
2011,11,22,0.00304141
2011,12,22,0.0396374
2011,13,22,0.0008172131
2011,14,22,0.004369772
2011,15,22,0.0000205976
2011,16,22,0.0000776862
2011,17,22,0.0000885241
2011,18,22,0.0000198048
2011,19,22,0.0000008216
2011,20,22,0.0018202
2011,21,22,6.515395
2011,22,22,2.840251
2011,23,22,1.932963
2011,24,22,0.6185422
2011,25,22,0.04022312
2011,26,22,0.3043906
2011,27,22,0.07282742
2011,28,22,0.05420481
2011,29,22,0.003683162
2011,30,22,0.5362494
2011,31,22,1.386492
2011,32,22,0.06461169
2011,33,22,3.7144876
2011,34,22,23.9683777
2011,35,22,6.590146
2011,36,22,0.0426636
2011,37,22,21.80658
2011,38,22,7.341716
2011,39,22,7.071592
2011,40,22,2.600487
2011,41,22,8.946917
2011,42,22,2.953274
2011,43,22,0.3116439
2011,44,22,0.918474
2011,45,22,0.2043553
2011,46,22,0.002027703
2011,47,22,0.9930928
2011,48,22,1.018186
2011,49,22,4.643826
2011,50,22,0.0282089
2011,51,22,0.04050076
2011,52,22,0.4624192
2011,53,22,3.1267752164
2011,54,22,1.44787
2011,55,22,2.145626
2011,56,22,0.3852998
2011,57,22,1.461691
2011,2,23,0.9550136894
2011,3,23,0.13961557
2011,4,23,0.076732701
2011,5,23,0.07220414
2011,6,23,0.255512012
2011,7,23,0.0003423348
2011,8,23,2.7921843553
2011,9,23,0.0422440517
2011,11,23,0.5056826342
2011,12,23,2.4826829
2011,13,23,0.0065567257
2011,14,23,0.298805226
2011,15,23,0.006888304
2011,16,23,0.042742146
2011,17,23,0.0031944302
2011,18,23,0.00895497
2011,19,23,0.004838094
2011,20,23,0.002621848
2011,21,23,61.0172533
2011,22,23,1.3822316813
2011,23,23,268.636560748
2011,24,23,7.3071466
2011,25,23,3.87157431
2011,26,23,5.9124893
2011,27,23,0.0614598
2011,28,23,12.14110669
2011,29,23,3.245843543
2011,30,23,0.44155727
2011,31,23,9.38403942
2011,32,23,0.7959645
2011,33,23,3.437286383
2011,34,23,26.167185454
2011,35,23,9.54875353
2011,36,23,9.193265
2011,37,23,28.5232883
2011,38,23,9.92158475
2011,39,23,8.11931458
2011,40,23,5.2040255
2011,41,23,9.16027898
2011,42,23,3.28799455
2011,43,23,0.7225589
2011,44,23,0.543960728
2011,45,23,18.164577295
2011,46,23,0.015092124
2011,47,23,1.3555524
2011,48,23,1.10267238
2011,49,23,5.1145916
2011,50,23,0.7417907
2011,51,23,1.9539747
2011,52,23,2.1350242
2011,53,23,3.47470568
2011,54,23,3.83015923
2011,55,23,2.45175742
2011,56,23,0.350166772
2011,57,23,8.71400728
2011,1,24,27.8805580979
2011,2,24,149.408526734014
2011,3,24,1.754329597
2011,4,24,5.1020152
2011,5,24,159.0208
2011,6,24,2.639575
2011,7,24,1.136225
2011,8,24,26.008621
2011,9,24,0.4186475
2011,10,24,0.2645708
2011,11,24,86.98592
2011,12,24,636.4269
2011,13,24,0.2344911
2011,14,24,145.7858
2011,15,24,0.868796
2011,16,24,14.59734
2011,17,24,2.3501
2011,18,24,1.924657
2011,19,24,0.03860174
2011,20,24,124.513
2011,21,24,53.62185
2011,22,24,1.38653
2011,23,24,47.3401448229
2011,24,24,1031.894
2011,25,24,36.89151
2011,26,24,329.1565
2011,27,24,33.08357
2011,28,24,15.31898
2011,29,24,0.2566963
2011,30,24,1.073737
2011,31,24,1.368316
2011,32,24,1.038271
2011,33,24,0.8050595
2011,34,24,21.832476
2011,35,24,15.43989
2011,36,24,23.607073
2011,37,24,135.1782
2011,38,24,5.283339
2011,39,24,30.81555
2011,40,24,26.06401
2011,41,24,113.72191
2011,42,24,75.16215
2011,43,24,1.368736
2011,44,24,3.998448
2011,45,24,4.6975175
2011,46,24,0.0286868
2011,47,24,19.24484
2011,48,24,2.723179
2011,49,24,281.1047
2011,50,24,124.9214
2011,51,24,3.717334
2011,52,24,2.815042
2011,53,24,0.0832675917
2011,54,24,2.797379
2011,55,24,0.194152
2011,56,24,0.0148432
2011,57,24,0.1617954
2011,1,25,0.143779969394
2011,2,25,0.00175592327403
2011,3,25,0.05267872302372
2011,4,25,0.355713438
2011,5,25,0.05743745
2011,6,25,0.09947221
2011,7,25,0.02077498
2011,8,25,1.66206109
2011,9,25,0.004621299
2011,10,25,0.007217559
2011,11,25,1.180091
2011,12,25,1.2089
2011,13,25,0.0001797621
2011,14,25,0.4391351
2011,15,25,0.01007231
2011,16,25,0.0007606994
2011,17,25,0.03790076
2011,18,25,2.202374
2011,19,25,0.0000931959
2011,20,25,2.112983
2011,21,25,15.9231
2011,23,25,0.3572991887
2011,24,25,2.047436
2011,25,25,15.54695
2011,26,25,2.893558
2011,28,25,6.240404
2011,29,25,0.3149772
2011,30,25,0.5132639
2011,31,25,7.245401
2011,32,25,0.8334634
2011,33,25,0.19392369
2011,34,25,0.6811523697
2011,35,25,1.762781
2011,36,25,8.133016
2011,37,25,4.25701
2011,38,25,6.465371
2011,39,25,0.8174994
2011,40,25,42.33261
2011,41,25,21.489048
2011,42,25,6.494568
2011,44,25,0.9299224
2011,45,25,24.8056143
2011,46,25,0.0000214233
2011,47,25,1.409864
2011,48,25,0.0000444072
2011,49,25,37.3540606
2011,51,25,0.02096213
2011,52,25,0.2869878
2011,53,25,0.00622752873
2011,54,25,2.241097
2011,55,25,0.02418135
2011,1,26,9.559243
2011,2,26,9.9503943306
2011,3,26,13.2613017493
2011,4,26,1.847502689
2011,5,26,1.885258
2011,6,26,5.176661
2011,7,26,0.8147057
2011,8,26,28.4606032
2011,9,26,0.08279793
2011,10,26,0.1872011
2011,11,26,12.63595
2011,12,26,25.27895
2011,13,26,0.01227443
2011,14,26,4.471573
2011,15,26,0.1167433
2011,16,26,0.3847991
2011,17,26,0.1804949
2011,18,26,0.9827748
2011,19,26,0.0007582935
2011,20,26,12.46436
2011,21,26,195.0851
2011,23,26,16.906117
2011,24,26,92.57377
2011,25,26,137.5084
2011,26,26,428.0115
2011,28,26,464.7405
2011,29,26,14.78148
2011,30,26,16.0328
2011,31,26,684.5105
2011,32,26,85.41687
2011,33,26,3.220712
2011,34,26,30.588577
2011,35,26,205.9695
2011,36,26,132.31521
2011,37,26,528.4262
2011,38,26,52.39062
2011,39,26,31.06962
2011,40,26,305.9058
2011,41,26,445.4041
2011,42,26,45.27314
2011,43,26,5.235688
2011,44,26,88.86166
2011,45,26,620.8985
2011,46,26,2.138346
2011,47,26,139.6541
2011,49,26,66.3001284
2011,54,26,14.53942
2011,55,26,1.578397
2011,56,26,4.81504
2011,57,26,1.281916
2011,1,27,6.6609485385
2011,2,27,0.5867253764
2011,3,27,22.29718
2011,4,27,1.702544307
2011,5,27,1.451597
2011,6,27,1.176608
2011,7,27,0.3681636
2011,8,27,11.0636435
2011,9,27,0.07334677
2011,10,27,0.1907691
2011,11,27,2.949013
2011,12,27,3.477989
2011,13,27,0.01123315
2011,14,27,2.480793
2011,15,27,0.03184246
2011,16,27,0.6069865
2011,17,27,0.03071242
2011,18,27,0.7417851
2011,19,27,0.0003982239
2011,20,27,4.100292
2011,21,27,244.5401
2011,22,27,1.262154
2011,23,27,7.0982641065
2011,24,27,190.1731
2011,25,27,41.84206
2011,26,27,34.10136
2011,28,27,46.7351
2011,29,27,0.2313433
2011,30,27,2.180422
2011,31,27,30.78255
2011,32,27,14.44078
2011,33,27,5.319852
2011,34,27,4.457384
2011,35,27,37.81057
2011,36,27,73.58032
2011,37,27,205.3379
2011,38,27,39.52347
2011,39,27,5.744294
2011,40,27,548.9232
2011,41,27,333.4253
2011,42,27,32.90077
2011,43,27,0.07264143
2011,44,27,43.82959
2011,45,27,145.616400000011
2011,46,27,0.01955242
2011,47,27,51.50254
2011,49,27,121.011188
2011,52,27,3.638173
2011,53,27,0.001309847
2011,54,27,5.44329
2011,55,27,0.07972322
2011,56,27,1.99252
2011,57,27,4.237129
2011,2,28,0.26706618
2011,3,28,0.7166974
2011,4,28,0.076720606
2011,5,28,0.142783
2011,6,28,0.5778908
2011,7,28,0.0002289093
2011,8,28,32.480579
2011,9,28,0.01457458
2011,10,28,0.005659637
2011,11,28,4.691066
2011,12,28,3.125227
2011,13,28,0.004477608
2011,14,28,0.7035032
2011,15,28,0.05007458
2011,16,28,0.7523119
2011,17,28,0.02356155
2011,18,28,2.417198
2011,19,28,0.0001908917
2011,20,28,10.10934
2011,21,28,21.97026
2011,22,28,0.398238
2011,23,28,3.5525292
2011,24,28,4.530849
2011,25,28,83.85062
2011,26,28,12.56852
2011,28,28,30.82328
2011,29,28,0.9150389
2011,30,28,1.948682
2011,31,28,278.9587
2011,32,28,3.771336
2011,33,28,1.6974555
2011,34,28,1.011371
2011,35,28,19.15193
2011,36,28,76.667958
2011,37,28,20.4099
2011,38,28,16.44002
2011,39,28,1.691232
2011,40,28,49.18219
2011,41,28,94.590032
2011,42,28,29.74842
2011,44,28,0.6114986
2011,45,28,4.804284
2011,46,28,0.06387351
2011,47,28,19.71528
2011,48,28,17.23871
2011,49,28,15.712199
2011,50,28,215.4862
2011,51,28,5.084814
2011,52,28,1.015964
2011,54,28,0.7636917
2011,55,28,1.228586
2011,56,28,1.257392
2011,57,28,0.8524406
2011,1,29,1.2371371
2011,2,29,0.03087712
2011,3,29,0.2510673
2011,4,29,0.003895184
2011,5,29,0.01828443
2011,7,29,0.0001415335
2011,8,29,7.57024057
2011,9,29,0.0002397544
2011,11,29,0.118107
2011,12,29,0.02310011
2011,13,29,0.0000747698
2011,14,29,0.1742741
2011,15,29,0.001176183
2011,16,29,0.006544014
2011,17,29,0.0009362354
2011,18,29,0.00686849
2011,19,29,0.0000710914
2011,20,29,10.97278
2011,21,29,6.32556
2011,23,29,0.5741884
2011,24,29,4.793408
2011,25,29,2.128088
2011,26,29,2.702037
2011,28,29,0.4076873
2011,29,29,43.95355
2011,30,29,0.6120354
2011,31,29,52.54936
2011,32,29,0.5038085
2011,33,29,0.3380929
2011,34,29,0.1317302
2011,35,29,2.250518
2011,36,29,13.1954578
2011,37,29,2.297414
2011,38,29,3.045155
2011,39,29,2.104912
2011,40,29,2.32164
2011,41,29,19.371193
2011,42,29,1.685806
2011,44,29,0.07947843
2011,45,29,2.728493
2011,46,29,0.0000218026
2011,47,29,27.24361
2011,48,29,5.304074
2011,49,29,1.1849622
2011,50,29,0.5137383
2011,51,29,0.6792744
2011,52,29,0.08482448
2011,54,29,0.7454266
2011,55,29,0.03678672
2011,56,29,0.07529852
2011,57,29,0.7884714
2011,1,30,0.3624469578
2011,2,30,0.0985961716
2011,3,30,1.1855365396
2011,4,30,0.0701895
2011,6,30,0.1765528
2011,7,30,0.0001655232
2011,8,30,156.998392385
2011,9,30,0.006186313
2011,11,30,0.2138907
2011,12,30,0.9241205
2011,13,30,0.0003130888
2011,14,30,0.04421195
2011,15,30,0.02974366
2011,16,30,0.06304675
2011,17,30,0.003361427
2011,18,30,0.06505717
2011,19,30,0.1563669
2011,20,30,42.25723
2011,21,30,54.5315
2011,22,30,0.08464815
2011,23,30,12.044418443
2011,24,30,14.08134
2011,25,30,14.47304
2011,26,30,36.92501
2011,28,30,4.596683
2011,29,30,3.031783
2011,30,30,230.2716
2011,31,30,201.5521
2011,32,30,3.537401
2011,33,30,2.7509436
2011,34,30,1.828753031
2011,35,30,18.66598
2011,36,30,120.22634
2011,37,30,47.26132
2011,38,30,1.301488
2011,39,30,9.298901
2011,40,30,18.80515
2011,41,30,62.8196
2011,42,30,1.564739
2011,44,30,2.311682
2011,45,30,47.9842800000166
2011,46,30,0.04531151
2011,47,30,1.632754
2011,48,30,38.58905
2011,49,30,40.617869
2011,50,30,39.61524
2011,51,30,19.11603
2011,52,30,0.7961873
2011,53,30,7.876473547
2011,54,30,1.548703
2011,55,30,0.6661726
2011,56,30,2.394876
2011,57,30,7.887905
2011,1,31,0.00096314722
2011,2,31,0.823647570696
2011,3,31,0.63485
2011,4,31,0.017932367
2011,5,31,0.140033
2011,6,31,0.1285483
2011,7,31,0.0002039039
2011,8,31,1.33992518
2011,9,31,0.003196444
2011,11,31,0.4346414
2011,12,31,0.5559721
2011,13,31,0.0001384105
2011,14,31,0.1235504
2011,15,31,0.009983326
2011,16,31,0.01615454
2011,17,31,0.0005846699
2011,18,31,0.1089747
2011,19,31,0.0005532691
2011,20,31,4.34287
2011,21,31,57.6597
2011,23,31,0.859163088
2011,24,31,9.879122
2011,25,31,3.838218
2011,26,31,2.456658
2011,28,31,7.227302
2011,29,31,3.982796
2011,30,31,9.356614
2011,31,31,218.1229
2011,32,31,1.179312
2011,33,31,0.4724565
2011,34,31,1.757474885
2011,35,31,11.25275
2011,36,31,36.093408
2011,37,31,44.07378
2011,38,31,7.832528
2011,39,31,0.06924655
2011,40,31,16.60006
2011,41,31,62.36832
2011,42,31,6.802578
2011,43,31,0.04977984
2011,44,31,0.3890389
2011,45,31,3.94797800000003
2011,46,31,0.01071681
2011,47,31,6.846328
2011,48,31,1.359607
2011,49,31,34.845965
2011,50,31,0.4503513
2011,51,31,3.63956
2011,52,31,0.4583738
2011,53,31,0.0000369243
2011,54,31,2.204493
2011,55,31,0.9651111
2011,56,31,0.2955304
2011,57,31,0.7009663
2011,2,32,0.00175422
2011,3,32,0.6678347763
2011,4,32,0.070998846
2011,5,32,0.09673317
2011,6,32,0.1040514
2011,7,32,0.0001857873
2011,8,32,1.73945723
2011,9,32,0.002396573
2011,10,32,0.005720676
2011,11,32,0.2188804
2011,12,32,0.2308685
2011,13,32,0.0009963584
2011,14,32,0.07803651
2011,15,32,0.00922425
2011,16,32,0.03378238
2011,17,32,0.004098732
2011,18,32,0.2980557
2011,19,32,0.0002246178
2011,20,32,0.6559389
2011,21,32,9.631955
2011,22,32,0.1280009
2011,23,32,1.5798212
2011,24,32,4.063305
2011,25,32,5.402879
2011,26,32,1.765332
2011,28,32,6.897017
2011,29,32,1.473152
2011,30,32,11.604
2011,31,32,6.93031
2011,32,32,33.23227
2011,33,32,0.6076442
2011,34,32,0.7899273
2011,35,32,12.48435
2011,36,32,32.45742
2011,37,32,6.311055
2011,38,32,2.55053
2011,39,32,0.4348741
2011,40,32,17.16113
2011,41,32,44.921853
2011,42,32,6.062845
2011,43,32,0.006258281
2011,44,32,0.2546308
2011,45,32,2.765306
2011,46,32,0.0007973026
2011,47,32,1.950642
2011,48,32,1.397023
2011,49,32,9.263379
2011,50,32,8.634328
2011,51,32,5.001729
2011,52,32,0.0216099
2011,53,32,4.668659
2011,54,32,0.5766502
2011,55,32,1.20101
2011,56,32,0.2257659
2011,57,32,3.19496
2011,1,33,53.822237
2011,2,33,0.48760445183
2011,3,33,82.3882807873
2011,4,33,0.939343569
2011,5,33,0.5747029
2011,6,33,0.452084
2011,7,33,0.04238424
2011,8,33,12.68730731
2011,9,33,0.022971822
2011,10,33,0.03238568
2011,11,33,0.14260319
2011,12,33,0.5222447
2011,14,33,0.07841235
2011,15,33,0.019429463
2011,16,33,0.0014015081
2011,17,33,0.0018011577
2011,18,33,0.04487622
2011,19,33,0.0001279293
2011,20,33,0.4242397
2011,21,33,47.860823
2011,22,33,0.09089225
2011,23,33,4.5128039
2011,24,33,8.685681
2011,25,33,4.548181
2011,26,33,34.49613
2011,28,33,7.222443
2011,29,33,0.4096469
2011,30,33,5.1007445
2011,31,33,4.533671
2011,32,33,10.809624
2011,33,33,1.975321704
2011,34,33,40.1851543
2011,35,33,13.494857
2011,36,33,54.188545
2011,37,33,81.8146
2011,38,33,18.968514
2011,39,33,0.580498
2011,40,33,274.87183
2011,41,33,223.386099
2011,42,33,36.473123
2011,43,33,0.002453375
2011,44,33,0.6768393
2011,45,33,35.45208616
2011,46,33,0.0125580848
2011,47,33,16.2817517
2011,48,33,4.287792
2011,49,33,118.7226508
2011,50,33,1.6965298
2011,51,33,3.7924502
2011,52,33,1.6349175
2011,53,33,12.492349
2011,54,33,4.556302
2011,55,33,2.1896819
2011,56,33,0.21812756
2011,57,33,3.1490416
2011,1,34,1.60854991141824
2011,2,34,0.019377204304584
2011,3,34,0.6955628658
2011,4,34,0.042606692
2011,5,34,0.26157214
2011,6,34,14.128802425
2011,7,34,1.149192687
2011,8,34,1.595569226
2011,9,34,0.1625414755
2011,10,34,0.001609144
2011,11,34,0.29917093
2011,12,34,0.22640598
2011,13,34,0.0002743008
2011,14,34,0.29332282
2011,15,34,0.051742176
2011,16,34,0.029635077
2011,17,34,0.0229277395
2011,18,34,0.09131918
2011,19,34,0.000134261
2011,20,34,0.68835753
2011,21,34,5.062046
2011,22,34,0.039263946
2011,23,34,2.549043908
2011,24,34,7.5658327
2011,25,34,19.6039702
2011,26,34,435.9686279
2011,28,34,17.5124334
2011,29,34,7.51324745
2011,30,34,2.03138595
2011,31,34,2.5764192
2011,32,34,1.6617307
2011,33,34,0.459413632
2011,34,34,629.81947822
2011,35,34,26.634496
2011,36,34,14.0185042
2011,37,34,11.889479
2011,38,34,1.1070729
2011,39,34,0.59874108
2011,40,34,24.292155
2011,41,34,121.943637
2011,42,34,5.1619267
2011,43,34,122.796941551
2011,44,34,3.0144514
2011,45,34,55.6970612740513
2011,46,34,0.168869374
2011,47,34,4.853917551
2011,48,34,0.7772306
2011,49,34,22.4494179
2011,50,34,1.16504989
2011,51,34,2.3329381
2011,52,34,55.97386973
2011,53,34,154.664688298002
2011,54,34,10.109441
2011,55,34,9.0537767
2011,56,34,0.9703525
2011,57,34,1.6188455
2011,1,35,0.088392015
2011,2,35,0.00004524043
2011,3,35,0.3058707
2011,4,35,0.0079370712
2011,5,35,0.09830493
2011,6,35,0.04284579
2011,7,35,0.00025731
2011,8,35,0.36509765
2011,9,35,0.001775639
2011,10,35,0.0004917107
2011,11,35,2.18116
2011,12,35,0.5183988
2011,13,35,0.002345124
2011,14,35,0.1393141
2011,15,35,2.49155
2011,16,35,0.3621402
2011,17,35,0.003212703
2011,18,35,0.09057075
2011,19,35,0.0002499188
2011,20,35,5.470184
2011,21,35,16.86239
2011,22,35,0.06392344
2011,23,35,0.7497035269
2011,24,35,5.943485
2011,25,35,1.614758
2011,26,35,2.169874
2011,28,35,0.8499242
2011,29,35,0.2218677
2011,30,35,0.1500652
2011,31,35,7.684613
2011,32,35,7.888688
2011,33,35,0.3462232
2011,34,35,0.2616846715
2011,35,35,93.89677
2011,36,35,47.685388
2011,37,35,34.6994
2011,38,35,0.1595398
2011,39,35,1.09561
2011,40,35,46.34177
2011,41,35,46.8262
2011,42,35,15.06031
2011,43,35,0.08844484
2011,44,35,0.4227774
2011,45,35,30.8326000000025
2011,46,35,0.0000575509
2011,47,35,26.64777
2011,48,35,1.183149
2011,49,35,42.46144
2011,50,35,0.1047824
2011,51,35,5.59967
2011,52,35,0.2468576
2011,53,35,1.8319546166
2011,54,35,7.56364
2011,55,35,1.485329
2011,57,35,0.968472
2011,1,36,0.2388034713
2011,2,36,0.0483127699
2011,3,36,1.1586826645
2011,4,36,1.17624585
2011,5,36,0.8355645
2011,6,36,1.89645018
2011,7,36,0.89011725
2011,8,36,2.25417712
2011,9,36,0.015308657
2011,10,36,0.0022358717
2011,11,36,2.8568682
2011,12,36,0.8900631
2011,13,36,0.005689054
2011,14,36,0.8210931
2011,15,36,1.1752533
2011,16,36,1.4001802
2011,17,36,0.07561822
2011,18,36,1.5551258
2011,19,36,0.0024032594
2011,20,36,15.075209
2011,21,36,39.33382
2011,22,36,0.5752978
2011,23,36,17.3265245452
2011,24,36,23.10569
2011,25,36,101.72452
2011,26,36,1899.06
2011,28,36,7.959485
2011,30,36,5.3926006
2011,31,36,80.182591
2011,32,36,30.8847643
2011,33,36,3.2801691
2011,34,36,10.4022823969
2011,35,36,101.54669
2011,36,36,554.596789
2011,37,36,482.51865
2011,38,36,4.3457405
2011,39,36,91.9415078
2011,40,36,54.89493
2011,41,36,67.5265411
2011,42,36,5.8762915
2011,43,36,18.1660063
2011,44,36,7.89124
2011,45,36,217.351864000008
2011,46,36,7.737968
2011,47,36,73.55065
2011,48,36,3.2075192
2011,49,36,1.4597427
2011,50,36,5.03723
2011,51,36,115.227498
2011,52,36,1.027805
2011,53,36,0.1833328541
2011,54,36,65.74363
2011,55,36,1.4849221
2011,56,36,9.711394
2011,57,36,6.106113
2011,1,37,0.088267008
2011,2,37,0.00001151384
2011,3,37,0.24719573553
2011,4,37,0.2246586
2011,6,37,2.006759
2011,7,37,0.0002655782
2011,8,37,0.182864904
2011,11,37,0.005894898
2011,12,37,0.0003024998
2011,13,37,0.0004629168
2011,15,37,0.0105554
2011,16,37,0.0000271676
2011,17,37,0.002330847
2011,18,37,0.04474665
2011,20,37,0.3534891
2011,21,37,22.28375
2011,22,37,0.09884977
2011,23,37,4.12268029
2011,24,37,4.606109
2011,25,37,0.2911241
2011,26,37,3.879458
2011,28,37,4.754381
2011,30,37,11.57685
2011,31,37,4.267356
2011,32,37,37.05893
2011,33,37,1.5017744
2011,34,37,4.321138737
2011,35,37,9.114561
2011,36,37,187.197698
2011,37,37,3418.982
2011,38,37,1.431568
2011,39,37,1252.365
2011,40,37,46.32904
2011,41,37,449.573966
2011,44,37,0.05241976
2011,45,37,10.6963700000009
2011,47,37,81.04861
2011,48,37,0.08149008
2011,49,37,147.02929
2011,51,37,58.73305
2011,52,37,1.615512
2011,53,37,11.5696487435
2011,54,37,6.293585
2011,55,37,4.784797
2011,56,37,8.871244
2011,1,38,0.0020805987
2011,2,38,0.000000875576
2011,4,38,0.0069305737
2011,6,38,1.873916
2011,7,38,0.0002652469
2011,8,38,1.32569988
2011,11,38,0.0001089709
2011,15,38,0.0222341
2011,16,38,0.006680802
2011,17,38,0.001505265
2011,18,38,0.1822148
2011,20,38,0.462034
2011,21,38,22.74521
2011,22,38,0.03935328
2011,23,38,3.676818
2011,24,38,19.1023
2011,25,38,4.422348
2011,26,38,22.07408
2011,27,38,1.74089
2011,28,38,9.250036
2011,30,38,12.76419
2011,31,38,2.001081
2011,32,38,13.114
2011,33,38,11.918631
2011,34,38,3.880516474
2011,35,38,55.51382
2011,36,38,109.2113
2011,37,38,85.44606
2011,38,38,2553.962
2011,39,38,951.6004
2011,40,38,22.72389
2011,41,38,93.44219
2011,42,38,0.06786424
2011,44,38,7.589595
2011,45,38,88.2509400000001
2011,47,38,59.59845
2011,49,38,111.912929
2011,50,38,44.84991
2011,51,38,53.68333
2011,52,38,63.55611
2011,53,38,0.0000083916
2011,54,38,8.066021
2011,55,38,19.10339
2011,56,38,10.64075
2011,1,39,0.040634355
2011,2,39,0.00004904367
2011,3,39,1.3770419
2011,4,39,0.06347488
2011,5,39,1.011695
2011,6,39,0.5637391
2011,7,39,0.5133305
2011,8,39,4.6753018
2011,9,39,0.01387611
2011,11,39,1.104014
2011,13,39,0.0000177082
2011,14,39,0.9425521
2011,15,39,0.08376821
2011,16,39,0.06805163
2011,17,39,0.01632686
2011,18,39,0.2222027
2011,19,39,0.0001900513
2011,20,39,3.857438
2011,21,39,39.64427
2011,23,39,13.185673
2011,24,39,4.4758
2011,25,39,0.2087547
2011,26,39,12.8848
2011,28,39,3.826887
2011,29,39,3.060218
2011,30,39,3.4769
2011,31,39,31.45476
2011,32,39,134.5359
2011,33,39,7.352129
2011,34,39,9.625503
2011,35,39,181.102
2011,36,39,315.52804
2011,37,39,9.069646
2011,38,39,1.942287
2011,39,39,592.9049
2011,40,39,2.965903
2011,41,39,43.384153
2011,42,39,10.23959
2011,43,39,0.1237852
2011,44,39,1.075386
2011,45,39,52.3901200000014
2011,46,39,0.004134187
2011,47,39,34.44846
2011,48,39,9.724606
2011,49,39,65.733451
2011,50,39,1.842622
2011,51,39,14.74196
2011,52,39,1.224246
2011,53,39,1.7757346086
2011,54,39,0.005104664
2011,55,39,1.745826
2011,56,39,1.721712
2011,57,39,0.7423692
2011,2,40,0.004307821
2011,3,40,0.005497922
2011,4,40,0.0140677663
2011,5,40,0.182461
2011,6,40,0.004229175
2011,7,40,0.0001548814
2011,8,40,0.290980718
2011,9,40,0.0008247871
2011,11,40,0.0759818
2011,12,40,0.1004572
2011,14,40,0.06783096
2011,15,40,0.01193283
2011,16,40,0.02542464
2011,17,40,0.0000463923
2011,18,40,0.0537795
2011,20,40,0.2675784
2011,21,40,16.4302
2011,23,40,0.8841678
2011,24,40,3.504341
2011,25,40,1.506792
2011,26,40,1.626236
2011,28,40,0.5329996
2011,30,40,0.218154
2011,31,40,1.49932
2011,32,40,0.3195136
2011,33,40,0.07805197
2011,34,40,0.2705196
2011,35,40,9.718321
2011,36,40,7.4726934
2011,37,40,2852.075
2011,38,40,12.91423
2011,39,40,0.3547981
2011,40,40,36.12108
2011,41,40,88.31101
2011,42,40,21.56556
2011,43,40,0.04845765
2011,44,40,0.7124645
2011,45,40,3.870592
2011,46,40,0.0001281218
2011,47,40,13.72223
2011,48,40,0.2526285
2011,49,40,23.1692196
2011,50,40,321.7301
2011,51,40,1.820273
2011,52,40,0.04610979
2011,54,40,0.1352046
2011,55,40,0.01333144
2011,56,40,0.1364402
2011,57,40,0.0466515
2011,1,41,0.2052408322
2011,2,41,0.0099256283
2011,3,41,2.657204534
2011,4,41,0.114556433
2011,5,41,1.0697151
2011,6,41,1.605111
2011,7,41,1.2457626
2011,8,41,2.605184
2011,9,41,0.003797721
2011,10,41,0.0001119821
2011,11,41,0.4339886
2011,12,41,0.02867227
2011,13,41,0.0000637379
2011,14,41,0.0338741615
2011,15,41,0.016298899
2011,16,41,0.04099134
2011,17,41,0.007521196
2011,18,41,0.28063901
2011,19,41,0.000321323
2011,20,41,0.3998411
2011,21,41,2.147602
2011,22,41,0.2837344
2011,23,41,3.494856099
2011,24,41,18.244614
2011,25,41,2.437668
2011,26,41,3.2935195
2011,28,41,6.572526
2011,29,41,0.4578728
2011,30,41,36.420479
2011,31,41,24.250933
2011,32,41,32.303478
2011,33,41,5.351359985
2011,34,41,9.0921212415
2011,35,41,123.3394
2011,36,41,220.012356
2011,37,41,168.06467
2011,38,41,17.05441
2011,39,41,12.545175
2011,40,41,138.1105
2011,41,41,237.083451
2011,42,41,10.178377
2011,43,41,0.08528342
2011,44,41,2.2546326
2011,45,41,8.57614300000687
2011,46,41,0.02995722
2011,47,41,103.824404
2011,48,41,1.4105683287
2011,49,41,47.7050512
2011,50,41,25.5510133
2011,51,41,120.61565
2011,52,41,0.9047504
2011,53,41,11.3253208212
2011,54,41,19.384665
2011,55,41,2.0879118
2011,56,41,1.8510341
2011,57,41,2.2826247
2011,1,42,0.0000237655407
2011,2,42,0.000003787100412
2011,3,42,0.03912916501172
2011,4,42,0.0023484781
2011,5,42,0.02615326
2011,6,42,0.04102537
2011,7,42,0.0001631613
2011,8,42,0.0711560408
2011,9,42,0.0003082098
2011,11,42,0.009238752
2011,13,42,0.000007502
2011,14,42,0.002668108
2011,15,42,0.004106626
2011,16,42,0.004077574
2011,17,42,0.0004179577
2011,18,42,0.01919174
2011,19,42,0.000006382
2011,20,42,0.03396895
2011,21,42,3.888551
2011,23,42,0.154076731
2011,24,42,0.7889208
2011,25,42,0.06869829
2011,26,42,0.1961358
2011,28,42,0.1354977
2011,30,42,0.1416271
2011,31,42,0.6091627
2011,32,42,0.2908667
2011,33,42,0.188093445
2011,34,42,0.3329590412
2011,35,42,0.8908248
2011,36,42,5.1911522
2011,37,42,2.58525
2011,38,42,0.9140775
2011,39,42,0.848666
2011,40,42,9.024292
2011,41,42,6.381739
2011,42,42,5.524677
2011,43,42,0.2487223
2011,44,42,0.002760481
2011,45,42,0.4834325
2011,46,42,0.008652757
2011,47,42,1.472943
2011,48,42,0.0000219405
2011,49,42,4.758083132
2011,50,42,117.9622
2011,51,42,1.052069
2011,52,42,0.02426503
2011,53,42,0.08332890871
2011,54,42,0.01334317
2011,55,42,0.1315663
2011,56,42,0.05445271
2011,57,42,0.3406945
2011,1,43,0.2346628
2011,2,43,0.0000395205
2011,3,43,0.15549179
2011,4,43,0.21386433
2011,5,43,0.08644497
2011,6,43,0.08711275
2011,7,43,0.0004033834
2011,8,43,0.1900592
2011,9,43,0.01046211
2011,10,43,0.0202986
2011,11,43,0.075105
2011,13,43,0.0001178455
2011,14,43,0.01565334
2011,15,43,0.006084628
2011,16,43,0.01216697
2011,17,43,0.00041566
2011,18,43,0.01662173
2011,19,43,0.0001066706
2011,20,43,0.193955
2011,21,43,1.899882
2011,22,43,0.1816736
2011,23,43,1.8917093
2011,24,43,0.45606
2011,25,43,1.103437
2011,26,43,0.6645479
2011,28,43,1.183222
2011,30,43,0.3546236
2011,31,43,0.6310372
2011,32,43,0.5790008
2011,33,43,0.18075622
2011,34,43,0.2076214
2011,35,43,0.6827438
2011,36,43,4.649097
2011,37,43,4.086246
2011,38,43,0.5432243
2011,39,43,0.7715291
2011,40,43,6.396072
2011,41,43,21.40143
2011,42,43,2.295357
2011,43,43,11.4556
2011,44,43,0.2417331
2011,45,43,2.417149
2011,46,43,0.000105593
2011,47,43,1.696248
2011,49,43,27.9650485
2011,50,43,0.8358865
2011,51,43,14.52464
2011,52,43,0.4010153
2011,54,43,2.304075
2011,55,43,0.05797997
2011,56,43,0.05933942
2011,57,43,0.2282544
2011,2,44,0.000084162
2011,3,44,0.211734235
2011,4,44,0.015613556
2011,5,44,0.05420575
2011,6,44,0.3983516
2011,7,44,0.000688659
2011,8,44,0.17142609
2011,9,44,0.005194398
2011,10,44,0.0009091337
2011,11,44,0.04488881
2011,12,44,0.03424379
2011,13,44,0.0000831295
2011,14,44,0.05891705
2011,15,44,0.003367097
2011,16,44,0.009252328
2011,17,44,0.002965527
2011,18,44,0.04090164
2011,19,44,0.0001069488
2011,20,44,0.2128279
2011,21,44,0.9564236
2011,22,44,0.07119697
2011,23,44,1.2375451
2011,24,44,2.124189
2011,25,44,0.694808
2011,26,44,0.6312018
2011,28,44,1.566725
2011,29,44,0.04936144
2011,30,44,0.7805148
2011,31,44,0.3956804
2011,32,44,1.042478
2011,33,44,0.277686383
2011,34,44,2.7534111
2011,35,44,13.92419
2011,36,44,9.323265
2011,37,44,3.986007
2011,38,44,0.6107716
2011,39,44,0.326547
2011,40,44,7.918542
2011,41,44,10.31683
2011,42,44,0.5475769
2011,43,44,0.001345759
2011,44,44,0.3492351
2011,45,44,36.6482
2011,46,44,0.0000852127
2011,47,44,3.077296
2011,49,44,0.03116109
2011,50,44,0.04225183
2011,51,44,4.569089
2011,52,44,0.06286773
2011,53,44,2.7794304
2011,54,44,0.02304422
2011,55,44,1.499656
2011,56,44,0.06976445
2011,57,44,1.144982
2011,2,45,0.002597497
2011,3,45,5.75857618000001
2011,4,45,0.272475079
2011,5,45,0.6140048
2011,6,45,1.2785257
2011,7,45,0.95785184
2011,8,45,3.49292004
2011,9,45,0.062464157
2011,10,45,0.08600851
2011,11,45,0.08695743
2011,12,45,1.11107665
2011,14,45,0.06827378
2011,15,45,0.32346402
2011,16,45,0.07263141
2011,17,45,0.102717
2011,18,45,0.59268165
2011,19,45,0.000176208
2011,20,45,2.9086847
2011,21,45,12.9080018
2011,22,45,1.84804943
2011,23,45,9.9277503
2011,24,45,33.5270282
2011,25,45,13.10353339
2011,26,45,6.6760793
2011,28,45,13.337943
2011,29,45,1.864934
2011,30,45,13.30802
2011,31,45,18.34486775
2011,32,45,7.43793048
2011,33,45,7.89826984
2011,34,45,7.74784423
2011,35,45,33.6715578
2011,36,45,194.3315749
2011,37,45,116.3148638
2011,38,45,22.8850739
2011,39,45,22.08536
2011,40,45,268.677364
2011,41,45,82.1743825
2011,42,45,106.424538
2011,43,45,0.2838282
2011,44,45,1.13613016
2011,45,45,26.0374539
2011,46,45,0.002405374
2011,47,45,8.35141575
2011,49,45,12.3803464
2011,50,45,0.49548809
2011,51,45,37.3541502
2011,52,45,17.0621007
2011,53,45,2.520475
2011,54,45,40.21308
2011,55,45,28.3294
2011,56,45,1.75719
2011,57,45,10.4599564
2011,2,46,0.00098788382
2011,3,46,0.1799483
2011,4,46,0.60901819
2011,5,46,1.295521
2011,6,46,0.5592866
2011,7,46,0.005488504
2011,8,46,2.1501198
2011,9,46,0.008811013
2011,10,46,0.009726241
2011,11,46,0.802633
2011,12,46,0.00831057
2011,13,46,0.00112822
2011,14,46,0.6259162
2011,15,46,0.1330517
2011,16,46,3.44708
2011,17,46,0.1158512
2011,18,46,13.81846
2011,19,46,0.001900492
2011,20,46,11.09485
2011,21,46,51.20311
2011,22,46,1.811709
2011,23,46,48.984502
2011,24,46,19.73109
2011,25,46,337.4947
2011,26,46,14.61058
2011,28,46,44.52106
2011,29,46,1.893914
2011,30,46,23.32829
2011,31,46,69.83576
2011,32,46,17.33153
2011,33,46,0.09050496
2011,34,46,1.558643
2011,35,46,51.98971
2011,36,46,144.362509
2011,37,46,19.64448
2011,38,46,16.04384
2011,39,46,6.384989
2011,40,46,67.04281
2011,41,46,344.9598
2011,42,46,31.37521
2011,43,46,0.002165846
2011,44,46,1.115508
2011,45,46,6.030818
2011,46,46,0.002909914
2011,47,46,3.42279
2011,49,46,3.994637
2011,50,46,2.71256
2011,51,46,1.284076
2011,52,46,0.5227143
2011,54,46,18.44201
2011,55,46,0.1430597
2011,56,46,0.4665123
2011,57,46,40.98709
2011,1,47,0.04897287
2011,2,47,0.0666766541
2011,3,47,0.500967
2011,4,47,0.026590537
2011,5,47,0.1082043
2011,6,47,0.1188033
2011,7,47,0.0001495557
2011,8,47,0.2270182
2011,9,47,0.004477827
2011,10,47,0.001361019
2011,11,47,0.09440918
2011,12,47,0.09398524
2011,13,47,0.0000276553
2011,14,47,0.04785373
2011,15,47,0.003371751
2011,16,47,0.006599546
2011,17,47,0.00158213
2011,18,47,0.05623492
2011,19,47,0.0000835208
2011,20,47,0.2124094
2011,21,47,3.382219
2011,22,47,0.07105696
2011,23,47,0.3993518
2011,24,47,1.690239
2011,25,47,1.302289
2011,26,47,0.6785805
2011,28,47,1.217287
2011,29,47,0.09852872
2011,30,47,0.9121611
2011,31,47,2.887723
2011,32,47,0.7686741
2011,33,47,0.2407762
2011,34,47,0.08120576
2011,35,47,1.802504
2011,36,47,4.3357606
2011,37,47,7.443636
2011,38,47,1.690542
2011,39,47,1.013926
2011,40,47,22.74386
2011,41,47,24.142439
2011,42,47,8.419487
2011,44,47,0.2820495
2011,45,47,4.497136
2011,46,47,0.00000282
2011,47,47,0.6219571
2011,48,47,0.9985417
2011,49,47,0.25582964
2011,50,47,1.365331
2011,51,47,3.531393
2011,52,47,0.109809
2011,53,47,1.9644692
2011,54,47,0.126494
2011,55,47,2.830136
2011,56,47,0.3063599
2011,57,47,1.011793
2011,2,48,0.0169358281
2011,3,48,0.008348238
2011,4,48,0.0003126614
2011,5,48,0.001080699
2011,6,48,0.0005213955
2011,7,48,0.000254067
2011,8,48,0.0044976093
2011,9,48,0.0000332296
2011,11,48,0.00885953
2011,12,48,0.001370999
2011,14,48,0.0002548249
2011,15,48,0.0004213146
2011,16,48,0.0001350874
2011,17,48,0.0000128223
2011,18,48,0.0000842165
2011,19,48,0.000005018
2011,20,48,0.02434533
2011,21,48,0.2603774
2011,22,48,0.001140189
2011,23,48,0.013835107
2011,24,48,0.2478378
2011,25,48,0.05467407
2011,26,48,0.09252204
2011,28,48,0.2332254
2011,29,48,0.06324016
2011,30,48,6.41566
2011,31,48,0.0009901017
2011,32,48,0.006229414
2011,33,48,9.61460804
2011,34,48,0.001303038
2011,35,48,0.08114565
2011,36,48,0.28057491
2011,37,48,2.605165
2011,38,48,0.1422078
2011,39,48,0.00387371
2011,40,48,1.301695
2011,41,48,0.8025672
2011,42,48,0.2036879
2011,44,48,0.06572862
2011,45,48,2.160665
2011,46,48,0.001447654
2011,47,48,0.05514511
2011,48,48,1.102937
2011,49,48,0.18129927
2011,50,48,0.002074099
2011,51,48,0.05375352
2011,52,48,0.002513361
2011,54,48,0.06550517
2011,55,48,0.006549909
2011,56,48,0.002234495
2011,57,48,0.003820083
2011,2,49,0.1609831120158
2011,3,49,2.62553959
2011,4,49,0.526159061
2011,5,49,1.0450593
2011,6,49,0.70968576
2011,7,49,0.0006167986
2011,8,49,2.77844398
2011,9,49,0.049457098
2011,10,49,0.001901755
2011,11,49,0.75923318
2011,12,49,1.02832154
2011,13,49,0.0011599182
2011,14,49,0.26173947
2011,15,49,0.018134138
2011,16,49,0.075032345
2011,17,49,0.0177532922
2011,18,49,1.46082026
2011,19,49,0.0005612145
2011,20,49,1.43050408
2011,21,49,19.690702
2011,22,49,0.56449611
2011,23,49,7.8352828
2011,24,49,7.389065
2011,25,49,8.7027262
2011,26,49,6.183611
2011,28,49,5.6360614
2011,29,49,0.58450731
2011,30,49,4.971376
2011,31,49,27.079865
2011,32,49,3.4057096
2011,33,49,3.94162813
2011,34,49,2.67194148
2011,35,49,11.696421
2011,36,49,41.783793
2011,37,49,19.242701
2011,38,49,10.278171
2011,39,49,7.4327089
2011,40,49,39.038568
2011,41,49,59.688921
2011,42,49,7.4103149
2011,43,49,0.1964958867
2011,44,49,0.5139671
2011,45,49,5.8814172
2011,46,49,0.0013137513
2011,47,49,21.2546803
2011,49,49,73.22849458
2011,50,49,8.864106
2011,51,49,12.424625
2011,52,49,0.9424523
2011,53,49,9.784798
2011,54,49,0.43737697
2011,55,49,6.969288
2011,56,49,1.00964425
2011,57,49,0.6444767
2011,1,50,6.799993
2011,2,50,0.3113152865
2011,3,50,5.647234
2011,4,50,9.4343929
2011,5,50,0.4631858
2011,6,50,3.429165
2011,7,50,4.008232
2011,8,50,16.7469163
2011,9,50,0.1515285
2011,11,50,6.572744
2011,12,50,12.19042
2011,13,50,0.1366088
2011,14,50,0.2781534
2011,15,50,0.4761024
2011,16,50,0.3490866
2011,17,50,0.008895457
2011,18,50,0.6828433
2011,19,50,0.07987736
2011,20,50,36.09654
2011,21,50,200.9348
2011,23,50,0.4452272
2011,24,50,108.7977
2011,25,50,2.845842
2011,26,50,80.01587
2011,28,50,116.9656
2011,29,50,0.8311719
2011,30,50,6.19383
2011,32,50,3.581096
2011,33,50,17.139098
2011,34,50,9.866217
2011,35,50,153.5347
2011,36,50,69.04618
2011,37,50,46.21598
2011,38,50,109.583
2011,40,50,430.2389
2011,41,50,931.03477
2011,42,50,73.88498
2011,43,50,6.457976
2011,44,50,3.340736
2011,45,50,86.88112
2011,46,50,0.04992395
2011,48,50,0.4806704
2011,49,50,67.400907
2011,50,50,200.2087
2011,51,50,566.92
2011,52,50,34.36767
2011,53,50,13.2184
2011,54,50,112.6312
2011,55,50,53.91839
2011,57,50,24.87451
2011,1,51,0.1208332
2011,2,51,0.221126941
2011,3,51,2.4347157325
2011,4,51,0.0145674823
2011,5,51,14.31716
2011,6,51,1.692976
2011,7,51,3.858829
2011,8,51,15.87167
2011,9,51,0.05558071
2011,10,51,0.7891268
2011,11,51,2.076545
2011,12,51,0.5809077
2011,14,51,8.088133
2011,15,51,0.6888978
2011,16,51,0.00139682
2011,17,51,0.01227073
2011,20,51,4.757257
2011,21,51,278.9064
2011,22,51,2.206877
2011,23,51,3.22832
2011,24,51,78.06599
2011,25,51,0.08933477
2011,26,51,92.24439
2011,28,51,19.70112
2011,30,51,10.21637
2011,32,51,0.06791952
2011,33,51,2.2783233
2011,34,51,63.0911207
2011,35,51,21.82007
2011,36,51,20.63572
2011,37,51,8.287305
2011,38,51,26.32106
2011,40,51,112.1726
2011,41,51,186.907433
2011,42,51,20.01954
2011,43,51,0.6414402
2011,44,51,0.5493579
2011,45,51,4.472608
2011,46,51,0.01657759
2011,47,51,7.695671
2011,48,51,0.720752
2011,49,51,189.103897
2011,50,51,0.02062152
2011,51,51,685.2821
2011,52,51,0.008449618
2011,53,51,3.848357
2011,54,51,29.1583
2011,55,51,2.862479
2011,56,51,2.801146
2011,57,51,41.35502
2011,1,52,10.94427
2011,3,52,3.5089623332
2011,4,52,1.90995631
2011,5,52,0.5008603
2011,6,52,3.803314
2011,8,52,33.2210878
2011,10,52,11.69457
2011,11,52,7.332122
2011,12,52,0.606366
2011,14,52,0.6871498
2011,15,52,0.09350221
2011,18,52,0.004015252
2011,19,52,0.001079808
2011,21,52,70.07157
2011,23,52,14.03232
2011,24,52,0.2660457
2011,25,52,67.02726
2011,26,52,97.41081
2011,28,52,14.8152
2011,30,52,7.137412
2011,33,52,11.564615
2011,36,52,71.50386
2011,37,52,0.9337596
2011,38,52,23.47166
2011,40,52,42.74948
2011,41,52,190.0465
2011,42,52,7.765821
2011,43,52,5.625547
2011,44,52,1.315489
2011,47,52,106.4103
2011,49,52,144.50533
2011,50,52,194.6186
2011,51,52,83.06536
2011,52,52,1208.044
2011,54,52,6.351949
2011,55,52,1.619349
2011,57,52,13.38061
2011,1,53,0.104406341
2011,2,53,0.0549061808
2011,3,53,0.564343464
2011,4,53,0.0304153879
2011,5,53,0.100791014
2011,6,53,0.055515479
2011,7,53,0.0003766768
2011,8,53,0.110602314
2011,9,53,0.0060040347
2011,10,53,0.0030400322
2011,11,53,0.060755114
2011,12,53,0.21792046
2011,13,53,0.0000495804
2011,14,53,0.021455244
2011,15,53,0.007214722
2011,16,53,0.0085285479
2011,17,53,0.0001546944
2011,18,53,0.0107965699
2011,19,53,0.0000868749
2011,20,53,0.2728482
2011,21,53,6.7596336
2011,22,53,0.13588238
2011,23,53,0.455951096
2011,24,53,1.2780973
2011,25,53,0.38663988
2011,26,53,0.8180355
2011,28,53,0.26000159
2011,29,53,0.055503909
2011,30,53,0.23472342
2011,31,53,0.5526008
2011,32,53,0.260359742
2011,33,53,0.404080265
2011,34,53,1.49602999
2011,35,53,0.58442706
2011,36,53,5.54294443
2011,37,53,2.30124562
2011,38,53,0.976839858
2011,39,53,0.12808915
2011,40,53,26.22024715
2011,41,53,4.33710681
2011,42,53,1.43399462
2011,43,53,0.0079025124
2011,44,53,0.43949576
2011,45,53,5.95171356
2011,46,53,0.0003817218
2011,47,53,1.6424753
2011,48,53,0.02590035
2011,49,53,9.8672877
2011,50,53,0.224090727
2011,51,53,0.58449263
2011,52,53,0.4477436
2011,53,53,72.50176
2011,54,53,0.33655223
2011,55,53,4.4786952
2011,56,53,0.10703864
2011,57,53,0.24973206
2011,1,54,0.01657529
2011,2,54,0.0008168504
2011,3,54,0.14251052
2011,4,54,0.005874592
2011,5,54,0.01376521
2011,6,54,0.000266221
2011,7,54,0.0001345704
2011,8,54,0.129575311
2011,9,54,0.001492139
2011,11,54,0.0002112842
2011,12,54,0.2227142
2011,14,54,0.0003244635
2011,15,54,0.004478963
2011,16,54,0.001338281
2011,17,54,0.001363759
2011,18,54,0.01605807
2011,19,54,0.0000208547
2011,20,54,0.241398
2011,21,54,2.070853
2011,22,54,0.1683817
2011,23,54,0.70034006
2011,24,54,0.008544885
2011,25,54,0.1489395
2011,26,54,0.898347
2011,28,54,0.3370529
2011,29,54,0.01000632
2011,30,54,0.08339049
2011,31,54,0.112796
2011,32,54,0.08673837
2011,33,54,0.004897117
2011,34,54,10.2951946
2011,35,54,0.06782713
2011,36,54,0.7874426
2011,37,54,0.3824779
2011,38,54,0.7748574
2011,39,54,0.02860325
2011,40,54,4.354214
2011,41,54,4.764939
2011,42,54,1.206062
2011,44,54,0.1666801
2011,45,54,0.7514549
2011,46,54,0.0000188796
2011,47,54,0.1249814
2011,49,54,0.3476049
2011,50,54,0.0713065
2011,51,54,0.2220822
2011,52,54,0.3026982
2011,53,54,20.171786
2011,54,54,1.504597
2011,55,54,2.906455
2011,56,54,0.1461373
2011,57,54,0.1047698
2011,1,55,0.8288354
2011,2,55,1.879221
2011,3,55,22.6733747
2011,4,55,1.5652374
2011,5,55,2.060228
2011,6,55,0.8578413
2011,7,55,0.0001844822
2011,8,55,5.2871514
2011,9,55,0.06755928
2011,10,55,0.07678016
2011,11,55,1.359009
2011,12,55,2.892032
2011,15,55,0.06774434
2011,16,55,0.1191773
2011,17,55,0.003350616
2011,18,55,0.1514657
2011,19,55,0.003260283
2011,20,55,2.567745
2011,21,55,13.5231
2011,22,55,1.443092
2011,23,55,14.438325
2011,24,55,18.56997
2011,25,55,7.518544
2011,26,55,14.30077
2011,28,55,3.533896
2011,29,55,1.000507
2011,30,55,6.760975
2011,31,55,11.65604
2011,32,55,7.352001
2011,33,55,15.05718
2011,34,55,120.355408
2011,35,55,18.98139
2011,36,55,82.57609
2011,37,55,32.137
2011,38,55,0.476398
2011,40,55,2.884348
2011,41,55,71.310492
2011,42,55,30.27674
2011,43,55,1.257036
2011,44,55,3.619389
2011,45,55,10.33336
2011,46,55,0.007692419
2011,47,55,26.0217
2011,49,55,97.829757
2011,50,55,2.858759
2011,51,55,35.33823
2011,52,55,34.31311
2011,53,55,86.404
2011,54,55,107.8491
2011,55,55,257.2761
2011,56,55,1.414056
2011,57,55,4.029108
2011,2,56,0.00011414
2011,3,56,0.01584439
2011,6,56,0.01426726
2011,7,56,0.0000245182
2011,8,56,0.1134454
2011,9,56,0.0002165484
2011,11,56,0.08069056
2011,12,56,0.0208683
2011,13,56,0.0001350919
2011,14,56,0.143821
2011,15,56,0.03390148
2011,16,56,0.1149849
2011,17,56,0.002896979
2011,18,56,0.04918292
2011,20,56,0.7040757
2011,21,56,4.587723
2011,22,56,0.03471017
2011,23,56,0.16213782
2011,24,56,0.4548886
2011,25,56,0.8697734
2011,26,56,0.6078525
2011,28,56,0.2547971
2011,30,56,0.06504704
2011,31,56,0.1507058
2011,32,56,0.0948194
2011,33,56,0.003398402
2011,34,56,0.0396677
2011,35,56,0.3424143
2011,36,56,4.8972248
2011,37,56,0.7652497
2011,38,56,0.4872149
2011,39,56,0.2358507
2011,40,56,4.749538
2011,41,56,0.5863399
2011,42,56,0.1647322
2011,44,56,0.03460929
2011,45,56,1.030384
2011,47,56,0.002104578
2011,49,56,0.49169213
2011,50,56,0.03432751
2011,51,56,0.579555
2011,55,56,0.03323258
2011,56,56,1.054365
2011,57,56,0.0290732
2011,2,57,0.042314841
2011,3,57,0.08523519
2011,4,57,1.021496
2011,5,57,0.03609642
2011,6,57,0.2181679
2011,7,57,0.0001573357
2011,8,57,2.17219995
2011,9,57,0.02823062
2011,10,57,0.02340777
2011,11,57,0.1427085
2011,12,57,0.1216119
2011,13,57,0.0000984075
2011,14,57,0.01309028
2011,15,57,0.007999122
2011,16,57,0.03443296
2011,17,57,0.001229574
2011,18,57,0.04041116
2011,19,57,0.0000979389
2011,20,57,0.3239262
2011,21,57,3.251915
2011,22,57,0.07585376
2011,23,57,7.03704
2011,24,57,4.154689
2011,25,57,2.419611
2011,26,57,2.043421
2011,28,57,1.340195
2011,29,57,0.05259002
2011,30,57,0.343525
2011,31,57,1.471071
2011,32,57,0.8012246
2011,33,57,0.04362051
2011,34,57,0.07483088
2011,35,57,2.405231
2011,36,57,14.176609
2011,37,57,24.0715
2011,38,57,2.185224
2011,39,57,0.5583668
2011,40,57,41.86832
2011,41,57,64.409348
2011,42,57,1.348931
2011,43,57,0.0008944692
2011,44,57,0.3690526
2011,45,57,4.575344
2011,46,57,0.0008123999
2011,47,57,0.6061859
2011,49,57,3.7230491
2011,50,57,0.6506734
2011,51,57,3.327742
2011,52,57,1.78624
2011,53,57,2.2686751
2011,54,57,0.04091912
2011,55,57,0.7262471
2011,56,57,0.2973101
2011,57,57,12.07165
2015,1,1,1574.51752
2015,2,1,41.9334845613055
2015,3,1,314.58882967
2015,4,1,0.23586363
2015,5,1,0.3515705019
2015,6,1,0.184558928
2015,7,1,0.0148800983
2015,8,1,2.4097167929
2015,9,1,1.1394995
2015,10,1,0.6875464745
2015,11,1,71.5439776561
2015,12,1,39.32253092
2015,13,1,6.4808654
2015,14,1,4.9800130638
2015,15,1,0.183519481
2015,16,1,5.3329225
2015,17,1,0.123630129
2015,18,1,1.5413940744
2015,19,1,150.79379
2015,20,1,222.69974
2015,21,1,4.3754067
2015,22,1,5.3905964048
2015,23,1,51.594307
2015,24,1,43.447626
2015,25,1,70.1925182
2015,26,1,20.44865855
2015,27,1,24.663731
2015,28,1,4.4005704
2015,29,1,0.339415785
2015,30,1,4.8060619
2015,31,1,3.3825718
2015,32,1,0.603655662
2015,33,1,2.131860884
2015,34,1,6.264372
2015,35,1,31.105029
2015,36,1,6.229916322
2015,37,1,48.796543
2015,38,1,21.412993
2015,39,1,0.0000022496
2015,40,1,4.367475
2015,41,1,28.73180428
2015,42,1,0.314224
2015,43,1,0.7421785
2015,44,1,0.015839
2015,45,1,80.07252458
2015,46,1,0.2982884
2015,47,1,2.9496811
2015,48,1,2.53695492
2015,49,1,2.9054567
2015,50,1,5.455450721
2015,51,1,0.644719
2015,52,1,0.323673834
2015,53,1,0.8490252335
2015,54,1,3.264419208
2015,55,1,21.359198
2015,56,1,0.11111727
2015,57,1,9.161432057
2015,1,2,0.201397446
2015,2,2,34.625965877109
2015,3,2,0.01363572
2015,4,2,0.01912908804
2015,5,2,0.005576066
2015,6,2,0.0144756607
2015,7,2,0.00013259257
2015,8,2,0.2150865537
2015,9,2,0.035633316
2015,10,2,0.0367005691
2015,11,2,1.53615620152
2015,12,2,1.46367488
2015,13,2,0.258948236
2015,14,2,10.4672601
2015,15,2,0.0458757508
2015,16,2,2.83821242
2015,17,2,0.0146727995
2015,18,2,0.0264558303
2015,19,2,2.12120265
2015,20,2,68.6273708
2015,21,2,0.1281877784
2015,22,2,1.178308962
2015,23,2,12.1093498
2015,24,2,1.3657438733
2015,25,2,2.4468175
2015,26,2,0.001178889
2015,27,2,13.966927479
2015,28,2,0.4776658724
2015,29,2,2.41270011
2015,30,2,0.0287148246
2015,31,2,0.04513183
2015,32,2,0.733039067
2015,33,2,2.40764494
2015,34,2,10.076382623
2015,35,2,3.68800173
2015,36,2,1.108841349
2015,37,2,3.85153518
2015,38,2,2.15185547
2015,39,2,3.21252853
2015,40,2,1.347619183
2015,41,2,2.29405525
2015,42,2,4.86704167
2015,43,2,2.08873901
2015,44,2,0.0085882395
2015,45,2,2.9478466306
2015,46,2,0.172634967
2015,47,2,0.14962361
2015,48,2,0.867179104
2015,49,2,1.530924863
2015,50,2,0.01628504
2015,51,2,0.1425854624
2015,52,2,0.0050491922
2015,53,2,0.2995425534
2015,54,2,0.493968977
2015,55,2,0.755628783
2015,56,2,0.1040865394
2015,57,2,0.537880687
2015,1,3,3321.10704279
2015,2,3,1.349435962
2015,3,3,1061.862
2015,5,3,0.003302476
2015,6,3,0.00346341
2015,7,3,0.0004003692
2015,8,3,7.76629
2015,9,3,35.15315
2015,10,3,0.09814529
2015,11,3,21.370845489
2015,12,3,24.31815
2015,13,3,64.99681
2015,14,3,17.43531
2015,15,3,1.67924
2015,16,3,23.61056
2015,17,3,0.9060568
2015,18,3,0.0335446895
2015,19,3,11.71796
2015,20,3,169.4694
2015,21,3,4.796181
2015,22,3,18.8510847
2015,23,3,41.49394
2015,24,3,9.332436
2015,25,3,303.7798
2015,26,3,4.74017
2015,27,3,157.5681
2015,28,3,19.90407
2015,29,3,51.82313
2015,30,3,42.60859
2015,31,3,5.47569
2015,32,3,7.577066
2015,33,3,8.888541
2015,34,3,63.241707
2015,35,3,46.74476
2015,36,3,67.46929997
2015,37,3,39.35729
2015,38,3,24.65829
2015,39,3,20.55352
2015,40,3,5.145577
2015,41,3,25.55235
2015,42,3,167.3087
2015,43,3,7.39582
2015,44,3,0.02288738
2015,45,3,142.2848608
2015,46,3,1.782107
2015,47,3,19.48889
2015,48,3,4.121573
2015,49,3,13.20459
2015,53,3,3.563206
2015,54,3,5.730053
2015,55,3,6.2603
2015,56,3,1.013817
2015,57,3,0.1211814
2015,1,4,395.886464976
2015,2,4,0.319893207
2015,4,4,109.8583107
2015,5,4,0.000318449
2015,6,4,0.0003339674
2015,7,4,0.0000386034
2015,8,4,0.9479514
2015,9,4,3.5549072
2015,10,4,0.0217332513
2015,11,4,0.8706217613
2015,12,4,2.36874779
2015,13,4,1.6011485567
2015,14,4,1.543542
2015,15,4,0.158738743
2015,16,4,2.25852139
2015,17,4,0.0359761621
2015,18,4,0.0032321594
2015,19,4,1.04055399
2015,20,4,20.0630269
2015,21,4,3.531498
2015,22,4,2.721597785
2015,23,4,19.8927544
2015,24,4,2.02056692
2015,25,4,18.5965573
2015,26,4,11.44087
2015,27,4,22.83556813
2015,28,4,1.491336351
2015,29,4,30.8496381
2015,30,4,2.29496861
2015,32,4,2.230416697
2015,33,4,7.065502509
2015,34,4,33.008783114
2015,35,4,12.91632646
2015,36,4,0.006913838
2015,37,4,10.71678725
2015,38,4,6.9153389
2015,39,4,6.27405956
2015,40,4,1.195134876
2015,41,4,5.62919615
2015,42,4,6.3039333
2015,43,4,4.372919639
2015,44,4,0.0565931807
2015,45,4,48.2546746273
2015,46,4,1.524159429
2015,47,4,6.2772424
2015,48,4,2.987485572
2015,49,4,4.051006427
2015,53,4,0.997765202
2015,54,4,1.633017913
2015,55,4,1.997343376
2015,56,4,0.2937145423
2015,57,4,1.12139206
2015,1,5,0.3057118154
2015,2,5,0.0032218054
2015,3,5,0.03637983
2015,4,5,0.005956434
2015,5,5,2.458637
2015,6,5,0.003576638
2015,7,5,0.0002165203
2015,8,5,0.08190193
2015,9,5,0.3547176
2015,10,5,0.007786188
2015,11,5,0.218507332
2015,12,5,1.881791
2015,13,5,0.09085646
2015,14,5,0.08893338
2015,15,5,0.00354307
2015,16,5,0.2582213
2015,17,5,0.001990488
2015,18,5,0.0010366647
2015,19,5,0.0674042
2015,20,5,3.303809
2015,21,5,0.2546281
2015,22,5,0.17111583
2015,23,5,0.947683
2015,24,5,0.06982878
2015,25,5,1.633154
2015,26,5,6.638953
2015,27,5,3.415518
2015,28,5,0.06514304
2015,29,5,1.343981
2015,30,5,0.2116225
2015,32,5,0.4615251
2015,33,5,1.643258
2015,34,5,3.730839
2015,35,5,1.347946
2015,36,5,0.02312954
2015,37,5,2.324886
2015,38,5,1.429709
2015,39,5,1.344654
2015,40,5,0.4586233
2015,41,5,1.347456
2015,42,5,1.277573
2015,43,5,0.9496032
2015,44,5,0.001575847
2015,45,5,0.34400021
2015,46,5,0.01393454
2015,47,5,6.804613
2015,48,5,0.6017004
2015,49,5,0.9221482
2015,51,5,0.002156308
2015,52,5,0.0001901852
2015,53,5,0.2026897532
2015,54,5,0.3329443
2015,55,5,0.4236415
2015,56,5,0.06443172
2015,57,5,0.3369432
2015,1,6,0.0025157259
2015,2,6,0.0013870752
2015,4,6,0.00000003296
2015,5,6,0.4172515
2015,6,6,0.08936996
2015,8,6,0.01266003
2015,9,6,0.1022428
2015,10,6,0.0005824302
2015,11,6,0.00733309
2015,12,6,0.06591815
2015,13,6,0.01245777
2015,15,6,0.002427803
2015,16,6,0.06515726
2015,17,6,0.0004259428
2015,18,6,0.0003351527
2015,19,6,0.02219071
2015,20,6,0.0741613
2015,21,6,0.01372363
2015,22,6,0.01803694
2015,23,6,0.2130276
2015,24,6,0.003825059
2015,25,6,0.2676214
2015,27,6,0.7481606
2015,28,6,0.0178727
2015,29,6,0.2156009
2015,30,6,0.003278144
2015,32,6,0.07505453
2015,33,6,0.1982355
2015,34,6,0.56956023
2015,35,6,0.2189208
2015,37,6,0.3769686
2015,38,6,0.2316198
2015,39,6,0.2180381
2015,40,6,0.07370644
2015,41,6,0.2173545
2015,42,6,0.3308226
2015,43,6,0.1549279
2015,44,6,0.0007965737
2015,45,6,0.317091292
2015,46,6,0.007880987
2015,47,6,0.4405787
2015,48,6,0.09744481
2015,49,6,0.14927068
2015,51,6,0.0002895381
2015,52,6,0.0000328631
2015,53,6,0.0329044578
2015,54,6,0.05402357
2015,55,6,0.06883731
2015,56,6,0.01043943
2015,57,6,0.05468587
2015,1,7,0.03447235
2015,2,7,0.0003464443
2015,4,7,0.000000001568
2015,5,7,0.07693713
2015,7,7,0.2804493
2015,9,7,0.02711531
2015,10,7,0.0000715588
2015,11,7,0.0033084379
2015,12,7,0.005684895
2015,13,7,0.0004710599
2015,15,7,0.001999141
2015,16,7,0.02485457
2015,17,7,0.0000221985
2015,18,7,0.000005108
2015,19,7,0.001441707
2015,20,7,0.3263937
2015,21,7,0.1507525
2015,22,7,0.1744031
2015,23,7,0.09049653
2015,24,7,0.05368302
2015,25,7,0.0785217
2015,26,7,0.0002027929
2015,27,7,0.6933508
2015,28,7,0.01462918
2015,29,7,0.01704707
2015,30,7,0.02034712
2015,31,7,0.0000324725
2015,32,7,0.03417505
2015,33,7,0.1248827
2015,34,7,0.25433762
2015,35,7,0.1011858
2015,36,7,0.0001853111
2015,37,7,0.1820173
2015,38,7,0.1061357
2015,39,7,0.1003863
2015,40,7,0.04116234
2015,41,7,0.1091693
2015,42,7,0.06974172
2015,43,7,0.07084859
2015,44,7,0.0002060054
2015,45,7,0.064643094
2015,46,7,0.002234222
2015,48,7,0.04418165
2015,49,7,0.07213742
2015,50,7,0.0000226002
2015,53,7,0.01493128
2015,54,7,0.02454619
2015,55,7,0.03120492
2015,56,7,0.004965437
2015,57,7,0.02469691
2015,1,8,157.3262166065
2015,2,8,0.105822281
2015,3,8,0.0004221604
2015,4,8,0.0008701287
2015,5,8,0.05373228
2015,6,8,0.0004357607
2015,7,8,0.0004392975
2015,8,8,76.19729
2015,9,8,0.80003
2015,10,8,0.06294235
2015,11,8,1.1659942566
2015,12,8,9.137531
2015,13,8,0.1671366
2015,14,8,0.3654261
2015,15,8,0.3660771
2015,16,8,4.445504
2015,17,8,0.01667001
2015,18,8,0.0548074628
2015,19,8,1.619754
2015,20,8,36.73881
2015,21,8,0.7370366
2015,22,8,1.8436150096
2015,23,8,30.93713
2015,24,8,1.745295
2015,25,8,2.89573
2015,26,8,16.55848
2015,27,8,62.35838
2015,28,8,1.637243
2015,30,8,0.6225461
2015,32,8,0.9128275
2015,33,8,3.192445
2015,34,8,7.715174
2015,35,8,2.684629
2015,36,8,0.1089599
2015,37,8,4.722958
2015,38,8,2.80689
2015,39,8,2.679019
2015,40,8,1.158316
2015,41,8,2.85606
2015,42,8,4.18507
2015,43,8,1.999077
2015,44,8,0.01247447
2015,45,8,1.36408922
2015,46,8,0.1599085
2015,47,8,0.1047841
2015,48,8,1.165452
2015,49,8,1.8978611
2015,51,8,0.02737894
2015,52,8,0.00103904
2015,53,8,0.3944994345
2015,54,8,0.6486203
2015,55,8,0.8499731
2015,56,8,0.1311816
2015,57,8,0.6618686
2015,1,9,0.005174995
2015,2,9,0.0652284419
2015,3,9,0.1110741
2015,4,9,0.02314521
2015,5,9,0.02971075
2015,6,9,0.000003168
2015,7,9,0.0000098472
2015,8,9,0.1576711
2015,9,9,21.67391
2015,10,9,0.3926111
2015,11,9,0.207048222
2015,12,9,3.838751
2015,13,9,0.240692
2015,14,9,0.001790979
2015,15,9,0.01026667
2015,16,9,0.5482319
2015,17,9,0.02102094
2015,18,9,0.000669698
2015,19,9,0.2455046
2015,20,9,3.520815
2015,21,9,0.3364614
2015,22,9,0.33954019
2015,23,9,3.984545
2015,24,9,0.08914267
2015,25,9,0.5792237
2015,27,9,5.903049
2015,28,9,0.1425697
2015,29,9,2.090097
2015,30,9,0.3235641
2015,32,9,0.1676195
2015,33,9,0.2953816
2015,34,9,9.43690864
2015,35,9,0.002336095
2015,36,9,0.004136501
2015,37,9,1.690082
2015,38,9,0.2466285
2015,39,9,0.4922307
2015,40,9,0.2018245
2015,41,9,0.5342581
2015,42,9,1.125874
2015,43,9,0.3481027
2015,44,9,0.001367871
2015,45,9,1.579317
2015,46,9,0.123534
2015,47,9,0.08041255
2015,48,9,0.2252684
2015,49,9,0.28099929
2015,53,9,0.0758052023
2015,54,9,0.07375322
2015,55,9,0.1531457
2015,56,9,0.02432531
2015,57,9,0.1211376
2015,1,10,0.0262343554
2015,2,10,0.0311013256
2015,3,10,0.002487211
2015,4,10,0.000935426813
2015,5,10,0.09182632
2015,6,10,0.006313525
2015,7,10,0.00023837
2015,8,10,0.2865799
2015,9,10,3.801059
2015,10,10,35.38644
2015,11,10,0.3056700573
2015,12,10,4.588831
2015,13,10,0.1909745
2015,14,10,1.130311
2015,15,10,0.05248448
2015,16,10,1.005357
2015,17,10,0.006184605
2015,18,10,0.0140896486
2015,19,10,0.6406745
2015,20,10,7.123529
2015,21,10,1.924457
2015,22,10,0.8727096188
2015,23,10,2.985471
2015,24,10,0.3835635
2015,25,10,28.22116
2015,27,10,7.404885
2015,28,10,0.4427174
2015,29,10,1.076114
2015,30,10,0.4973864
2015,32,10,0.4462844
2015,33,10,1.110131
2015,34,10,39.2574658
2015,35,10,1.301481
2015,36,10,0.438164062
2015,37,10,2.214376
2015,38,10,1.361315
2015,39,10,1.306526
2015,40,10,0.5664009
2015,41,10,1.936486
2015,42,10,0.1130262
2015,43,10,1.018589
2015,44,10,0.08898119
2015,45,10,6.05822648
2015,46,10,0.2165916
2015,47,10,2.540749
2015,48,10,0.564771
2015,49,10,1.7426469
2015,51,10,0.02464914
2015,52,10,0.0009278692
2015,53,10,0.1919615049
2015,54,10,0.3157031
2015,55,10,0.4229781
2015,56,10,0.0631086
2015,57,10,0.3256098
2015,1,11,18.3810114008
2015,2,11,45.0448611934
2015,3,11,8.331373089
2015,4,11,0.8543299661
2015,5,11,0.881300773
2015,6,11,0.0590953634
2015,7,11,0.1332480718
2015,8,11,119.6498931
2015,9,11,10.518672
2015,10,11,1.61018906
2015,11,11,564.2471299675
2015,12,11,119.74947575
2015,13,11,55.6849835
2015,14,11,88.020718
2015,15,11,14.8463790251
2015,16,11,176.655752318
2015,17,11,6.77762037
2015,18,11,12.0226232298
2015,19,11,180.8242928809
2015,20,11,125.59853
2015,21,11,12.094805
2015,22,11,29.437308472
2015,23,11,507.2106216
2015,24,11,49.0092564
2015,25,11,453.861006
2015,26,11,41.56973
2015,27,11,129.256736
2015,28,11,8.366992
2015,29,11,88.774795
2015,30,11,54.7089403
2015,31,11,1.588974688
2015,32,11,13.6954054
2015,33,11,30.6905824
2015,34,11,217.9355645
2015,35,11,62.4823124
2015,36,11,72.75917881
2015,37,11,242.379083
2015,38,11,67.228955
2015,39,11,99.1655611
2015,40,11,62.7252253
2015,41,11,188.219546
2015,42,11,126.824383
2015,43,11,50.1867922
2015,44,11,5.3041727386
2015,45,11,77.09636558
2015,46,11,95.468316018
2015,47,11,62.4164629
2015,48,11,17.2785651
2015,49,11,84.7147819
2015,50,11,0.006939554
2015,51,11,0.0792830081
2015,52,11,0.0101192573
2015,53,11,12.366576631
2015,54,11,34.7453235
2015,55,11,16.2068001
2015,56,11,3.6560714
2015,57,11,25.9187289
2015,1,12,12.5179411
2015,2,12,40.9829561
2015,3,12,27.41757
2015,4,12,6.263840928
2015,5,12,0.7716962
2015,6,12,0.1284067
2015,7,12,0.7472958
2015,8,12,1.222438
2015,9,12,6.360417
2015,10,12,4.005493
2015,11,12,14.783086635
2015,12,12,1059.956
2015,13,12,7.828426
2015,14,12,9.499764
2015,15,12,1.008159
2015,16,12,25.25726
2015,17,12,1.415181
2015,18,12,0.146739853
2015,19,12,14.79921
2015,20,12,188.5668
2015,21,12,8.901363
2015,22,12,26.3024778
2015,23,12,85.47026
2015,24,12,39.35631
2015,25,12,69.32411
2015,26,12,12.76032
2015,27,12,15.06156
2015,28,12,5.269716
2015,29,12,43.69872
2015,30,12,16.39565
2015,32,12,9.028099
2015,33,12,15.84346
2015,34,12,194.766109
2015,35,12,26.09512
2015,36,12,0.9507631
2015,37,12,39.20066
2015,38,12,17.74603
2015,39,12,20.03209
2015,40,12,6.318022
2015,41,12,19.77103
2015,42,12,129.3313
2015,43,12,25.79528
2015,44,12,0.6787806
2015,45,12,18.698856
2015,46,12,27.94276
2015,47,12,14.50751
2015,48,12,5.665784
2015,49,12,15.433685
2015,50,12,0.1283215
2015,53,12,3.546587
2015,54,12,5.564194
2015,55,12,7.46623
2015,56,12,1.143147
2015,57,12,5.675519
2015,1,13,0.178681843
2015,2,13,0.518225573
2015,3,13,0.9022598
2015,4,13,0.1933374
2015,5,13,0.02994283
2015,6,13,0.01636257
2015,7,13,0.001195749
2015,8,13,9.998875
2015,9,13,1.247638
2015,10,13,0.3258902
2015,11,13,5.8648322917
2015,12,13,13.20079
2015,13,13,82.46059
2015,14,13,10.00181
2015,15,13,2.009907
2015,16,13,25.05945
2015,17,13,0.02495177
2015,18,13,0.0350819827
2015,19,13,14.14036
2015,20,13,29.59235
2015,21,13,0.5725248
2015,22,13,15.336965341
2015,23,13,1.327582
2015,24,13,1.961541
2015,25,13,0.06458583
2015,27,13,23.66113
2015,28,13,0.9788638
2015,29,13,14.07344
2015,30,13,2.633241
2015,32,13,1.586352
2015,33,13,2.034692
2015,34,13,12.3935937
2015,35,13,4.643968
2015,36,13,0.2063272
2015,37,13,8.143723
2015,38,13,4.873138
2015,39,13,4.631135
2015,40,13,1.896953
2015,41,13,4.818974
2015,42,13,4.310817
2015,43,13,3.416145
2015,44,13,0.01325049
2015,45,13,4.1872008
2015,46,13,0.1358643
2015,47,13,5.060012
2015,48,13,2.037816
2015,49,13,3.2462468
2015,51,13,0.04297196
2015,52,13,0.002145106
2015,53,13,0.6837964589
2015,54,13,1.121023
2015,55,13,1.468125
2015,56,13,0.2244583
2015,57,13,1.147628
2015,1,14,0.045137108
2015,2,14,106.866418714
2015,3,14,0.005502032
2015,4,14,0.001146493
2015,5,14,0.03117941
2015,6,14,0.000352218
2015,7,14,0.0003532646
2015,8,14,1.610505
2015,9,14,1.882068
2015,10,14,0.06994713
2015,11,14,9.6297929475
2015,12,14,4.142068
2015,13,14,0.8236484
2015,14,14,240.6775
2015,15,14,1.132409
2015,16,14,3.962707
2015,17,14,0.02774642
2015,18,14,0.022144708
2015,19,14,1.535151
2015,20,14,55.42111
2015,21,14,0.591455
2015,22,14,0.4117476
2015,23,14,22.72155
2015,24,14,3.453409
2015,25,14,4.148729
2015,27,14,76.17542
2015,28,14,3.788757
2015,29,14,16.23473
2015,30,14,15.26614
2015,32,14,0.5820583
2015,33,14,1.176307
2015,34,14,8.6697554
2015,35,14,1.71151
2015,36,14,0.009422508
2015,37,14,3.247479
2015,38,14,3.167576
2015,39,14,1.084871
2015,40,14,1.490655
2015,41,14,2.343768
2015,42,14,2.802404
2015,43,14,2.571051
2015,44,14,0.0103176
2015,45,14,4.3628422
2015,46,14,0.3751343
2015,47,14,0.3106249
2015,48,14,1.656791
2015,49,14,2.4546305
2015,53,14,0.5593488002
2015,54,14,0.7807637
2015,55,14,1.131118
2015,56,14,0.1028551
2015,57,14,0.3388644
2015,1,15,0.0142861251
2015,2,15,21.7162142596
2015,5,15,0.000007638
2015,6,15,0.000002594
2015,7,15,0.000001736
2015,8,15,0.0699539
2015,9,15,0.3239409
2015,10,15,0.006600028
2015,11,15,9.1917452443
2015,12,15,5.19077
2015,13,15,0.1267008
2015,14,15,0.01384391
2015,15,15,1.395591
2015,16,15,3.05701
2015,17,15,0.004808158
2015,18,15,0.0034197519
2015,19,15,1.269055
2015,20,15,14.72508
2015,21,15,2.920411
2015,22,15,51.94737816
2015,23,15,10.07158
2015,24,15,1.164328
2015,25,15,0.9217182
2015,27,15,1.430728
2015,28,15,0.2669276
2015,29,15,3.296503
2015,30,15,0.1953107
2015,31,15,0.002665038
2015,32,15,0.6082472
2015,33,15,2.480491
2015,34,15,4.0990497
2015,35,15,1.805463
2015,36,15,0.02097592
2015,37,15,3.149414
2015,38,15,1.894192
2015,39,15,1.797331
2015,40,15,0.7546
2015,41,15,1.956826
2015,42,15,6.362228
2015,43,15,1.273006
2015,44,15,0.004978655
2015,45,15,2.78632689
2015,46,15,0.08477895
2015,47,15,0.08026544
2015,48,15,0.7885221
2015,49,15,1.2911162
2015,50,15,0.0007528295
2015,51,15,0.004185654
2015,52,15,0.0001998706
2015,53,15,0.265403563
2015,54,15,0.4365155
2015,55,15,0.5581867
2015,56,15,0.08863095
2015,57,15,0.449107
2015,1,16,0.0221811273
2015,2,16,0.129595566
2015,3,16,0.0002269739
2015,4,16,0.0000474235
2015,5,16,0.001127707
2015,6,16,0.0001487214
2015,7,16,0.0009031791
2015,8,16,1.435956
2015,9,16,1.048901
2015,10,16,0.04133612
2015,11,16,3.129361214
2015,12,16,2.065314
2015,13,16,0.6271232
2015,14,16,6.031963
2015,15,16,11.65779
2015,16,16,34.35869
2015,17,16,0.05633292
2015,18,16,0.0084821084
2015,19,16,6.340887
2015,20,16,43.26091
2015,21,16,0.4553328
2015,22,16,1.5038719
2015,23,16,48.1361
2015,24,16,1.325634
2015,25,16,7.265258
2015,27,16,34.60128
2015,28,16,1.031925
2015,29,16,6.553026
2015,30,16,2.168606
2015,32,16,1.618304
2015,33,16,5.752452
2015,34,16,37.9990732
2015,35,16,4.524028
2015,36,16,26.311453
2015,37,16,13.46458
2015,38,16,5.075225
2015,39,16,4.396464
2015,40,16,0.9400878
2015,41,16,4.536707
2015,42,16,11.85724
2015,43,16,2.582797
2015,44,16,0.02707805
2015,45,16,11.1450941
2015,46,16,0.4532406
2015,47,16,0.5272159
2015,48,16,2.180582
2015,49,16,3.0698963
2015,53,16,0.739756298
2015,54,16,1.197533
2015,55,16,1.375978
2015,56,16,0.2221303
2015,57,16,0.6928951
2015,1,17,0.1596855761
2015,2,17,0.0127129746
2015,3,17,0.0000776237
2015,4,17,0.0000185689
2015,5,17,0.0000420403
2015,6,17,0.000001595
2015,7,17,0.0000143552
2015,8,17,0.003311899
2015,9,17,0.7310854
2015,10,17,0.008437833
2015,11,17,2.7731320551
2015,12,17,0.04263028
2015,13,17,5.077733
2015,14,17,2.88931
2015,15,17,1.531031
2015,16,17,20.83498
2015,17,17,3.307538
2015,18,17,4.2931772727
2015,19,17,11.28369
2015,20,17,3.616397
2015,21,17,0.1763665
2015,22,17,0.14203378
2015,23,17,31.68376
2015,24,17,6.387889
2015,25,17,2.71362
2015,27,17,4.394462
2015,28,17,0.0918658
2015,29,17,6.906795
2015,30,17,0.003129196
2015,32,17,0.6239542
2015,33,17,2.305378
2015,34,17,5.0301312
2015,35,17,1.676077
2015,36,17,0.1543842
2015,37,17,1.974033
2015,38,17,1.897917
2015,39,17,1.671511
2015,40,17,0.7492682
2015,41,17,0.7025403
2015,42,17,5.695366
2015,43,17,1.022968
2015,44,17,0.007150487
2015,45,17,6.08094159
2015,46,17,0.05938162
2015,47,17,0.7995811
2015,48,17,0.8629548
2015,49,17,0.7995595
2015,52,17,0.0003350878
2015,53,17,0.2888549902
2015,54,17,0.463542
2015,55,17,0.5513946
2015,56,17,0.06372914
2015,57,17,0.4700862
2015,1,18,0.0019993378
2015,2,18,0.0343795523
2015,3,18,0.0003931896
2015,4,18,0.0000819314
2015,5,18,0.0028534245
2015,6,18,0.000004116
2015,7,18,0.0000009331
2015,8,18,0.113895298
2015,9,18,0.1988029434
2015,10,18,0.0159218015
2015,11,18,0.9232197272
2015,12,18,0.689339806
2015,13,18,2.441959615
2015,14,18,0.0604525697
2015,15,18,3.294171981
2015,16,18,5.00819994
2015,17,18,0.389161678
2015,18,18,2.2950863439
2015,19,18,2.320938582
2015,20,18,6.08060759
2015,21,18,4.616675973
2015,22,18,1.0340410689
2015,23,18,13.16737091
2015,24,18,3.765500095
2015,25,18,1.31410333
2015,26,18,0.0001485267
2015,27,18,1.32024814
2015,28,18,0.1581459178
2015,29,18,5.34157855
2015,30,18,0.198610004
2015,31,18,0.0001779071
2015,32,18,0.778247928
2015,33,18,2.8286524877
2015,34,18,6.227508485
2015,35,18,2.298913974
2015,36,18,0.0919455007
2015,37,18,4.2249442
2015,38,18,2.412403566
2015,39,18,2.276993063
2015,40,18,0.877732607
2015,41,18,2.4374369
2015,42,18,2.42753325
2015,43,18,1.609243426
2015,44,18,0.0010572572
2015,45,18,2.2090245619
2015,46,18,0.110772411
2015,47,18,0.0389128196
2015,48,18,1.006976256
2015,49,18,1.558308687
2015,50,18,0.0000723695
2015,51,18,0.0001725868
2015,52,18,0.0000098148
2015,53,18,0.340152621
2015,54,18,0.554885367
2015,55,18,0.711152128
2015,56,18,0.1123682932
2015,57,18,0.562450247
2015,1,19,0.0283225461
2015,2,19,0.0546139487
2015,3,19,0.1171504
2015,4,19,0.023277445335
2015,5,19,0.02564267
2015,6,19,0.0096335
2015,7,19,0.003426799
2015,8,19,0.06467824
2015,9,19,1.078922
2015,10,19,0.07914723
2015,11,19,5.893002304
2015,12,19,4.339093
2015,13,19,3.163899
2015,14,19,0.1345464
2015,15,19,0.2825448
2015,16,19,14.05671
2015,17,19,0.4996318
2015,18,19,0.5858744632
2015,19,19,37.27288
2015,20,19,9.437039
2015,21,19,0.6487201
2015,22,19,0.4319168097
2015,23,19,15.81634
2015,24,19,2.201174
2015,25,19,2.894389
2015,26,19,0.0003548559
2015,27,19,8.201952
2015,28,19,0.4231079
2015,29,19,3.734403
2015,30,19,0.317866
2015,32,19,1.438119
2015,33,19,5.741221
2015,34,19,12.0824087
2015,35,19,4.241187
2015,36,19,1.048904
2015,37,19,7.503629
2015,38,19,4.458149
2015,39,19,4.212044
2015,40,19,1.651089
2015,41,19,4.478262
2015,42,19,7.60445
2015,43,19,2.983625
2015,44,19,0.01099026
2015,45,19,6.9318838
2015,46,19,0.2009512
2015,47,19,13.49954
2015,48,19,1.860794
2015,49,19,2.9880233
2015,51,19,0.001655694
2015,52,19,0.0001778232
2015,53,19,0.6286956278
2015,54,19,1.033029
2015,55,19,1.315625
2015,56,19,0.2065119
2015,57,19,1.042802
2015,2,20,22.152009
2015,4,20,0.002176407
2015,9,20,0.3232792
2015,10,20,0.1221107
2015,11,20,22.81747165
2015,12,20,29.72551
2015,13,20,0.3154546
2015,14,20,0.0006014073
2015,15,20,0.1463779
2015,16,20,5.025993
2015,17,20,0.01026826
2015,19,20,2.196153
2015,20,20,928.3106
2015,21,20,0.01983917
2015,22,20,0.58270579
2015,23,20,71.75538
2015,24,20,16.42532
2015,25,20,12.21839
2015,27,20,8.671016
2015,28,20,0.4657974
2015,29,20,4.60197
2015,30,20,0.5406514
2015,32,20,8.952178
2015,33,20,23.60807
2015,34,20,99.336523
2015,35,20,39.78951
2015,37,20,71.48017
2015,38,20,20.76378
2015,39,20,39.30974
2015,40,20,15.55016
2015,41,20,42.54835
2015,42,20,9.554385
2015,43,20,18.91995
2015,44,20,0.003361415
2015,45,20,9.861421
2015,46,20,0.382748
2015,47,20,6.578413
2015,48,20,6.957332
2015,49,20,27.837732
2015,53,20,1.735972
2015,54,20,9.657687
2015,55,20,12.30622
2015,56,20,1.944622
2015,57,20,9.706009
2015,2,21,0.1644370055
2015,7,21,0.0001715694
2015,8,21,0.08668966
2015,9,21,0.1868952
2015,10,21,0.2539622
2015,11,21,0.0331904113
2015,12,21,0.05518963
2015,13,21,0.01519905
2015,14,21,0.1298077
2015,15,21,0.03282367
2015,16,21,0.01753022
2015,17,21,0.0002067126
2015,18,21,0.0001014605
2015,19,21,0.005518399
2015,20,21,1.122582
2015,21,21,5.109549
2015,22,21,6.740452
2015,23,21,1.415241
2015,24,21,0.01241691
2015,25,21,0.05664559
2015,26,21,0.2823079
2015,27,21,0.02544915
2015,28,21,0.001403477
2015,29,21,0.4306056
2015,30,21,1.092024
2015,31,21,0.2729571
2015,32,21,0.7516331
2015,33,21,2.878404
2015,34,21,6.372646
2015,35,21,2.657338
2015,36,21,0.16401036
2015,37,21,4.123113
2015,38,21,2.174904
2015,39,21,2.838751
2015,40,21,1.677551
2015,41,21,2.3069
2015,42,21,0.7152357
2015,43,21,1.530209
2015,44,21,0.01221821
2015,45,21,0.6226795
2015,46,21,0.02112709
2015,47,21,0.3110676
2015,48,21,1.248436
2015,49,21,1.6488418
2015,50,21,0.0943918
2015,51,21,0.1391294
2015,52,21,1.520661
2015,53,21,0.308318094
2015,54,21,0.502137
2015,55,21,0.6757668
2015,56,21,0.3537409
2015,57,21,0.5041914
2015,2,22,1.3789420464
2015,3,22,0.33379353
2015,4,22,0.06955465
2015,5,22,0.0070829015
2015,6,22,0.04373431
2015,7,22,0.039190485
2015,8,22,0.11646683
2015,9,22,0.499035317
2015,10,22,0.9853857841
2015,11,22,3.9640857711
2015,12,22,1.740126765
2015,13,22,1.1880868973
2015,14,22,3.8229841
2015,15,22,0.163170969
2015,16,22,0.57077995
2015,17,22,0.053460358
2015,18,22,0.0227897358
2015,19,22,0.005380875
2015,20,22,29.5997887801
2015,21,22,1.606342677
2015,22,22,387.18683119
2015,23,22,23.05364071
2015,24,22,9.239625433
2015,25,22,1.20448089
2015,26,22,0.1120225
2015,27,22,32.7993919
2015,28,22,5.517236296
2015,29,22,0.96100776
2015,30,22,18.7384629
2015,31,22,1.5811129
2015,32,22,1.87756428
2015,33,22,3.0496191
2015,34,22,12.277902541
2015,35,22,11.47005755
2015,36,22,17.223617
2015,37,22,18.5595294
2015,38,22,8.83695243
2015,39,22,5.12294995
2015,40,22,9.44869179
2015,41,22,3.71719758
2015,42,22,7.2574695
2015,43,22,2.42198793
2015,44,22,0.0326454008
2015,45,22,10.197586773
2015,46,22,0.227284773
2015,47,22,6.964363212
2015,48,22,1.50729032
2015,49,22,2.45832802
2015,50,22,1.1670845
2015,51,22,3.156173
2015,52,22,3.3013013
2015,53,22,0.50914057
2015,54,22,9.37022491
2015,55,22,1.31545099
2015,56,22,0.16924772
2015,57,22,27.50271904
2015,1,23,97.202658586
2015,2,23,134.978445377218
2015,3,23,11.29967
2015,4,23,0.0163534035
2015,5,23,0.9157119
2015,6,23,2.840503
2015,7,23,0.1463773
2015,8,23,190.497
2015,9,23,5.996017
2015,10,23,0.8912588
2015,11,23,31.82832241
2015,12,23,17.80529
2015,13,23,155.7119
2015,14,23,631.4041
2015,15,23,2.721015
2015,16,23,189.9026
2015,17,23,14.3016
2015,18,23,1.837687909
2015,19,23,289.914
2015,20,23,83.35854
2015,21,23,0.1695445
2015,22,23,101.2975946
2015,23,23,3196.36
2015,24,23,99.23007
2015,25,23,126.5655
2015,26,23,10.62392
2015,27,23,97.51938
2015,28,23,1.242889
2015,29,23,3.671689
2015,30,23,9.607102
2015,31,23,8.186453
2015,32,23,7.134836
2015,33,23,8.728672
2015,34,23,7.31295117
2015,35,23,23.31634
2015,36,23,137.226481
2015,37,23,93.22236
2015,38,23,21.33211
2015,39,23,39.39986
2015,40,23,104.1699
2015,41,23,181.9832
2015,42,23,57.62264
2015,43,23,254.7408
2015,44,23,0.001759758
2015,45,23,14.13040364
2015,46,23,4.448144
2015,47,23,94.6335
2015,48,23,4.757625
2015,49,23,273.44797
2015,50,23,97.0684
2015,51,23,13.41339
2015,52,23,2.405835
2015,53,23,0.0072340537
2015,54,23,1.923283
2015,55,23,0.7756827
2015,56,23,0.0006598473
2015,57,23,0.3349796
2015,1,24,0.215418599145
2015,2,24,0.004719246358
2015,3,24,0.2342434
2015,4,24,0.003904025
2015,5,24,0.0665986
2015,6,24,0.006355388
2015,7,24,0.2212461
2015,8,24,0.1951002
2015,9,24,0.2847849
2015,10,24,0.3496431
2015,11,24,4.0586236952
2015,12,24,0.1822136
2015,13,24,3.736044
2015,14,24,1.82906
2015,15,24,0.002866536
2015,16,24,1.036029
2015,17,24,0.01088566
2015,18,24,5.0407269532
2015,19,24,3.132294
2015,20,24,21.80762
2015,22,24,0.9678522196
2015,23,24,6.312919
2015,24,24,26.14185
2015,25,24,1.002358
2015,26,24,0.000000082
2015,27,24,17.65239
2015,28,24,0.5593429
2015,29,24,0.9987498
2015,30,24,7.936656
2015,31,24,2.073979
2015,32,24,0.2729751
2015,33,24,0.3550865
2015,34,24,0.6328996703
2015,35,24,2.682061
2015,36,24,16.791646
2015,37,24,4.257835
2015,38,24,9.03289
2015,39,24,0.3000769
2015,40,24,86.70556
2015,41,24,5.34706
2015,42,24,23.04809
2015,43,24,5.667513
2015,44,24,0.0007392794
2015,45,24,46.9780113
2015,46,24,0.00911266
2015,47,24,6.757446
2015,48,24,0.0007226017
2015,49,24,68.55988
2015,52,24,0.383942
2015,53,24,0.00409355303
2015,54,24,0.07193877
2015,55,24,0.03962827
2015,57,24,0.01249348
2015,1,25,5.568597
2015,2,25,12.299294093
2015,3,25,15.50343
2015,4,25,6.1998673731
2015,5,25,0.5178214
2015,6,25,0.06347907
2015,7,25,0.2669713
2015,8,25,1.695886
2015,9,25,4.995776
2015,10,25,2.111743
2015,11,25,23.352566329
2015,12,25,2.527991
2015,13,25,13.78008
2015,14,25,25.42818
2015,15,25,0.1682819
2015,16,25,4.819136
2015,17,25,0.2454417
2015,18,25,2.3478378566
2015,19,25,7.964034
2015,20,25,195.7484
2015,22,25,29.7044474
2015,23,25,85.64233
2015,24,25,120.1806
2015,25,25,11.21678
2015,27,25,474.622
2015,28,25,51.94695
2015,29,25,6.117162
2015,30,25,577.8839
2015,31,25,73.14621
2015,32,25,4.646998
2015,33,25,4.080201
2015,34,25,2.593073
2015,35,25,51.36891
2015,36,25,181.3145
2015,37,25,298.4137
2015,38,25,28.42549
2015,39,25,41.18315
2015,40,25,213.3795
2015,41,25,279.7708
2015,42,25,348.8562
2015,43,25,23.20293
2015,44,25,0.4253037
2015,45,25,588.295
2015,46,25,12.31686
2015,47,25,214.1923
2015,49,25,118.66677
2015,50,25,47.6529
2015,54,25,0.2373506
2015,55,25,0.7754341
2015,56,25,6.104104
2015,57,25,1.066982
2015,1,26,5.4424547335
2015,2,26,0.9035147256
2015,3,26,69.01953
2015,4,26,4.45112
2015,5,26,0.4279001
2015,6,26,0.007343208
2015,7,26,0.181474
2015,8,26,1.111368
2015,9,26,2.031037
2015,10,26,0.4106483
2015,11,26,10.087581915
2015,12,26,1.293825
2015,13,26,4.089087
2015,14,26,2.526777
2015,15,26,0.09413751
2015,16,26,2.770107
2015,17,26,0.2114339
2015,18,26,1.1032954494
2015,19,26,3.074691
2015,20,26,222.5731
2015,21,26,1.08847
2015,22,26,1.377520439
2015,23,26,255.2048
2015,24,26,29.85322
2015,25,26,23.58556
2015,26,26,0.002087817
2015,27,26,92.07922
2015,28,26,0.5977953
2015,29,26,0.04013639
2015,30,26,15.33061
2015,31,26,11.41659
2015,32,26,11.11163
2015,33,26,51.68766
2015,34,26,2.116357
2015,35,26,16.54796
2015,36,26,74.086008
2015,37,26,161.9225
2015,38,26,37.36396
2015,39,26,3.008242
2015,40,26,502.3368
2015,41,26,74.62892
2015,42,26,188.5486
2015,43,26,7.291984
2015,44,26,0.00264511
2015,45,26,117.63448
2015,46,26,0.1588723
2015,47,26,56.76591
2015,49,26,34.437103
2015,52,26,1.411182
2015,53,26,0.001569031
2015,54,26,0.2611017
2015,55,26,1.533864
2015,56,26,1.905861
2015,57,26,0.2093321
2015,2,27,0.65451926
2015,3,27,5.723791
2015,4,27,3.547006
2015,5,27,0.02378556
2015,6,27,0.01043336
2015,7,27,0.03957287
2015,8,27,0.2979586
2015,9,27,0.981656
2015,10,27,0.1122653
2015,11,27,73.752666897
2015,12,27,0.6032193
2015,13,27,10.91502
2015,14,27,5.691529
2015,15,27,0.09237576
2015,16,27,1.968166
2015,17,27,0.8148953
2015,18,27,5.0332721614
2015,19,27,14.83534
2015,20,27,54.69997
2015,21,27,0.4285348
2015,22,27,6.943143
2015,23,27,30.17689
2015,24,27,123.7644
2015,25,27,5.656348
2015,26,27,5.787239
2015,27,27,140.7223
2015,28,27,1.517256
2015,29,27,4.559665
2015,30,27,271.3561
2015,31,27,9.014821
2015,32,27,4.305873
2015,33,27,2.602901
2015,34,27,1.219578
2015,35,27,15.54718
2015,36,27,81.80059
2015,37,27,21.2016
2015,38,27,34.94445
2015,39,27,5.616762
2015,40,27,55.97231
2015,41,27,82.87363
2015,42,27,17.81224
2015,43,27,14.38007
2015,44,27,0.0008470588
2015,45,27,6.484039
2015,46,27,0.1618354
2015,47,27,38.15882
2015,48,27,14.94518
2015,49,27,20.058625
2015,50,27,125.3013
2015,51,27,7.599986
2015,52,27,1.038676
2015,55,27,2.317168
2015,56,27,2.343444
2015,57,27,1.885816
2015,1,28,2.7078466
2015,2,28,0.07103426
2015,3,28,0.3558319
2015,4,28,0.2431227
2015,5,28,0.001645219
2015,8,28,0.02800173
2015,10,28,0.003595843
2015,11,28,16.1082132487
2015,12,28,0.01401122
2015,13,28,0.2776905
2015,14,28,0.03377216
2015,15,28,0.001237451
2015,16,28,0.3481264
2015,17,28,0.0098904
2015,18,28,0.0097362319
2015,19,28,14.312
2015,20,28,7.395158
2015,22,28,0.72272924
2015,23,28,13.78956
2015,24,28,4.200586
2015,25,28,0.6119495
2015,27,28,0.6113706
2015,28,28,60.89625
2015,29,28,1.11037
2015,30,28,51.71299
2015,31,28,1.167909
2015,32,28,0.4254745
2015,33,28,0.3186655
2015,34,28,0.1320367
2015,35,28,1.882796
2015,36,28,21.500783
2015,37,28,2.21967
2015,38,28,2.852273
2015,39,28,6.683868
2015,40,28,2.055471
2015,41,28,28.42261
2015,42,28,2.753583
2015,43,28,2.467729
2015,44,28,0.0000299672
2015,45,28,1.7304385
2015,46,28,0.2029271
2015,47,28,64.28378
2015,48,28,12.59769
2015,49,28,1.7293315
2015,50,28,0.7105619
2015,51,28,1.099592
2015,52,28,0.06226346
2015,55,28,0.08013788
2015,56,28,0.1473575
2015,57,28,1.646239
2015,1,29,0.6437637494
2015,2,29,0.1529195997
2015,3,29,2.110067
2015,4,29,3.7237304104
2015,5,29,0.04625872
2015,6,29,0.1294073
2015,7,29,0.02836988
2015,9,29,0.09750326
2015,10,29,0.04641088
2015,11,29,208.389859522
2015,12,29,1.597675
2015,13,29,0.5514568
2015,14,29,3.554696
2015,15,29,0.0003381657
2015,16,29,0.4471533
2015,17,29,0.1906974
2015,18,29,0.2916363
2015,19,29,88.92136
2015,20,29,63.07121
2015,21,29,0.1587595
2015,22,29,23.410318845
2015,23,29,104.13
2015,24,29,51.00912
2015,25,29,14.86102
2015,27,29,13.27307
2015,28,29,4.29559
2015,29,29,185.6617
2015,30,29,254.1857
2015,31,29,10.91208
2015,32,29,6.010883
2015,33,29,23.81711
2015,34,29,3.790272531
2015,35,29,24.98915
2015,36,29,164.58401
2015,37,29,22.06549
2015,38,29,6.821906
2015,39,29,51.66104
2015,40,29,19.13139
2015,41,29,12.10677
2015,42,29,11.49106
2015,43,29,1.609189
2015,44,29,0.000256804
2015,45,29,15.538549
2015,46,29,2.81288
2015,47,29,10.12794
2015,48,29,31.04267
2015,49,29,78.5344693
2015,50,29,26.66467
2015,51,29,11.46909
2015,52,29,0.6641347
2015,53,29,4.590408571
2015,55,29,2.543234
2015,56,29,3.524991
2015,57,29,40.14391
2015,1,30,0.000304088777
2015,2,30,1.924852517168
2015,3,30,0.596331
2015,4,30,0.7535442
2015,5,30,0.01529481
2015,6,30,0.002407898
2015,7,30,0.003637377
2015,8,30,0.190004
2015,9,30,0.2877977
2015,10,30,0.7847545
2015,11,30,8.9730676059
2015,12,30,0.1595471
2015,13,30,1.211067
2015,14,30,0.7482842
2015,15,30,0.003047525
2015,16,30,0.359182
2015,17,30,0.03142499
2015,18,30,0.2339159023
2015,19,30,6.796737
2015,20,30,130.7904
2015,22,30,0.772643839
2015,23,30,34.11858
2015,24,30,7.001573
2015,25,30,9.573486
2015,26,30,0.0000001999
2015,27,30,63.99157
2015,28,30,11.73264
2015,29,30,9.014949
2015,30,30,286.2035
2015,31,30,2.70912
2015,32,30,1.010285
2015,33,30,1.20601
2015,34,30,2.0926151958
2015,35,30,9.880305
2015,36,30,34.092548
2015,37,30,10.92925
2015,38,30,17.34447
2015,39,30,1.851833
2015,40,30,73.71027
2015,41,30,123.2427
2015,42,30,38.40493
2015,43,30,14.23258
2015,44,30,0.0002061049
2015,45,30,5.861061
2015,46,30,0.06076046
2015,47,30,31.83948
2015,48,30,3.714138
2015,49,30,71.610897
2015,50,30,0.6313713
2015,51,30,6.419126
2015,52,30,0.5948302
2015,53,30,0.0098004912
2015,54,30,0.04856108
2015,55,30,2.439503
2015,56,30,0.5448396
2015,57,30,1.290665
2015,2,31,0.0043748
2015,3,31,2.522842
2015,4,31,1.025385
2015,5,31,0.03859052
2015,6,31,0.01987136
2015,7,31,0.03208371
2015,8,31,0.1704333
2015,9,31,0.4080138
2015,10,31,0.04400592
2015,11,31,3.964992851
2015,12,31,0.1429038
2015,13,31,0.9533722
2015,14,31,0.5510715
2015,15,31,0.02967512
2015,16,31,0.1968933
2015,17,31,0.1079927
2015,18,31,1.0235912535
2015,19,31,1.101574
2015,20,31,12.20476
2015,21,31,0.2720621
2015,22,31,4.5134746
2015,23,31,22.64115
2015,24,31,15.40982
2015,25,31,0.5840986
2015,27,31,35.59422
2015,28,31,3.321071
2015,29,31,5.236617
2015,30,31,22.52856
2015,31,31,33.75378
2015,33,31,3.193649
2015,34,31,0.8528177
2015,35,31,18.06295
2015,36,31,51.939082
2015,37,31,11.04508
2015,38,31,6.820417
2015,39,31,2.037652
2015,40,31,43.93
2015,41,31,79.7915
2015,42,31,9.344673
2015,43,31,8.955218
2015,44,31,0.0001694884
2015,45,31,6.592526
2015,46,31,0.129405
2015,47,31,6.795908
2015,48,31,3.393326
2015,49,31,27.30936
2015,50,31,7.050512
2015,51,31,5.081005
2015,52,31,0.01159822
2015,53,31,1.366188
2015,54,31,0.3668664
2015,55,31,1.68903
2015,56,31,0.4207842
2015,57,31,41.88041
2015,1,32,6.184362
2015,2,32,0.14573701
2015,3,32,10.68266
2015,4,32,43.03783
2015,5,32,0.02414442
2015,6,32,0.02182375
2015,7,32,0.02591058
2015,8,32,0.2261069
2015,9,32,0.2159366
2015,10,32,0.02177693
2015,11,32,9.6915005257
2015,12,32,0.2444631
2015,13,32,0.09151589
2015,14,32,0.1735802
2015,16,32,0.03556112
2015,17,32,0.0006379054
2015,18,32,0.0201090195
2015,19,32,0.1004182
2015,20,32,35.88384
2015,21,32,0.1039281
2015,22,32,1.3942588
2015,23,32,6.397034
2015,24,32,2.163345
2015,25,32,2.921338
2015,27,32,3.698627
2015,28,32,0.1251685
2015,29,32,0.554562
2015,30,32,0.3120376
2015,31,32,1.454877
2015,32,32,3.19757
2015,33,32,0.7222106
2015,34,32,11.518953
2015,35,32,2.068978
2015,36,32,15.950211
2015,37,32,4.078704
2015,38,32,7.458045
2015,39,32,0.4207806
2015,40,32,23.6336
2015,41,32,59.59999
2015,42,32,19.47062
2015,43,32,44.13269
2015,44,32,0.001737911
2015,45,32,13.81910933
2015,46,32,0.03911319
2015,47,32,5.231366
2015,48,32,8.045146
2015,49,32,6.05415
2015,50,32,0.6106435
2015,51,32,0.7540064
2015,52,32,0.6507979
2015,53,32,4.329418
2015,55,32,0.04327609
2015,56,32,0.2825997
2015,57,32,1.126353
2015,1,33,18.23929
2015,2,33,0.86850119
2015,3,33,43.4576
2015,4,33,127.44484439
2015,5,33,0.07142555
2015,6,33,0.03565172
2015,7,33,0.1029931
2015,8,33,1.00604
2015,9,33,0.721052
2015,10,33,0.05741976
2015,11,33,18.5344045357
2015,12,33,0.7058315
2015,13,33,0.3124341
2015,14,33,0.6235498
2015,16,33,0.1254894
2015,17,33,0.00140948
2015,18,33,0.1035508227
2015,19,33,0.4312062
2015,20,33,73.7524
2015,22,33,5.088191
2015,23,33,21.74935
2015,24,33,6.673215
2015,25,33,20.54145
2015,27,33,12.22251
2015,28,33,0.5735377
2015,29,33,2.013419
2015,30,33,6.787937
2015,31,33,6.104584
2015,32,33,1.755151
2015,33,33,1.323266
2015,34,33,31.7025948
2015,35,33,12.87905
2015,36,33,22.962382
2015,37,33,11.25834
2015,38,33,21.27503
2015,39,33,1.851641
2015,40,33,346.9425
2015,41,33,142.1903
2015,42,33,56.74847
2015,43,33,4.941549
2015,44,33,0.001565057
2015,45,33,22.998243
2015,46,33,0.5524159
2015,47,33,46.86977
2015,48,33,14.16451
2015,49,33,156.442898
2015,50,33,1.899198
2015,51,33,5.515971
2015,52,33,1.398161
2015,53,33,0.8396615
2015,54,33,0.07828332
2015,55,33,4.132272
2015,56,33,0.2058927
2015,57,33,9.049881
2015,1,34,0.7626378435
2015,2,34,0.1360520994
2015,3,34,1.0333704
2015,4,34,0.954205257
2015,5,34,0.017097219
2015,6,34,0.008371444
2015,7,34,0.021035951
2015,8,34,0.42056855
2015,9,34,11.93437894
2015,10,34,34.029765064
2015,11,34,2.699950988
2015,12,34,3.72464161
2015,13,34,0.51110347
2015,14,34,0.41117812
2015,15,34,0.0055286198
2015,16,34,0.267936005
2015,17,34,0.049714029
2015,18,34,0.2238981391
2015,19,34,2.9370863
2015,20,34,13.598046
2015,21,34,0.06297341
2015,22,34,3.143699319
2015,23,34,10.5338468
2015,24,34,6.4033423
2015,25,34,72.39227917
2015,26,34,0.00529379
2015,27,34,35.65103275
2015,28,34,23.25588231
2015,29,34,7.0954019
2015,30,34,2.826966
2015,31,34,2.694999
2015,32,34,1.3518262
2015,33,34,0.9670173
2015,34,34,483.42147781
2015,35,34,19.15977
2015,36,34,412.972368
2015,37,34,8.7950007
2015,38,34,4.8959189
2015,39,34,5.3625454
2015,40,34,14.368318
2015,41,34,36.138741
2015,42,34,170.0165755
2015,43,34,20.041696
2015,44,34,2.9544554966
2015,45,34,405.148354686
2015,46,34,2.9779844
2015,47,34,13.643943
2015,48,34,3.5764132
2015,49,34,231.227630013
2015,50,34,2.4381339
2015,51,34,4.0024258
2015,52,34,54.03116472
2015,53,34,77.9710543264
2015,54,34,4.4450858
2015,55,34,5.699918
2015,56,34,1.42458046
2015,57,34,4.1652865
2015,1,35,0.04819222
2015,2,35,0.0008722008
2015,3,35,1.835958
2015,4,35,0.7054341
2015,5,35,0.01253095
2015,6,35,0.02591259
2015,7,35,0.02296838
2015,8,35,0.5484227
2015,9,35,0.2815886
2015,10,35,1.591829
2015,11,35,1.229950051
2015,12,35,0.2286696
2015,13,35,18.37704
2015,14,35,2.241563
2015,15,35,0.1098417
2015,16,35,0.7517634
2015,17,35,1.050194
2015,18,35,0.4944760344
2015,19,35,26.73795
2015,20,35,31.09467
2015,21,35,0.2418912
2015,22,35,3.4380925
2015,23,35,35.80067
2015,24,35,11.06019
2015,25,35,2.859671
2015,27,35,12.01513
2015,28,35,0.8754102
2015,29,35,2.353232
2015,30,35,20.18311
2015,31,35,12.76245
2015,32,35,1.450582
2015,33,35,2.772487
2015,34,35,35.158421
2015,35,35,189.1023
2015,36,35,125.7818
2015,37,35,18.17807
2015,38,35,1.027333
2015,39,35,10.50775
2015,40,35,36.45232
2015,41,35,8.350019
2015,42,35,168.087
2015,43,35,12.0709
2015,44,35,0.0002992692
2015,45,35,32.354186
2015,46,35,0.001506469
2015,47,35,30.34216
2015,48,35,4.012105
2015,49,35,112.268261
2015,50,35,0.8404495
2015,51,35,19.20614
2015,52,35,0.3254159
2015,53,35,0.793374
2015,54,35,0.3982884
2015,55,35,8.022098
2015,57,35,5.109454
2015,1,36,2.0794607887
2015,2,36,0.0675443015
2015,3,36,18.363833
2015,4,36,0.4978635572
2015,5,36,0.23650445
2015,6,36,0.5514536
2015,7,36,0.16382168
2015,8,36,5.525214
2015,9,36,8.0240264
2015,10,36,5.3718477
2015,11,36,11.2903728348
2015,12,36,2.0140841
2015,13,36,18.128059
2015,14,36,7.243224
2015,15,36,0.38967257
2015,16,36,7.862663
2015,17,36,6.058823
2015,18,36,2.313030176
2015,19,36,89.48654
2015,20,36,142.04511
2015,21,36,2.413614
2015,22,36,59.0345204781
2015,23,36,74.57468
2015,24,36,112.47457
2015,25,36,804.2743
2015,26,36,0.003419812
2015,27,36,8.356999
2015,28,36,3.857776
2015,29,36,13.336946
2015,30,36,43.9916
2015,31,36,98.685212
2015,32,36,9.860123
2015,33,36,10.236435
2015,34,36,51.1582828
2015,35,36,203.56603
2015,36,36,5961.1248
2015,37,36,257.50344
2015,38,36,3.9495357
2015,39,36,395.1734
2015,40,36,82.10068
2015,41,36,750.354
2015,42,36,59.73756
2015,43,36,47.083042
2015,44,36,2.6007749
2015,45,36,299.57006
2015,46,36,218.5682
2015,47,36,128.20943
2015,48,36,6.768576
2015,49,36,311.3185
2015,50,36,19.400507
2015,51,36,82.83387
2015,52,36,1.885447
2015,53,36,8.71346998
2015,54,36,9.14543
2015,55,36,13.866121
2015,56,36,25.273887
2015,57,36,42.29917
2015,1,37,0.576335611
2015,2,37,0.0000893995
2015,3,37,0.02944489
2015,4,37,1.353268
2015,6,37,0.09015196
2015,9,37,5.489396
2015,10,37,10.01742
2015,11,37,0.185427873
2015,13,37,0.001269146
2015,14,37,0.002227412
2015,15,37,0.04062599
2015,17,37,0.002290572
2015,18,37,0.3845122
2015,19,37,11.81848
2015,20,37,56.9538
2015,21,37,0.210505
2015,22,37,6.5340802
2015,23,37,38.47868
2015,24,37,1.256325
2015,25,37,1.897421
2015,26,37,0.0003788106
2015,27,37,50.06056
2015,29,37,14.69437
2015,30,37,14.81328
2015,31,37,40.48509
2015,32,37,3.046145
2015,33,37,0.738092
2015,34,37,32.7906301
2015,35,37,22.57893
2015,36,37,448.7357
2015,37,37,2601.606
2015,38,37,8.296413
2015,39,37,977.6802
2015,40,37,38.96856
2015,41,37,853.3079
2015,42,37,75.46625
2015,43,37,0.01694293
2015,44,37,0.01176039
2015,45,37,16.6399396
2015,46,37,0.2126111
2015,47,37,61.54076
2015,48,37,3.337973
2015,49,37,251.81332
2015,50,37,38.46389
2015,51,37,87.87236
2015,52,37,10.90122
2015,53,37,18.9096841829
2015,54,37,26.11781
2015,55,37,2.145279
2015,56,37,38.38741
2015,57,37,0.7140226
2015,1,38,0.0025231574
2015,2,38,0.0000014093
2015,5,38,0.0003435559
2015,6,38,0.01017107
2015,7,38,0.000006382
2015,9,38,4.885572
2015,10,38,3.625163
2015,11,38,2.6945567237
2015,13,38,0.0001233228
2015,17,38,0.003292646
2015,18,38,0.2132821066
2015,19,38,0.5328091
2015,20,38,23.04095
2015,21,38,0.05873432
2015,22,38,1.997301753
2015,23,38,62.50523
2015,24,38,3.459126
2015,25,38,29.12716
2015,26,38,2.61616
2015,27,38,17.137
2015,28,38,0.02484729
2015,29,38,12.31442
2015,30,38,2.911142
2015,31,38,48.28849
2015,32,38,2.089126
2015,33,38,13.18122
2015,34,38,79.07696124
2015,35,38,33.25976
2015,36,38,604.1616
2015,37,38,136.2754
2015,38,38,2253.492
2015,39,38,1460.07
2015,40,38,73.75131
2015,41,38,93.09242
2015,42,38,74.01934
2015,43,38,0.0660292
2015,44,38,0.01473434
2015,45,38,33.321421
2015,46,38,3.181624
2015,47,38,61.33604
2015,49,38,121.940697
2015,50,38,30.47502
2015,51,38,29.46237
2015,52,38,54.61725
2015,53,38,0.000004487
2015,54,38,10.24415
2015,55,38,19.55311
2015,56,38,26.2071
2015,57,38,15.04828
2015,1,39,0.057149874
2015,2,39,0.0003540529
2015,3,39,2.317051
2015,4,39,1.34806
2015,5,39,0.0007961709
2015,6,39,0.06234633
2015,7,39,0.04836091
2015,8,39,1.083488
2015,9,39,2.267455
2015,10,39,3.980092
2015,11,39,7.7065906223
2015,12,39,0.4919896
2015,13,39,1.951693
2015,15,39,0.0003064687
2015,16,39,1.604691
2015,17,39,0.1098549
2015,18,39,0.859041826
2015,19,39,3.478081
2015,20,39,47.10169
2015,21,39,0.03759368
2015,22,39,12.454559
2015,23,39,11.97286
2015,24,39,8.182596
2015,25,39,10.09604
2015,26,39,0.0001179602
2015,27,39,13.42741
2015,28,39,3.376854
2015,29,39,6.252726
2015,30,39,28.733
2015,31,39,181.0763
2015,32,39,10.61257
2015,33,39,5.166015
2015,34,39,1.431966
2015,35,39,60.53976
2015,36,39,538.3555
2015,37,39,4.866639
2015,38,39,4.813567
2015,39,39,922.1771
2015,40,39,7.913372
2015,41,39,11.35608
2015,42,39,9.111783
2015,43,39,19.33986
2015,45,39,103.982429
2015,46,39,0.5288482
2015,47,39,44.03189
2015,48,39,2.689415
2015,49,39,51.170981
2015,50,39,0.4296932
2015,51,39,13.90093
2015,52,39,0.568409
2015,53,39,0.5466640491
2015,54,39,0.3095132
2015,55,39,2.982249
2015,56,39,0.009903101
2015,57,39,2.536694
2015,2,40,0.005066735
2015,3,40,0.009105256
2015,4,40,0.01428567
2015,5,40,0.02088107
2015,6,40,0.005152122
2015,7,40,0.0000939653
2015,8,40,0.6981596
2015,9,40,0.005973687
2015,10,40,1.666313
2015,11,40,1.804355759
2015,12,40,0.06858127
2015,13,40,0.144666
2015,14,40,0.4018455
2015,16,40,0.02295724
2015,17,40,0.1120699
2015,18,40,0.3138709
2015,19,40,1.071034
2015,20,40,82.67897
2015,22,40,3.2116057
2015,23,40,29.97875
2015,24,40,7.353258
2015,25,40,2.410188
2015,27,40,3.349539
2015,29,40,1.436653
2015,30,40,8.248834
2015,31,40,2.22974
2015,32,40,0.6750136
2015,33,40,0.2318825
2015,34,40,0.8029903
2015,35,40,22.72171
2015,36,40,92.0607
2015,37,40,1013.947
2015,38,40,46.55803
2015,39,40,3.169858
2015,40,40,214.2004
2015,41,40,148.9972
2015,42,40,50.14205
2015,43,40,165.3147
2015,44,40,0.0356322
2015,45,40,20.301862
2015,46,40,0.1295649
2015,47,40,44.1341
2015,48,40,4.388705
2015,49,40,104.725061
2015,50,40,304.9301
2015,51,40,7.25344
2015,52,40,0.1481728
2015,54,40,0.9540567
2015,55,40,0.04237948
2015,56,40,0.7013463
2015,57,40,0.4281559
2015,2,41,0.019853729
2015,3,41,0.6707641
2015,4,41,0.6190129466
2015,5,41,0.01194343
2015,6,41,0.01783426
2015,7,41,0.003271441
2015,8,41,0.4757645
2015,9,41,0.8540196
2015,10,41,1.281116
2015,11,41,3.1744213853
2015,12,41,0.0868239
2015,13,41,0.5545465
2015,14,41,0.03023054
2015,15,41,0.001259791
2015,16,41,0.003406122
2015,17,41,0.03214351
2015,18,41,0.1986793
2015,19,41,0.5618403
2015,20,41,2.261116
2015,21,41,0.2122196
2015,22,41,3.4074042
2015,23,41,25.37466
2015,24,41,14.4837
2015,25,41,1.209919
2015,26,41,0.006400071
2015,27,41,17.25809
2015,29,41,3.362656
2015,30,41,2.718035
2015,31,41,23.21928
2015,32,41,3.949002
2015,33,41,0.01869705
2015,34,41,9.93680371
2015,35,41,23.55208
2015,36,41,58.765528
2015,37,41,47.75347
2015,38,41,18.74354
2015,39,41,14.68915
2015,40,41,134.9129
2015,41,41,102.9686
2015,42,41,124.259
2015,43,41,2.955038
2015,44,41,0.0008082957
2015,45,41,9.590071
2015,46,41,0.005386173
2015,47,41,41.37502
2015,48,41,1.493613
2015,49,41,3.5552659
2015,50,41,0.6747273
2015,51,41,64.02553
2015,52,41,0.5493981
2015,53,41,1.1840013
2015,54,41,0.5948547
2015,55,41,1.937413
2015,56,41,0.7806003
2015,57,41,1.32854
2015,1,42,0.2905487379
2015,2,42,0.0104996909
2015,3,42,3.217352
2015,4,42,2.33247
2015,5,42,0.01016626
2015,6,42,0.04531178
2015,7,42,0.0423479
2015,8,42,0.918192
2015,9,42,1.908356
2015,10,42,1.638329
2015,11,42,3.2497394057
2015,12,42,0.06823943
2015,13,42,0.549989
2015,16,42,0.05207911
2015,17,42,0.02890045
2015,18,42,0.4693505934
2015,19,42,0.7891121
2015,20,42,8.514661
2015,21,42,0.1299278
2015,22,42,3.2161554
2015,23,42,42.18899
2015,24,42,2.858253
2015,25,42,0.5730324
2015,27,42,4.1355
2015,28,42,1.119552
2015,29,42,14.87655
2015,30,42,5.735722
2015,31,42,13.18186
2015,32,42,10.32157
2015,33,42,1.663304
2015,34,42,6.489112
2015,35,42,29.24695
2015,36,42,131.49248
2015,37,42,64.22989
2015,38,42,4.083435
2015,39,42,32.53214
2015,40,42,31.50841
2015,41,42,14.73041
2015,42,42,105.534
2015,43,42,9.202011
2015,44,42,0.7283973
2015,45,42,32.348447
2015,46,42,10.50228
2015,47,42,36.81817
2015,48,42,0.01030245
2015,49,42,76.09043
2015,50,42,21.57946
2015,51,42,32.68574
2015,52,42,1.637563
2015,53,42,4.8744138621
2015,54,42,0.5346792
2015,55,42,2.029571
2015,56,42,1.242843
2015,57,42,10.32302
2015,2,43,0.0000724124
2015,3,43,0.2106594
2015,4,43,0.03119468
2015,5,43,0.001899859
2015,6,43,0.003922028
2015,7,43,0.0005793467
2015,8,43,0.1177937
2015,9,43,0.732435
2015,10,43,0.01660957
2015,11,43,0.2968507302
2015,12,43,0.00363682
2015,13,43,0.1532883
2015,15,43,0.0007436709
2015,16,43,0.03708613
2015,17,43,0.0220561
2015,18,43,0.0984963275
2015,19,43,0.8265122
2015,20,43,41.84045
2015,22,43,0.55764285
2015,23,43,8.854886
2015,24,43,0.3214265
2015,25,43,0.05520743
2015,27,43,5.663803
2015,29,43,0.3902414
2015,30,43,5.160241
2015,31,43,4.546133
2015,32,43,2.220276
2015,33,43,0.343066
2015,34,43,1.175207
2015,35,43,3.881893
2015,36,43,28.986681
2015,37,43,8.396812
2015,38,43,13.91534
2015,39,43,23.65997
2015,40,43,72.5489
2015,41,43,37.93143
2015,42,43,35.91847
2015,43,43,119.142
2015,44,43,0.001296158
2015,45,43,5.40540662
2015,46,43,0.5565684
2015,47,43,17.48595
2015,49,43,58.57587972
2015,50,43,113.4683
2015,51,43,15.06352
2015,52,43,0.02513023
2015,53,43,0.252353
2015,54,43,0.1811575
2015,55,43,1.172189
2015,56,43,0.9372954
2015,57,43,2.2226
2015,1,44,0.3680863
2015,2,44,0.0004154845
2015,3,44,0.3680495
2015,4,44,0.3208059
2015,5,44,0.02149195
2015,6,44,0.01542647
2015,7,44,0.01949868
2015,8,44,0.1995129
2015,9,44,0.334314
2015,10,44,0.01708127
2015,11,44,1.6446700788
2015,12,44,0.6260614
2015,13,44,0.3207434
2015,15,44,0.004366296
2015,16,44,0.04218601
2015,17,44,0.02515071
2015,18,44,0.0662385476
2015,19,44,0.3848265
2015,20,44,10.15111
2015,21,44,0.3696112
2015,22,44,2.427508
2015,23,44,1.170116
2015,24,44,3.350899
2015,25,44,0.2709979
2015,27,44,3.032434
2015,29,44,0.9285943
2015,30,44,2.269604
2015,31,44,1.927659
2015,32,44,0.3031686
2015,33,44,0.1235845
2015,34,44,0.3136058
2015,35,44,2.160584
2015,36,44,13.065898
2015,37,44,5.67953
2015,38,44,1.940337
2015,39,44,3.672183
2015,40,44,19.20411
2015,41,44,13.95581
2015,42,44,8.222773
2015,43,44,3.258197
2015,44,44,0.1852077
2015,45,44,7.3822377
2015,46,44,3.297024
2015,47,44,4.834175
2015,49,44,26.995741
2015,50,44,1.075845
2015,51,44,13.60826
2015,52,44,0.2217535
2015,54,44,1.428317
2015,55,44,0.3172312
2015,56,44,0.2099969
2015,57,44,0.4486941
2015,2,45,0.0228304072
2015,3,45,11.5654543
2015,4,45,9.5588479
2015,5,45,0.105184323
2015,6,45,0.222177674
2015,7,45,0.081288983
2015,8,45,1.5313585
2015,9,45,3.67486461
2015,10,45,8.16977312
2015,11,45,13.2835006716
2015,12,45,1.87158696
2015,13,45,1.29285338
2015,14,45,2.04299908
2015,15,45,0.004573804
2015,16,45,1.004595038
2015,17,45,0.21559884
2015,18,45,2.7022740225
2015,19,45,4.4600792
2015,20,45,63.033186
2015,21,45,2.89566083
2015,22,45,26.8715458
2015,23,45,46.1311174
2015,24,45,21.4996399
2015,25,45,4.1668598
2015,27,45,35.091298
2015,28,45,3.5221335
2015,29,45,22.740217
2015,30,45,41.92280553
2015,31,45,23.4546572
2015,32,45,32.6496436
2015,33,45,6.5676121
2015,34,45,22.39838429
2015,35,45,85.884034
2015,36,45,442.5202677
2015,37,45,155.2403151
2015,38,45,37.165758
2015,39,45,98.2568
2015,40,45,307.32127
2015,41,45,71.791369
2015,42,45,89.829412
2015,43,45,351.655929
2015,44,45,0.0102075394
2015,45,45,88.0104298
2015,46,45,0.30284366
2015,47,45,76.865934
2015,49,45,37.62075819
2015,50,45,6.5447052
2015,51,45,83.352084
2015,52,45,15.2596693
2015,53,45,5.0107756
2015,54,45,6.5552786
2015,55,45,75.357105
2015,56,45,3.5579545
2015,57,45,52.3894338
2015,2,46,0.0038201625
2015,3,46,1.052258
2015,4,46,0.05707098018
2015,5,46,0.1738403
2015,6,46,0.2506162
2015,7,46,0.04435834
2015,8,46,4.054138
2015,9,46,3.045404
2015,10,46,0.06496408
2015,11,46,6.88140197
2015,12,46,0.5704738
2015,13,46,3.187952
2015,14,46,0.03384231
2015,15,46,0.0285997
2015,16,46,2.519253
2015,17,46,7.035934
2015,18,46,4.9591326
2015,19,46,22.75653
2015,20,46,97.19833
2015,21,46,5.265499
2015,22,46,62.32392
2015,23,46,23.47366
2015,24,46,100.6598
2015,25,46,18.18657
2015,27,46,49.32093
2015,28,46,22.81761
2015,29,46,84.43101
2015,30,46,30.85945
2015,31,46,15.18145
2015,32,46,0.5996392
2015,33,46,0.3756558
2015,34,46,1.949414
2015,35,46,86.92613
2015,36,46,181.52344
2015,37,46,78.95721
2015,38,46,21.25323
2015,39,46,92.06403
2015,40,46,120.9013
2015,41,46,162.8156
2015,42,46,53.25432
2015,43,46,52.85649
2015,44,46,0.009213192
2015,45,46,22.716612
2015,46,46,0.1074329
2015,47,46,33.35166
2015,49,46,102.3458
2015,50,46,2.663557
2015,51,46,3.464259
2015,52,46,1.119416
2015,54,46,0.1478142
2015,55,46,4.790731
2015,56,46,3.602998
2015,57,46,131.5613
2015,1,47,0.04316154
2015,2,47,0.298684741
2015,3,47,1.634421
2015,4,47,0.8950314
2015,5,47,0.01282597
2015,6,47,0.02953659
2015,7,47,0.01693083
2015,8,47,0.3274461
2015,9,47,0.4115083
2015,10,47,0.1506765
2015,11,47,0.6591917688
2015,12,47,0.2912704
2015,13,47,0.3399323
2015,14,47,0.1316422
2015,15,47,0.001103113
2015,16,47,0.1674837
2015,17,47,0.01720978
2015,18,47,0.2006627326
2015,19,47,0.5262969
2015,20,47,9.591549
2015,21,47,0.3032928
2015,22,47,1.2893986
2015,23,47,5.396105
2015,24,47,3.779561
2015,25,47,0.4243181
2015,27,47,4.467907
2015,28,47,0.44801
2015,29,47,2.910852
2015,30,47,11.33858
2015,31,47,2.835637
2015,32,47,1.962533
2015,34,47,0.2144469
2015,35,47,6.988588
2015,36,47,15.294941
2015,37,47,11.70341
2015,38,47,3.705622
2015,39,47,6.884215
2015,40,47,30.77178
2015,41,47,9.880629
2015,42,47,45.36563
2015,43,47,40.67359
2015,44,47,0.0006838747
2015,45,47,29.8772725
2015,46,47,0.2301171
2015,47,47,13.31301
2015,48,47,2.985654
2015,49,47,2.8405967
2015,50,47,2.548253
2015,51,47,8.43132
2015,52,47,0.1213495
2015,53,47,1.4689368
2015,54,47,0.5095816
2015,55,47,8.954708
2015,56,47,0.7754297
2015,57,47,17.84471
2015,2,48,0.1537670183
2015,3,48,0.0605966
2015,4,48,0.04929707
2015,5,48,0.0006433615
2015,6,48,0.0004233087
2015,7,48,0.0003205303
2015,8,48,0.005470316
2015,10,48,0.2383718
2015,11,48,0.2076137648
2015,12,48,0.005419382
2015,13,48,0.1054718
2015,14,48,0.01320657
2015,16,48,0.003300718
2015,17,48,0.001100488
2015,18,48,0.0335953333
2015,19,48,0.1795166
2015,20,48,4.298176
2015,21,48,0.008693389
2015,22,48,0.11939395
2015,23,48,1.713809
2015,24,48,0.8509125
2015,25,48,0.1647508
2015,27,48,2.263486
2015,28,48,0.5543233
2015,29,48,0.7272401
2015,30,48,0.01099039
2015,31,48,0.06192675
2015,32,48,6.147421
2015,33,48,0.07465179
2015,34,48,0.008605474
2015,35,48,0.5542676
2015,36,48,3.1432039
2015,37,48,1.446667
2015,38,48,1.128319
2015,39,48,0.06511049
2015,40,48,16.44579
2015,41,48,7.608723
2015,42,48,12.10056
2015,43,48,4.138455
2015,44,48,0.0003182747
2015,45,48,6.158693
2015,46,48,0.005337727
2015,47,48,12.75043
2015,48,48,19.98083
2015,49,48,3.7013837
2015,50,48,0.02204726
2015,51,48,0.3960476
2015,52,48,0.01217038
2015,54,48,1.349624
2015,55,48,0.1253514
2015,56,48,0.02304961
2015,57,48,0.03166034
2015,2,49,0.2561205996
2015,3,49,4.642707
2015,4,49,1.7782741
2015,5,49,0.03205516
2015,6,49,0.051806152
2015,7,49,0.066719354
2015,8,49,1.16011301
2015,9,49,1.08337067
2015,10,49,0.59362021
2015,11,49,3.6820009027
2015,12,49,1.62256491
2015,13,49,1.33718224
2015,14,49,0.93487381
2015,15,49,0.008886578
2015,16,49,0.38578681
2015,17,49,0.065517943
2015,18,49,1.0419881973
2015,19,49,1.51269597
2015,20,49,14.066761
2015,21,49,0.58425234
2015,22,49,8.4137461
2015,23,49,9.547468
2015,24,49,7.4041234
2015,25,49,1.2407235
2015,26,49,7.378345
2015,27,49,9.0032347
2015,28,49,1.20257275
2015,29,49,2.4195088
2015,30,49,25.5924825
2015,31,49,5.9672067
2015,32,49,3.6115696
2015,33,49,3.598543985
2015,34,49,3.06198833
2015,35,49,14.23093
2015,36,49,62.051081
2015,37,49,19.095811
2015,38,49,10.75819
2015,39,49,25.728917
2015,40,49,35.794588
2015,41,49,7.2421475
2015,42,49,58.993203
2015,43,49,9.7962088
2015,44,49,0.0011196213
2015,45,49,29.81484134
2015,46,49,0.0761468082
2015,47,49,49.9418491
2015,49,49,52.15793022
2015,50,49,4.9857944
2015,51,49,14.092688
2015,52,49,1.239083
2015,53,49,5.829615
2015,54,49,0.9915754
2015,55,49,11.309167
2015,56,49,1.18352264
2015,57,49,1.17529628
2015,1,50,4.509522
2015,2,50,3.236686487
2015,3,50,12.06268
2015,4,50,12.88091
2015,6,50,10.2759
2015,7,50,0.02049914
2015,8,50,0.2256115
2015,9,50,5.742668
2015,10,50,21.58929
2015,11,50,6.547215626
2015,12,50,4.036012
2015,13,50,6.340474
2015,14,50,9.185428
2015,15,50,1.173507
2015,16,50,0.4697403
2015,17,50,0.1255343
2015,18,50,0.7134270519
2015,19,50,30.00819
2015,20,50,225.3569
2015,22,50,0.110028
2015,23,50,210.1769
2015,24,50,1.647679
2015,25,50,8.950067
2015,27,50,127.7512
2015,28,50,0.4954308
2015,29,50,5.723077
2015,31,50,2.655149
2015,32,50,13.61732
2015,33,50,30.56025
2015,34,50,13.384609
2015,35,50,159.0135
2015,36,50,130.39304
2015,37,50,19.4853
2015,38,50,154.3539
2015,40,50,350.1687
2015,41,50,266.4045
2015,42,50,97.46694
2015,43,50,46.63751
2015,44,50,0.1878658
2015,45,50,62.03906
2015,46,50,0.01624669
2015,47,50,10.33882
2015,48,50,1.128994
2015,49,50,62.3006858
2015,50,50,337.4198
2015,51,50,303.8069
2015,52,50,39.85066
2015,53,50,57.83761
2015,54,50,53.76032
2015,55,50,20.24779
2015,57,50,37.39854
2015,1,51,0.1966293
2015,2,51,0.63084308
2015,3,51,6.865333
2015,4,51,6.938326
2015,5,51,0.0002949897
2015,6,51,1.635008
2015,7,51,0.00194306
2015,8,51,7.869177
2015,9,51,4.577841
2015,10,51,48.34418
2015,11,51,30.678690014
2015,12,51,1.573875
2015,13,51,0.2311853
2015,14,51,1.207127
2015,16,51,14.50836
2015,17,51,0.02246944
2015,19,51,4.566322
2015,20,51,187.457
2015,21,51,1.192828
2015,22,51,2.0218103
2015,23,51,443.5006
2015,24,51,0.06792042
2015,25,51,21.22373
2015,27,51,43.92672
2015,29,51,17.23339
2015,31,51,0.8603316
2015,32,51,2.362014
2015,33,51,7.207265
2015,34,51,94.3441673
2015,35,51,42.41623
2015,36,51,18.16659
2015,37,51,4.635387
2015,38,51,24.81484
2015,40,51,139.0042
2015,41,51,81.10929
2015,42,51,4.779158
2015,43,51,17.19828
2015,44,51,0.01214627
2015,45,51,7.585622
2015,46,51,0.4102239
2015,47,51,5.229481
2015,48,51,0.5098211
2015,49,51,208.8605774
2015,50,51,52.92926
2015,51,51,526.7952
2015,52,51,0.02515875
2015,53,51,2.426471
2015,54,51,55.83738
2015,55,51,1.944672
2015,56,51,0.3216631
2015,57,51,111.0264
2015,1,52,25.00715
2015,3,52,16.91071
2015,4,52,4.746265
2015,5,52,0.5444064
2015,6,52,1.310974
2015,7,52,0.03949404
2015,8,52,0.5300914
2015,9,52,9.622465
2015,11,52,98.66417988
2015,12,52,3.402415
2015,13,52,19.9545
2015,14,52,0.6085532
2015,16,52,0.02312916
2015,18,52,0.1222573293
2015,20,52,104.4371
2015,22,52,27.21333
2015,23,52,16.48924
2015,24,52,51.98796
2015,25,52,27.04232
2015,26,52,17.14774
2015,27,52,39.33129
2015,29,52,11.782
2015,31,52,4.065347
2015,32,52,15.12789
2015,33,52,13.80027
2015,34,52,7.911907
2015,36,52,155.3866
2015,37,52,0.3028801
2015,38,52,58.69627
2015,40,52,81.58648
2015,41,52,233.0428
2015,43,52,13.79164
2015,44,52,0.1332016
2015,45,52,23.3591
2015,46,52,0.02609775
2015,47,52,199.0139
2015,49,52,166.949466
2015,50,52,112.1012
2015,51,52,115.8832
2015,52,52,1570.528
2015,54,52,1.451496
2015,55,52,1.453434
2015,57,52,39.31253
2015,1,53,0.015810007
2015,2,53,0.0364249571
2015,3,53,0.24423575
2015,4,53,0.25250584
2015,5,53,0.0033883849
2015,6,53,0.0023733691
2015,7,53,0.0032156444
2015,8,53,0.05906323
2015,9,53,0.03719357
2015,10,53,0.117363738
2015,11,53,0.1041992384
2015,12,53,0.08636317
2015,13,53,0.039623711
2015,14,53,0.1370364
2015,15,53,0.0001426214
2015,16,53,0.010881725
2015,17,53,0.004674095
2015,18,53,0.0089145247
2015,19,53,0.23352925
2015,20,53,2.319806
2015,21,53,0.09465024
2015,22,53,0.41220615
2015,23,53,1.7564734
2015,24,53,0.13416713
2015,25,53,0.10791153
2015,26,53,0.04375181
2015,27,53,0.23481578
2015,28,53,0.03460525
2015,29,53,0.24649944
2015,30,53,0.35256636
2015,31,53,0.16036709
2015,32,53,0.040733217
2015,33,53,0.126446381
2015,34,53,1.97410363
2015,35,53,0.41349971
2015,36,53,9.83849156
2015,37,53,0.69832273
2015,38,53,0.189062493
2015,39,53,0.11743304
2015,40,53,4.5219987
2015,41,53,1.40146768
2015,42,53,1.00782965
2015,43,53,1.4865766
2015,44,53,0.000005277
2015,45,53,1.05621317
2015,46,53,0.0021530482
2015,47,53,2.2629883
2015,48,53,0.1055128
2015,49,53,7.757588
2015,50,53,0.17537885
2015,51,53,0.39648619
2015,52,53,0.41687726
2015,53,53,17.3752557
2015,54,53,0.27389693
2015,55,53,5.0676349
2015,56,53,0.068757957
2015,57,53,0.26806608
2015,1,54,0.0880838
2015,2,54,0.065171598
2015,3,54,1.194664
2015,4,54,1.153059
2015,5,54,0.005200856
2015,6,54,0.008611328
2015,7,54,0.008738267
2015,8,54,0.00380199
2015,9,54,0.03308053
2015,10,54,1.422361
2015,11,54,2.092442073
2015,12,54,0.2325973
2015,13,54,0.0004067484
2015,14,54,1.544795
2015,16,54,0.1219448
2015,17,54,0.001225573
2015,18,54,0.1690412929
2015,19,54,1.503719
2015,20,54,10.89595
2015,21,54,1.061093
2015,22,54,3.9845329
2015,23,54,4.805484
2015,24,54,0.8449105
2015,25,54,1.077661
2015,27,54,2.83657
2015,28,54,0.07619287
2015,29,54,0.3732221
2015,30,54,0.6707294
2015,31,54,0.6036398
2015,32,54,0.4078095
2015,33,54,0.004164184
2015,34,54,20.942379
2015,35,54,0.02055165
2015,36,54,6.264101
2015,37,54,1.407494
2015,38,54,4.558739
2015,39,54,0.4415121
2015,40,54,26.76014
2015,41,54,22.32658
2015,42,54,1.957545
2015,43,54,4.115785
2015,44,54,0.0004802625
2015,45,54,7.73241597
2015,46,54,0.006262307
2015,47,54,1.702119
2015,49,54,2.6214485
2015,50,54,0.5651065
2015,51,54,1.53462
2015,52,54,2.228941
2015,53,54,21.80185
2015,54,54,4.956229
2015,55,54,19.29349
2015,56,54,1.133165
2015,57,54,1.037657
2015,1,55,0.5999109
2015,2,55,1.187731
2015,3,55,3.001338
2015,4,55,22.8090599
2015,5,55,0.06174099
2015,6,55,0.1205225
2015,7,55,0.1164622
2015,8,55,0.9184484
2015,9,55,0.8363801
2015,10,55,0.6808063
2015,11,55,5.5259947533
2015,12,55,1.44709
2015,13,55,1.239863
2015,14,55,2.418529
2015,17,55,0.05913491
2015,18,55,0.2126329555
2015,19,55,1.446575
2015,20,55,15.7263
2015,21,55,0.5411003
2015,22,55,5.322726
2015,23,55,38.89863
2015,24,55,6.740999
2015,25,55,2.653551
2015,26,55,0.03361365
2015,27,55,3.88828
2015,28,55,0.5773184
2015,29,55,8.725318
2015,30,55,9.365488
2015,31,55,11.90447
2015,32,55,5.280189
2015,33,55,4.247091
2015,34,55,204.07425
2015,35,55,12.82795
2015,36,55,60.11712
2015,37,55,19.41246
2015,38,55,0.4372582
2015,40,55,1.814204
2015,41,55,39.16486
2015,42,55,4.918756
2015,43,55,28.29275
2015,44,55,0.03821188
2015,45,55,19.417756
2015,46,55,0.09591569
2015,47,55,24.82666
2015,49,55,71.981865
2015,50,55,1.13563
2015,51,55,9.787805
2015,52,55,15.11233
2015,53,55,64.002494
2015,54,55,190.9584
2015,55,55,268.4368
2015,56,55,0.6905559
2015,57,55,1.891796
2015,2,56,0.0001586201
2015,3,56,0.4222512
2015,4,56,0.04170985
2015,9,56,0.1461834
2015,10,56,0.04164066
2015,11,56,0.184992187
2015,12,56,0.01622472
2015,13,56,0.3792314
2015,14,56,0.1564356
2015,15,56,0.004320157
2015,16,56,0.4971514
2015,17,56,0.2225016
2015,18,56,0.1942693
2015,19,56,1.501006
2015,20,56,6.479866
2015,21,56,0.1029757
2015,22,56,0.38487944
2015,23,56,2.031808
2015,24,56,2.679317
2015,25,56,0.2480306
2015,27,56,2.31719
2015,29,56,0.3259861
2015,30,56,1.236751
2015,31,56,0.4126163
2015,33,56,2.918928
2015,34,56,0.05096715
2015,35,56,1.175903
2015,36,56,11.328213
2015,37,56,1.440433
2015,38,56,0.8304526
2015,39,56,1.597594
2015,40,56,11.14603
2015,41,56,5.403463
2015,42,56,1.467695
2015,43,56,2.159799
2015,44,56,0.0002867324
2015,45,56,1.7069049
2015,46,56,0.003422343
2015,47,56,1.189135
2015,49,56,6.5083279
2015,50,56,0.2632788
2015,51,56,1.407389
2015,55,56,0.1856029
2015,56,56,3.276351
2015,57,56,0.0625043
2015,2,57,0.30042337
2015,3,57,5.068803
2015,4,57,0.3440204
2015,5,57,0.1508542
2015,6,57,0.0744425
2015,7,57,0.09690231
2015,8,57,0.1069804
2015,9,57,0.803384
2015,10,57,0.1007453
2015,11,57,16.539883927
2015,12,57,2.158778
2015,13,57,1.033598
2015,14,57,0.6451361
2015,15,57,0.00462902
2015,16,57,0.09010773
2015,17,57,0.07555722
2015,18,57,0.1672636856
2015,19,57,0.7565687
2015,20,57,13.42414
2015,21,57,0.2831125
2015,22,57,10.875054
2015,23,57,11.59076
2015,24,57,8.708907
2015,25,57,2.806214
2015,27,57,5.944548
2015,28,57,0.1463702
2015,29,57,1.354307
2015,30,57,4.65293
2015,31,57,3.730955
2015,32,57,0.2528609
2015,33,57,2.986076
2015,34,57,10.11405489
2015,35,57,6.304208
2015,36,57,48.619017
2015,37,57,14.12017
2015,38,57,10.01811
2015,39,57,3.210915
2015,40,57,76.17644
2015,41,57,151.0592
2015,42,57,14.07345
2015,43,57,1.20862
2015,44,57,0.0009532064
2015,45,57,9.0071278
2015,46,57,0.02233243
2015,47,57,11.94146
2015,49,57,3.3659352
2015,50,57,1.157764
2015,51,57,10.31828
2015,52,57,6.660702
2015,53,57,1.4255074
2015,54,57,0.8657291
2015,55,57,1.224674
2015,56,57,1.201029
2015,57,57,25.08922
2020,1,1,1878.51
2020,2,1,42.49
2020,3,1,677.68
2020,4,1,0.07
2020,5,1,0.29
2020,6,1,0.05
2020,8,1,0.5
2020,9,1,1.26
2020,10,1,0.95
2020,11,1,419.16
2020,12,1,15.16
2020,13,1,5.18
2020,14,1,1.97
2020,15,1,0.2
2020,16,1,1.58
2020,17,1,0.19
2020,18,1,12.56
2020,19,1,0.38
2020,20,1,4.35
2020,21,1,53.94
2020,22,1,98.89
2020,23,1,1.2
2020,24,1,8.95
2020,25,1,92.14
2020,26,1,21.3
2020,27,1,29.73
2020,28,1,0.01
2020,29,1,8.84
2020,30,1,0.64
2020,31,1,6.09
2020,32,1,4.19
2020,33,1,0.05
2020,34,1,0.78
2020,35,1,3.93
2020,36,1,28.21
2020,37,1,53.8
2020,38,1,65.82
2020,39,1,1.29
2020,40,1,4.69
2020,41,1,16.44
2020,42,1,0.06
2020,43,1,3.35
2020,44,1,0.01
2020,45,1,1.25
2020,46,1,132.13
2020,47,1,0.84
2020,48,1,28.25
2020,49,1,0.79
2020,50,1,0.55
2020,51,1,2.08
2020,52,1,0.04
2020,53,1,0.17
2020,54,1,0.01
2020,55,1,0.1
2020,56,1,0.26
2020,57,1,11.34
2020,58,1,1.05
2020,59,1,7.28
2020,60,1,18.1
2020,1,2,1.2
2020,2,2,65.78
2020,3,2,1.3
2020,8,2,0.09
2020,9,2,0.1
2020,10,2,0.07
2020,11,2,18.67
2020,12,2,0.95
2020,13,2,0.38
2020,14,2,18.1
2020,15,2,0.87
2020,16,2,5.33
2020,17,2,0.1
2020,18,2,2.4
2020,19,2,0.06
2020,20,2,3.52
2020,21,2,10.33
2020,22,2,33.65
2020,23,2,1.32
2020,24,2,3.37
2020,25,2,8.97
2020,26,2,2.7
2020,27,2,1.76
2020,29,2,8.85
2020,30,2,0.24
2020,31,2,0.62
2020,32,2,0.95
2020,33,2,0.59
2020,34,2,1.69
2020,35,2,2.24
2020,36,2,3.09
2020,37,2,25.21
2020,38,2,2.08
2020,39,2,3.08
2020,40,2,0.31
2020,41,2,3.74
2020,42,2,0.2
2020,43,2,2.59
2020,44,2,0.03
2020,45,2,1.97
2020,46,2,0.02
2020,47,2,0.75
2020,48,2,0.75
2020,49,2,0.47
2020,50,2,0.71
2020,51,2,0.03
2020,53,2,0.06
2020,55,2,0.19
2020,56,2,0.32
2020,57,2,0.33
2020,58,2,0.05
2020,59,2,0.26
2020,1,3,4799.52
2020,2,3,10.81
2020,3,3,1522.85
2020,4,3,0.53
2020,5,3,0.01
2020,6,3,0.01
2020,8,3,2.71
2020,9,3,46.44
2020,10,3,1.3
2020,11,3,163.65
2020,12,3,71
2020,13,3,37.84
2020,14,3,10.92
2020,15,3,7.09
2020,16,3,22.73
2020,17,3,0.51
2020,18,3,0.57
2020,19,3,0.01
2020,20,3,18.14
2020,21,3,15.82
2020,22,3,187.03
2020,23,3,8.83
2020,24,3,28.4
2020,25,3,208.99
2020,26,3,31.1
2020,27,3,137.15
2020,28,3,0.07
2020,29,3,73.64
2020,30,3,1.3
2020,31,3,14.7
2020,32,3,21.49
2020,33,3,3.97
2020,34,3,13.29
2020,35,3,35.86
2020,36,3,22.83
2020,37,3,13.1
2020,38,3,4.63
2020,39,3,4.98
2020,40,3,2.03
2020,41,3,67.8
2020,42,3,6.58
2020,43,3,76.93
2020,44,3,0.72
2020,45,3,115.4
2020,46,3,11.3
2020,47,3,1.54
2020,48,3,39.38
2020,49,3,1.28
2020,50,3,8.86
2020,51,3,7.78
2020,53,3,6.57
2020,55,3,1.24
2020,56,3,2.38
2020,57,3,1.54
2020,58,3,0.36
2020,59,3,1.02
2020,1,4,488.33
2020,2,4,2.92
2020,3,4,96.54
2020,4,4,162.9
2020,8,4,0.01
2020,9,4,5.72
2020,10,4,0.18
2020,11,4,26.46
2020,12,4,3.19
2020,13,4,13.45
2020,14,4,5.66
2020,15,4,1.7
2020,16,4,9.14
2020,17,4,0.06
2020,18,4,0.36
2020,19,4,0.01
2020,20,4,4.25
2020,21,4,9.65
2020,22,4,17.64
2020,23,4,4.48
2020,24,4,15.49
2020,25,4,11.29
2020,26,4,2.39
2020,27,4,10.01
2020,28,4,0.28
2020,29,4,37.5
2020,30,4,0.15
2020,31,4,5.69
2020,32,4,12.28
2020,33,4,2.58
2020,34,4,6.87
2020,35,4,5.19
2020,36,4,13.6
2020,37,4,7.21
2020,38,4,7.16
2020,39,4,4.61
2020,40,4,3.3
2020,41,4,19.43
2020,42,4,0.9
2020,43,4,3.44
2020,44,4,0.1
2020,45,4,40.17
2020,46,4,1.17
2020,47,4,0.94
2020,48,4,2.36
2020,49,4,2.05
2020,50,4,3.33
2020,51,4,4.6
2020,52,4,0.01
2020,53,4,0.87
2020,55,4,0.9
2020,56,4,1.38
2020,57,4,1.46
2020,58,4,0.22
2020,59,4,1.17
2020,1,5,0.18
2020,2,5,0.32
2020,3,5,0.09
2020,5,5,3.81
2020,8,5,0.01
2020,9,5,0.05
2020,10,5,0.02
2020,11,5,7.07
2020,12,5,0.01
2020,13,5,0.26
2020,14,5,0.02
2020,15,5,0.03
2020,16,5,0.14
2020,18,5,0.06
2020,20,5,0.1
2020,21,5,0.85
2020,22,5,5.3
2020,23,5,0.09
2020,24,5,0.19
2020,25,5,0.78
2020,26,5,0.24
2020,27,5,0.62
2020,28,5,0.05
2020,29,5,0.64
2020,31,5,0.17
2020,32,5,0.46
2020,33,5,0.16
2020,34,5,0.38
2020,35,5,0.54
2020,36,5,0.46
2020,37,5,0.11
2020,38,5,0.53
2020,39,5,0.18
2020,40,5,0.28
2020,41,5,1.82
2020,42,5,0.03
2020,43,5,0.41
2020,44,5,0.02
2020,45,5,0.19
2020,46,5,0.01
2020,47,5,0.09
2020,48,5,0.36
2020,49,5,0.12
2020,50,5,0.18
2020,51,5,0.17
2020,52,5,0.16
2020,55,5,0.05
2020,56,5,0.08
2020,57,5,0.09
2020,58,5,0.01
2020,59,5,0.07
2020,2,6,0.02
2020,5,6,1.6
2020,6,6,0.02
2020,9,6,0.11
2020,11,6,1.65
2020,12,6,0.02
2020,13,6,0.01
2020,15,6,0.02
2020,16,6,0.05
2020,18,6,0.01
2020,20,6,0.06
2020,21,6,0.3
2020,22,6,0.85
2020,23,6,0.04
2020,24,6,0.06
2020,25,6,0.39
2020,26,6,0.11
2020,27,6,0.24
2020,29,6,0.16
2020,31,6,0.26
2020,32,6,0.27
2020,33,6,0.06
2020,34,6,0.21
2020,35,6,0.18
2020,36,6,0.21
2020,37,6,0.05
2020,38,6,0.14
2020,39,6,0.09
2020,40,6,0.04
2020,41,6,0.86
2020,42,6,0.01
2020,43,6,0.09
2020,45,6,0.24
2020,47,6,0.05
2020,48,6,0.18
2020,49,6,0.05
2020,50,6,0.08
2020,51,6,0.04
2020,52,6,0.07
2020,55,6,0.02
2020,56,6,0.03
2020,57,6,0.03
2020,59,6,0.03
2020,1,7,0.26
2020,3,7,0.17
2020,5,7,0.05
2020,7,7,0.02
2020,9,7,0.02
2020,11,7,0.65
2020,12,7,0.04
2020,13,7,0.01
2020,15,7,0.01
2020,16,7,0.17
2020,20,7,0.02
2020,21,7,0.01
2020,22,7,0.69
2020,23,7,0.19
2020,24,7,0.26
2020,25,7,0.19
2020,26,7,0.19
2020,27,7,0.08
2020,29,7,0.18
2020,31,7,0.01
2020,32,7,0.41
2020,33,7,0.02
2020,34,7,0.07
2020,35,7,0.07
2020,36,7,0.06
2020,37,7,0.03
2020,38,7,0.05
2020,39,7,0.02
2020,40,7,0.16
2020,41,7,0.24
2020,42,7,0.01
2020,43,7,0.07
2020,45,7,0.14
2020,46,7,0.03
2020,47,7,0.01
2020,48,7,0.09
2020,49,7,0.02
2020,50,7,0.03
2020,51,7,0.13
2020,55,7,0.01
2020,56,7,0.01
2020,57,7,0.01
2020,59,7,0.01
2020,1,8,107.8
2020,2,8,0.46
2020,3,8,0.1
2020,5,8,0.07
2020,8,8,17.11
2020,9,8,2.61
2020,10,8,0.2
2020,11,8,116.36
2020,12,8,0.22
2020,13,8,1.36
2020,14,8,0.44
2020,15,8,2.41
2020,16,8,6.6
2020,17,8,0.01
2020,18,8,0.94
2020,19,8,0.01
2020,20,8,3.27
2020,21,8,1.68
2020,22,8,23.56
2020,23,8,0.96
2020,24,8,2.4
2020,25,8,8.02
2020,26,8,2.25
2020,27,8,2.27
2020,28,8,0.26
2020,29,8,18.96
2020,30,8,0.06
2020,31,8,0.2
2020,32,8,6.09
2020,33,8,0.66
2020,34,8,1.04
2020,35,8,0.53
2020,36,8,1.95
2020,37,8,1.26
2020,38,8,2.75
2020,39,8,1.29
2020,40,8,1.88
2020,41,8,5.2
2020,42,8,0.09
2020,43,8,1.02
2020,44,8,0.01
2020,45,8,1.15
2020,46,8,0.02
2020,47,8,0.59
2020,48,8,0.49
2020,49,8,0.52
2020,50,8,0.87
2020,51,8,0.58
2020,55,8,0.23
2020,56,8,0.35
2020,57,8,0.37
2020,58,8,0.06
2020,59,8,0.29
2020,1,9,4.16
2020,2,9,0.15
2020,3,9,0.92
2020,4,9,0.02
2020,5,9,0.12
2020,8,9,0.02
2020,9,9,39.77
2020,10,9,0.52
2020,11,9,39.52
2020,12,9,3.07
2020,13,9,4.16
2020,15,9,0.19
2020,16,9,2.37
2020,17,9,0.02
2020,18,9,0.31
2020,20,9,1.03
2020,21,9,2.03
2020,22,9,9.48
2020,23,9,0.61
2020,24,9,2.41
2020,25,9,3.51
2020,26,9,0.82
2020,27,9,2.78
2020,29,9,4.77
2020,30,9,0.01
2020,31,9,0.74
2020,32,9,0.53
2020,33,9,0.18
2020,34,9,0.68
2020,35,9,1.9
2020,36,9,0.97
2020,37,9,0.1
2020,38,9,0.85
2020,39,9,0.22
2020,40,9,0.19
2020,41,9,3.93
2020,42,9,0.29
2020,43,9,0.28
2020,44,9,0.02
2020,45,9,1.67
2020,46,9,0.23
2020,47,9,0.06
2020,48,9,1.51
2020,49,9,0.16
2020,50,9,0.42
2020,51,9,0.49
2020,53,9,0.29
2020,55,9,0.05
2020,56,9,0.1
2020,57,9,0.11
2020,58,9,0.02
2020,59,9,0.09
2020,1,10,0.01
2020,2,10,0.11
2020,3,10,0.11
2020,5,10,0.1
2020,8,10,0.03
2020,9,10,15.81
2020,10,10,105.67
2020,11,10,37.22
2020,12,10,1.99
2020,13,10,3.1
2020,14,10,0.26
2020,15,10,0.25
2020,16,10,4.12
2020,18,10,0.29
2020,20,10,1.22
2020,21,10,0.78
2020,22,10,8.28
2020,23,10,0.69
2020,24,10,0.73
2020,25,10,1.57
2020,26,10,0.93
2020,27,10,1.45
2020,29,10,2
2020,30,10,0.01
2020,31,10,0.12
2020,32,10,1.38
2020,33,10,0.19
2020,34,10,0.41
2020,35,10,3.36
2020,36,10,1.39
2020,37,10,1.03
2020,38,10,0.89
2020,39,10,0.39
2020,40,10,0.52
2020,41,10,1.16
2020,43,10,0.2
2020,45,10,1.9
2020,46,10,0.03
2020,47,10,0.41
2020,48,10,2.2
2020,49,10,0.15
2020,50,10,0.45
2020,51,10,0.09
2020,55,10,0.07
2020,56,10,0.1
2020,57,10,0.11
2020,58,10,0.02
2020,59,10,0.09
2020,1,11,1.91
2020,2,11,83.09
2020,3,11,2.96
2020,4,11,0.92
2020,5,11,0.34
2020,6,11,0.03
2020,7,11,0.01
2020,8,11,0.26
2020,9,11,0.32
2020,10,11,3.07
2020,11,11,405.51
2020,12,11,0.69
2020,13,11,2.02
2020,14,11,4.08
2020,15,11,1.75
2020,16,11,2.97
2020,17,11,0.02
2020,18,11,0.16
2020,19,11,0.02
2020,20,11,3.2
2020,21,11,8.86
2020,22,11,37.4
2020,23,11,1.08
2020,24,11,12.17
2020,25,11,6.33
2020,26,11,1.52
2020,27,11,3.42
2020,28,11,0.01
2020,29,11,14.77
2020,30,11,0.37
2020,31,11,2.87
2020,32,11,8.52
2020,33,11,2.2
2020,34,11,3.24
2020,35,11,3.58
2020,36,11,6.46
2020,37,11,0.52
2020,38,11,15.62
2020,39,11,6.63
2020,40,11,3.06
2020,41,11,11.68
2020,42,11,0.42
2020,43,11,7.79
2020,44,11,0.04
2020,45,11,2.48
2020,46,11,0.18
2020,47,11,10.17
2020,48,11,1.73
2020,49,11,0.94
2020,50,11,4.01
2020,51,11,1.75
2020,52,11,0.75
2020,53,11,0.02
2020,55,11,1.06
2020,56,11,0.71
2020,57,11,0.82
2020,58,11,0.13
2020,59,11,0.52
2020,1,12,232.59
2020,2,12,16.98
2020,3,12,205.75
2020,4,12,5.43
2020,5,12,2.33
2020,6,12,0.16
2020,7,12,0.06
2020,8,12,0.86
2020,9,12,46.24
2020,10,12,14.54
2020,11,12,2555.16
2020,12,12,3955
2020,13,12,252.69
2020,14,12,38.06
2020,15,12,85.96
2020,16,12,326.27
2020,17,12,15.31
2020,18,12,39.37
2020,19,12,2.06
2020,20,12,408.75
2020,21,12,76.03
2020,22,12,226.91
2020,23,12,12.5
2020,24,12,56.63
2020,25,12,1579.25
2020,26,12,222.67
2020,27,12,391.59
2020,28,12,1.15
2020,29,12,55.56
2020,30,12,4.6
2020,31,12,134.01
2020,32,12,88.94
2020,33,12,3.68
2020,34,12,13.24
2020,35,12,241.05
2020,36,12,163.53
2020,37,12,60.31
2020,38,12,74.01
2020,39,12,54.88
2020,40,12,44.39
2020,41,12,579.83
2020,42,12,331.93
2020,43,12,192.62
2020,44,12,27.08
2020,45,12,459.88
2020,46,12,174.51
2020,47,12,217.66
2020,48,12,76.03
2020,49,12,1.26
2020,50,12,276
2020,51,12,189.88
2020,52,12,40.41
2020,53,12,292.79
2020,55,12,10.18
2020,56,12,12.99
2020,57,12,9.37
2020,58,12,1.6
2020,59,12,15.92
2020,1,13,0.05
2020,2,13,0.44
2020,3,13,0.95
2020,4,13,0.07
2020,5,13,0.13
2020,8,13,0.05
2020,9,13,2.69
2020,10,13,0.13
2020,11,13,209.4
2020,12,13,0.87
2020,13,13,32.03
2020,14,13,7.09
2020,15,13,11.41
2020,16,13,17.26
2020,17,13,0.02
2020,18,13,0.69
2020,19,13,0.01
2020,20,13,11.17
2020,21,13,13.34
2020,22,13,23.45
2020,23,13,0.41
2020,24,13,8.98
2020,25,13,7.63
2020,26,13,2.29
2020,27,13,4.17
2020,29,13,7.19
2020,30,13,0.09
2020,31,13,2.26
2020,32,13,1.63
2020,33,13,0.91
2020,34,13,1.25
2020,35,13,1.05
2020,36,13,3.5
2020,37,13,0.51
2020,38,13,3.12
2020,39,13,1.32
2020,40,13,4.31
2020,41,13,7.98
2020,42,13,0.13
2020,43,13,1.28
2020,44,13,0.02
2020,45,13,1.74
2020,46,13,0.06
2020,47,13,0.91
2020,48,13,1.05
2020,49,13,0.71
2020,50,13,2.05
2020,51,13,0.58
2020,52,13,1.14
2020,53,13,0.63
2020,54,13,0.03
2020,55,13,0.88
2020,56,13,0.47
2020,57,13,0.68
2020,58,13,0.08
2020,59,13,0.39
2020,2,14,41.3
2020,3,14,0.29
2020,5,14,0.15
2020,9,14,1.93
2020,10,14,0.19
2020,11,14,124.04
2020,12,14,0.64
2020,13,14,0.7
2020,14,14,135.12
2020,15,14,9.23
2020,16,14,6.75
2020,17,14,0.01
2020,18,14,1.27
2020,19,14,0.02
2020,20,14,5.41
2020,21,14,18.62
2020,22,14,23.02
2020,23,14,1.23
2020,24,14,3.92
2020,25,14,14.23
2020,26,14,4.03
2020,27,14,4.55
2020,29,14,26.38
2020,30,14,0.14
2020,31,14,3.97
2020,32,14,5.13
2020,33,14,0.73
2020,34,14,2.06
2020,35,14,3.08
2020,36,14,2.58
2020,37,14,0.9
2020,38,14,3.35
2020,39,14,4.68
2020,40,14,2.29
2020,41,14,18.09
2020,42,14,1.7
2020,43,14,16.8
2020,44,14,0.02
2020,45,14,11.3
2020,46,14,0.58
2020,47,14,0.96
2020,48,14,1.2
2020,49,14,0.58
2020,50,14,7.33
2020,51,14,0.41
2020,52,14,0.29
2020,53,14,0.28
2020,55,14,1.53
2020,56,14,0.39
2020,57,14,0.41
2020,58,14,0.06
2020,59,14,0.46
2020,1,15,0.01
2020,2,15,18.17
2020,3,15,0.26
2020,8,15,0.01
2020,9,15,0.42
2020,10,15,0.03
2020,11,15,112.8
2020,12,15,0.68
2020,13,15,0.09
2020,14,15,2.55
2020,15,15,39.51
2020,16,15,22.38
2020,17,15,0.01
2020,18,15,1.35
2020,20,15,4.53
2020,21,15,4.42
2020,22,15,25.38
2020,23,15,1.69
2020,24,15,50.78
2020,25,15,7.01
2020,26,15,1.67
2020,27,15,3.03
2020,29,15,4.22
2020,30,15,0.04
2020,31,15,0.87
2020,32,15,1.95
2020,33,15,0.85
2020,34,15,2.45
2020,35,15,2.56
2020,36,15,2.07
2020,37,15,4.52
2020,38,15,2.33
2020,39,15,4.42
2020,40,15,1.22
2020,41,15,5.15
2020,42,15,0.31
2020,43,15,4.06
2020,44,15,0.02
2020,45,15,2.57
2020,46,15,0.07
2020,47,15,0.6
2020,48,15,0.46
2020,49,15,0.68
2020,50,15,1.09
2020,51,15,1.02
2020,52,15,0.3
2020,53,15,0.09
2020,55,15,1
2020,56,15,0.45
2020,57,15,0.54
2020,58,15,0.07
2020,59,15,0.42
2020,1,16,0.01
2020,2,16,7.1
2020,3,16,0.24
2020,5,16,0.02
2020,8,16,0.03
2020,9,16,1.72
2020,10,16,0.24
2020,11,16,112.96
2020,12,16,1.21
2020,13,16,1.99
2020,14,16,10.99
2020,15,16,170.42
2020,16,16,138.56
2020,17,16,0.36
2020,18,16,6.81
2020,19,16,0.02
2020,20,16,13.46
2020,21,16,19.95
2020,22,16,39.02
2020,23,16,1.83
2020,24,16,4
2020,25,16,18.28
2020,26,16,4.4
2020,27,16,10.25
2020,29,16,13.1
2020,30,16,0.11
2020,31,16,1.89
2020,32,16,6.1
2020,33,16,1.39
2020,34,16,3.41
2020,35,16,22.02
2020,36,16,6.11
2020,37,16,0.84
2020,38,16,7.39
2020,39,16,1.77
2020,40,16,8.24
2020,41,16,16.28
2020,42,16,0.37
2020,43,16,15.53
2020,44,16,0.03
2020,45,16,6.05
2020,46,16,0.14
2020,47,16,2.61
2020,48,16,1.59
2020,49,16,1.07
2020,50,16,1.39
2020,51,16,2.98
2020,52,16,1.08
2020,53,16,0.74
2020,55,16,1
2020,56,16,0.74
2020,57,16,1.06
2020,58,16,0.12
2020,59,16,0.75
2020,2,17,0.05
2020,3,17,2.36
2020,8,17,0.03
2020,9,17,0.8
2020,11,17,4.84
2020,12,17,11.5
2020,13,17,4.05
2020,14,17,5.6
2020,15,17,18.59
2020,16,17,19.62
2020,17,17,3.52
2020,18,17,2.04
2020,19,17,0.13
2020,20,17,36.28
2020,21,17,6.93
2020,22,17,16.87
2020,23,17,0.24
2020,24,17,0.55
2020,25,17,6.47
2020,26,17,3.09
2020,27,17,4.38
2020,29,17,2.19
2020,30,17,0.09
2020,31,17,1.37
2020,32,17,1.83
2020,33,17,0.37
2020,34,17,1.14
2020,35,17,1.81
2020,36,17,1.36
2020,37,17,0.93
2020,38,17,2.21
2020,39,17,1.7
2020,40,17,1.36
2020,41,17,5.72
2020,42,17,1.02
2020,43,17,2.72
2020,44,17,0.06
2020,45,17,2.58
2020,46,17,2.7
2020,47,17,1.29
2020,48,17,1.43
2020,49,17,0.29
2020,50,17,1.16
2020,51,17,0.34
2020,52,17,0.28
2020,53,17,0.2
2020,55,17,0.12
2020,56,17,0.2
2020,57,17,0.23
2020,58,17,0.03
2020,59,17,0.16
2020,2,18,0.65
2020,3,18,5.47
2020,8,18,0.02
2020,9,18,0.8
2020,10,18,0.22
2020,11,18,6.12
2020,12,18,5.44
2020,13,18,4
2020,14,18,1
2020,15,18,43.95
2020,16,18,80.13
2020,17,18,1.23
2020,18,18,15.8
2020,19,18,0.19
2020,20,18,42.12
2020,21,18,22.19
2020,22,18,15.13
2020,23,18,0.8
2020,24,18,2.63
2020,25,18,9.48
2020,26,18,4.51
2020,27,18,9.36
2020,29,18,4.87
2020,30,18,0.16
2020,31,18,2.68
2020,32,18,1
2020,33,18,1.68
2020,34,18,3.34
2020,35,18,3.1
2020,36,18,4.72
2020,37,18,1
2020,38,18,5.93
2020,39,18,2.15
2020,40,18,0.88
2020,41,18,14.03
2020,42,18,0.06
2020,43,18,7.32
2020,44,18,0.24
2020,45,18,1.34
2020,46,18,0.02
2020,47,18,1.34
2020,48,18,1.38
2020,49,18,1.32
2020,50,18,4.14
2020,51,18,1.19
2020,55,18,1.92
2020,56,18,0.89
2020,57,18,0.89
2020,58,18,0.14
2020,59,18,0.75
2020,1,19,0.01
2020,2,19,0.12
2020,3,19,0.27
2020,5,19,0.21
2020,9,19,0.11
2020,10,19,0.12
2020,11,19,26.25
2020,12,19,3.06
2020,13,19,2.59
2020,14,19,2.31
2020,15,19,38.32
2020,16,19,16.8
2020,17,19,0.86
2020,18,19,2.53
2020,19,19,1.81
2020,20,19,13.29
2020,21,19,9.05
2020,22,19,7.57
2020,23,19,0.48
2020,24,19,2
2020,25,19,3.39
2020,26,19,5.83
2020,27,19,3.48
2020,29,19,1.18
2020,30,19,0.03
2020,31,19,1.69
2020,32,19,1.43
2020,33,19,0.99
2020,34,19,2.32
2020,35,19,4.45
2020,36,19,2.59
2020,37,19,0.12
2020,38,19,3.6
2020,39,19,1.32
2020,40,19,1.85
2020,41,19,4.67
2020,42,19,0.18
2020,43,19,1.91
2020,44,19,0.02
2020,45,19,1.97
2020,46,19,1.36
2020,47,19,0.29
2020,48,19,1.47
2020,49,19,1.04
2020,50,19,2.07
2020,51,19,0.47
2020,52,19,0.23
2020,55,19,0.34
2020,56,19,0.52
2020,57,19,0.54
2020,58,19,0.08
2020,59,19,0.44
2020,1,20,1.06
2020,2,20,8.09
2020,3,20,3.7
2020,4,20,0.28
2020,5,20,17.5
2020,6,20,0.02
2020,8,20,103.47
2020,9,20,11.62
2020,10,20,0.78
2020,11,20,149.1
2020,12,20,136.81
2020,13,20,45.81
2020,14,20,98.46
2020,15,20,265.66
2020,16,20,258.4
2020,17,20,12.46
2020,18,20,2.44
2020,19,20,2.46
2020,20,20,402.4
2020,21,20,74.24
2020,22,20,83.93
2020,23,20,6.07
2020,24,20,38.93
2020,25,20,65.76
2020,26,20,19.04
2020,27,20,75.37
2020,28,20,0.88
2020,29,20,53.56
2020,30,20,0.22
2020,31,20,5.69
2020,32,20,75.25
2020,33,20,3.51
2020,34,20,5.36
2020,35,20,101.17
2020,36,20,52.7
2020,37,20,12.38
2020,38,20,59.39
2020,39,20,19.72
2020,40,20,17.74
2020,41,20,163.54
2020,42,20,12.17
2020,43,20,34.09
2020,44,20,1.4
2020,45,20,68.55
2020,46,20,15.3
2020,47,20,28.81
2020,48,20,30.6
2020,49,20,4.61
2020,50,20,29.83
2020,51,20,17.04
2020,52,20,0.45
2020,53,20,2.78
2020,55,20,8.74
2020,56,20,14.4
2020,57,20,6.74
2020,58,20,2.31
2020,59,20,12.03
2020,1,21,0.08
2020,2,21,0.08
2020,3,21,0.09
2020,4,21,0.01
2020,5,21,0.06
2020,8,21,0.02
2020,9,21,0.73
2020,10,21,0.21
2020,11,21,14.1
2020,12,21,9.01
2020,13,21,1.68
2020,14,21,0.07
2020,15,21,3.09
2020,16,21,11.08
2020,17,21,1.6
2020,18,21,3.35
2020,19,21,0.09
2020,20,21,35.79
2020,21,21,62.52
2020,22,21,12.76
2020,23,21,0.49
2020,24,21,0.8
2020,25,21,10.02
2020,26,21,3.17
2020,27,21,2.86
2020,29,21,1.71
2020,30,21,0.02
2020,31,21,0.96
2020,32,21,1.48
2020,33,21,0.84
2020,34,21,2.16
2020,35,21,4.04
2020,36,21,3.9
2020,37,21,4.34
2020,38,21,2.54
2020,39,21,1.24
2020,40,21,1.78
2020,41,21,6.72
2020,42,21,0.13
2020,43,21,4.25
2020,44,21,0.05
2020,45,21,2.63
2020,46,21,0.03
2020,47,21,0.72
2020,48,21,2.86
2020,49,21,0.75
2020,50,21,1.79
2020,51,21,0.28
2020,55,21,0.98
2020,56,21,0.45
2020,57,21,1.55
2020,58,21,0.07
2020,59,21,0.38
2020,1,22,1.1
2020,2,22,86.13
2020,3,22,0.07
2020,8,22,5.04
2020,9,22,0.08
2020,10,22,0.23
2020,11,22,85.07
2020,12,22,0.24
2020,13,22,0.05
2020,15,22,1.6
2020,16,22,3.94
2020,17,22,0.08
2020,18,22,0.91
2020,20,22,1.52
2020,21,22,17.36
2020,22,22,437.33
2020,23,22,0.41
2020,24,22,3.27
2020,25,22,14.64
2020,26,22,5.48
2020,27,22,5.93
2020,29,22,0.82
2020,30,22,0.01
2020,31,22,0.28
2020,32,22,0.78
2020,33,22,3.89
2020,34,22,6.86
2020,35,22,9.06
2020,36,22,13.38
2020,37,22,4.1
2020,38,22,5.2
2020,39,22,6.14
2020,40,22,4.2
2020,41,22,20.87
2020,42,22,1.17
2020,43,22,9.04
2020,44,22,0.18
2020,45,22,2.22
2020,46,22,0.3
2020,47,22,1.54
2020,48,22,2.69
2020,49,22,1.87
2020,50,22,13.66
2020,51,22,0.2
2020,55,22,0.61
2020,56,22,3.14
2020,57,22,3.31
2020,58,22,0.49
2020,59,22,2.64
2020,2,23,0.4
2020,3,23,0.47
2020,8,23,0.32
2020,9,23,0.44
2020,10,23,0.8
2020,11,23,7.34
2020,12,23,0.2
2020,13,23,0.03
2020,14,23,0.28
2020,15,23,1.18
2020,16,23,0.07
2020,18,23,0.19
2020,20,23,0.18
2020,21,23,0.77
2020,22,23,107.38
2020,23,23,0.99
2020,24,23,13.51
2020,25,23,4.88
2020,26,23,1.66
2020,27,23,0.52
2020,28,23,0.01
2020,29,23,0.44
2020,31,23,1.51
2020,32,23,2.07
2020,33,23,1.84
2020,34,23,4.05
2020,35,23,5.52
2020,36,23,6.7
2020,37,23,1.46
2020,38,23,3.58
2020,39,23,2.9
2020,40,23,3.86
2020,41,23,7.07
2020,42,23,0.06
2020,43,23,10.19
2020,44,23,0.33
2020,45,23,0.9
2020,46,23,0.04
2020,47,23,1.56
2020,48,23,0.82
2020,49,23,1.86
2020,50,23,2.3
2020,51,23,3.11
2020,52,23,0.37
2020,53,23,2.46
2020,54,23,0.05
2020,55,23,0.61
2020,56,23,0.91
2020,57,23,1.01
2020,58,23,0.52
2020,59,23,0.76
2020,1,24,0.02
2020,2,24,2.85
2020,3,24,0.86
2020,4,24,0.08
2020,5,24,0.02
2020,6,24,0.02
2020,8,24,1.7
2020,9,24,1.53
2020,10,24,4.81
2020,11,24,46.22
2020,12,24,1.3
2020,13,24,2.07
2020,14,24,7.42
2020,15,24,4.88
2020,16,24,9.87
2020,17,24,0.08
2020,18,24,0.43
2020,19,24,0.07
2020,20,24,2.53
2020,21,24,2.02
2020,22,24,147.79
2020,23,24,5
2020,24,24,245.95
2020,25,24,20.88
2020,26,24,9.2
2020,27,24,2.77
2020,29,24,12.24
2020,30,24,0.36
2020,31,24,9.75
2020,32,24,2.06
2020,33,24,4.47
2020,34,24,5.49
2020,35,24,21.35
2020,36,24,17.97
2020,37,24,2.51
2020,38,24,29.08
2020,39,24,8.32
2020,40,24,14.79
2020,41,24,14.79
2020,42,24,0.38
2020,43,24,8.67
2020,44,24,0.13
2020,45,24,3.12
2020,46,24,1.43
2020,47,24,1.86
2020,48,24,3.66
2020,49,24,2.82
2020,50,24,12.95
2020,51,24,1.96
2020,52,24,2.82
2020,53,24,2.9
2020,55,24,1.88
2020,56,24,10.17
2020,57,24,2.2
2020,58,24,0.73
2020,59,24,20.17
2020,1,25,64.62
2020,2,25,244.44
2020,3,25,16.65
2020,4,25,0.55
2020,5,25,8.45
2020,6,25,1.58
2020,7,25,0.02
2020,8,25,397.66
2020,9,25,7.53
2020,10,25,0.72
2020,11,25,196.58
2020,12,25,40.34
2020,13,25,60.03
2020,14,25,1084.29
2020,15,25,98.76
2020,16,25,827.43
2020,17,25,20.49
2020,18,25,59.53
2020,19,25,0.46
2020,20,25,55.18
2020,21,25,44.61
2020,22,25,21.84
2020,23,25,11.26
2020,24,25,56.01
2020,25,25,4804.5
2020,26,25,34.2
2020,27,25,113.83
2020,28,25,0.02
2020,29,25,29.97
2020,30,25,0.66
2020,31,25,0.79
2020,32,25,5.69
2020,33,25,10.83
2020,34,25,2.17
2020,35,25,120.52
2020,36,25,80.95
2020,37,25,185.8
2020,38,25,136.38
2020,39,25,54.5
2020,40,25,68.67
2020,41,25,461.34
2020,42,25,8.22
2020,43,25,1112.82
2020,44,25,0.06
2020,45,25,36.18
2020,46,25,19.33
2020,47,25,8.71
2020,48,25,213.45
2020,49,25,0.53
2020,50,25,352.24
2020,51,25,155.9
2020,52,25,1.56
2020,53,25,0.28
2020,56,25,0.25
2020,57,25,0.12
2020,59,25,0.04
2020,1,26,0.1
2020,2,26,0.11
2020,3,26,2.06
2020,5,26,0.13
2020,7,26,0.02
2020,9,26,0.33
2020,10,26,1.73
2020,11,26,3.33
2020,12,26,0.46
2020,13,26,1.73
2020,14,26,1.19
2020,15,26,0.02
2020,16,26,1.6
2020,17,26,0.04
2020,18,26,0.39
2020,19,26,0.68
2020,20,26,0.69
2020,21,26,3.71
2020,22,26,31.21
2020,23,26,0.46
2020,24,26,1.24
2020,25,26,0.01
2020,26,26,29.18
2020,27,26,1.92
2020,29,26,4.55
2020,30,26,0.03
2020,31,26,3.95
2020,32,26,2.21
2020,33,26,0.22
2020,34,26,0.45
2020,35,26,11.26
2020,36,26,4.27
2020,37,26,3.59
2020,38,26,11.01
2020,39,26,0.3
2020,40,26,45.97
2020,41,26,2.74
2020,42,26,0.59
2020,43,26,4.53
2020,44,26,0.01
2020,45,26,1.14
2020,46,26,8.02
2020,47,26,0.04
2020,48,26,12.29
2020,49,26,0.04
2020,50,26,52.91
2020,51,26,0.22
2020,53,26,0.16
2020,56,26,0.04
2020,57,26,0.03
2020,59,26,0.01
2020,1,27,82.39
2020,2,27,9.66
2020,3,27,16.53
2020,4,27,9.61
2020,5,27,24.29
2020,6,27,3.33
2020,7,27,0.33
2020,8,27,0.24
2020,9,27,23.8
2020,10,27,111.04
2020,11,27,311.38
2020,12,27,162.51
2020,13,27,22.05
2020,14,27,38.16
2020,15,27,8.6
2020,16,27,23.7
2020,17,27,1.7
2020,18,27,0.02
2020,19,27,0.49
2020,20,27,39.53
2020,21,27,60.45
2020,22,27,184.67
2020,23,27,12.66
2020,24,27,70.83
2020,25,27,0.29
2020,26,27,103.97
2020,27,27,37.67
2020,29,27,436.85
2020,30,27,3.38
2020,31,27,319.93
2020,32,27,198.28
2020,33,27,9.73
2020,34,27,19.97
2020,35,27,271.94
2020,36,27,310.44
2020,37,27,91.58
2020,38,27,89.15
2020,39,27,120.09
2020,40,27,275.34
2020,41,27,355.61
2020,42,27,34.64
2020,43,27,33.07
2020,44,27,1.84
2020,45,27,116.54
2020,46,27,130.38
2020,47,27,20.96
2020,48,27,203.18
2020,50,27,197.86
2020,51,27,43.49
2020,56,27,0.32
2020,57,27,2.17
2020,58,27,4.63
2020,59,27,1.17
2020,1,28,2.68
2020,2,28,2.24
2020,3,28,219.67
2020,4,28,5.86
2020,5,28,2
2020,6,28,0.56
2020,7,28,0.02
2020,8,28,0.49
2020,9,28,4.57
2020,10,28,29.69
2020,11,28,95.08
2020,12,28,11.47
2020,13,28,9.1
2020,14,28,10.95
2020,15,28,0.8
2020,16,28,8.6
2020,17,28,0.87
2020,18,28,0.38
2020,19,28,0.12
2020,20,28,5.39
2020,21,28,36.21
2020,22,28,219.98
2020,23,28,8.47
2020,24,28,17.34
2020,25,28,0.02
2020,26,28,31.48
2020,27,28,11.87
2020,28,28,0.06
2020,29,28,61.48
2020,30,28,0.03
2020,31,28,83.91
2020,32,28,68.67
2020,33,28,14.41
2020,34,28,31.33
2020,35,28,123.91
2020,36,28,33.37
2020,37,28,59.03
2020,38,28,95.36
2020,39,28,21.28
2020,40,28,392.24
2020,41,28,359.29
2020,42,28,8.81
2020,43,28,17.71
2020,44,28,0.1
2020,45,28,128
2020,46,28,51.21
2020,47,28,0.55
2020,48,28,52.34
2020,49,28,0.53
2020,50,28,89.6
2020,51,28,12.63
2020,53,28,1.95
2020,56,28,0.14
2020,57,28,1.82
2020,58,28,2.3
2020,59,28,3.41
2020,2,29,0.37
2020,3,29,9.9
2020,4,29,1.08
2020,5,29,0.02
2020,8,29,0.06
2020,9,29,0.72
2020,10,29,0.37
2020,11,29,58.11
2020,12,29,1
2020,13,29,4.84
2020,14,29,0.95
2020,15,29,0.37
2020,16,29,0.89
2020,17,29,0.25
2020,18,29,0.12
2020,19,29,0.3
2020,20,29,1.43
2020,21,29,17.74
2020,22,29,54.22
2020,23,29,0.55
2020,24,29,4.09
2020,25,29,0.07
2020,26,29,50.6
2020,27,29,6.45
2020,28,29,0.05
2020,29,29,47.57
2020,30,29,0.03
2020,31,29,45.26
2020,32,29,5.33
2020,33,29,2.25
2020,34,29,3.7
2020,35,29,17.64
2020,36,29,7.23
2020,37,29,14.36
2020,38,29,24.97
2020,39,29,1.95
2020,40,29,30.38
2020,41,29,285.53
2020,42,29,0.43
2020,43,29,101.8
2020,44,29,0.01
2020,45,29,1.82
2020,46,29,0.78
2020,47,29,0.73
2020,48,29,14.3
2020,49,29,4.5
2020,50,29,124.62
2020,51,29,60.14
2020,52,29,2.95
2020,53,29,0.23
2020,57,29,0.58
2020,58,29,0.58
2020,59,29,0.48
2020,1,30,1.2
2020,3,30,1.1
2020,4,30,0.28
2020,8,30,0.01
2020,9,30,0.01
2020,10,30,0.01
2020,11,30,13.64
2020,12,30,0.16
2020,13,30,0.09
2020,14,30,0.02
2020,15,30,0.01
2020,16,30,0.28
2020,17,30,0.01
2020,19,30,0.07
2020,20,30,1.29
2020,21,30,11.31
2020,22,30,6.86
2020,23,30,0.22
2020,24,30,0.62
2020,26,30,2.35
2020,27,30,1.23
2020,29,30,0.67
2020,30,30,4.71
2020,31,30,23.56
2020,32,30,0.74
2020,33,30,0.36
2020,34,30,0.49
2020,35,30,8.5
2020,36,30,3.28
2020,37,30,1.32
2020,38,30,2.21
2020,39,30,8.69
2020,40,30,2.67
2020,41,30,103.16
2020,42,30,0.08
2020,43,30,14.41
2020,45,30,1.13
2020,46,30,0.63
2020,47,30,0.35
2020,48,30,22.4
2020,49,30,30.42
2020,50,30,9.11
2020,51,30,0.88
2020,52,30,0.84
2020,53,30,0.03
2020,57,30,0.04
2020,58,30,0.07
2020,59,30,0.86
2020,2,31,0.54
2020,3,31,8.05
2020,4,31,1.79
2020,5,31,0.2
2020,6,31,0.03
2020,8,31,0.22
2020,9,31,1.3
2020,10,31,0.98
2020,11,31,90.88
2020,12,31,2.38
2020,13,31,3.42
2020,14,31,1.78
2020,15,31,0.06
2020,16,31,0.51
2020,17,31,0.14
2020,18,31,0.04
2020,19,31,1.93
2020,20,31,5.74
2020,21,31,75.62
2020,22,31,78.46
2020,23,31,0.49
2020,24,31,9.02
2020,25,31,0.27
2020,26,31,5.48
2020,27,31,13.42
2020,29,31,11.1
2020,30,31,1.12
2020,31,31,155.34
2020,32,31,32.09
2020,33,31,24.04
2020,34,31,19.66
2020,35,31,54.29
2020,36,31,16.11
2020,37,31,33
2020,38,31,22.33
2020,39,31,28.17
2020,40,31,54.9
2020,41,31,174.01
2020,42,31,4.24
2020,43,31,25.86
2020,45,31,3.24
2020,46,31,47.78
2020,47,31,17.01
2020,48,31,30.11
2020,49,31,21.81
2020,50,31,139.15
2020,51,31,16.76
2020,52,31,5.42
2020,53,31,2.11
2020,55,31,1.66
2020,56,31,0.04
2020,57,31,3
2020,58,31,1.49
2020,59,31,15.54
2020,2,32,0.05
2020,3,32,9.16
2020,4,32,0.9
2020,5,32,0.1
2020,6,32,0.01
2020,8,32,0.11
2020,9,32,1.59
2020,10,32,0.25
2020,11,32,4.67
2020,12,32,0.82
2020,13,32,0.48
2020,14,32,0.4
2020,15,32,0.34
2020,16,32,0.23
2020,17,32,0.12
2020,18,32,0.06
2020,19,32,0.06
2020,20,32,1.24
2020,21,32,0.97
2020,22,32,15.65
2020,23,32,1.26
2020,24,32,5.54
2020,26,32,14.56
2020,27,32,0.83
2020,29,32,12.51
2020,30,32,0.21
2020,31,32,13.18
2020,32,32,162.4
2020,33,32,0.27
2020,34,32,2.99
2020,35,32,36.45
2020,36,32,19.77
2020,37,32,3.02
2020,38,32,5.95
2020,39,32,2.95
2020,40,32,36.33
2020,41,32,21.87
2020,42,32,0.42
2020,43,32,2.57
2020,45,32,0.36
2020,46,32,0.27
2020,47,32,0.44
2020,48,32,8.71
2020,49,32,2.46
2020,50,32,7.89
2020,51,32,10.18
2020,52,32,4.43
2020,53,32,0.28
2020,55,32,1.07
2020,56,32,0.33
2020,57,32,1.24
2020,58,32,0.3
2020,59,32,31.21
2020,1,33,1.85
2020,2,33,0.62
2020,3,33,12.26
2020,4,33,21.13
2020,5,33,0.13
2020,8,33,0.13
2020,9,33,0.42
2020,10,33,0.05
2020,11,33,4.37
2020,12,33,0.29
2020,13,33,0.02
2020,14,33,0.42
2020,16,33,0.01
2020,20,33,1.13
2020,21,33,0.83
2020,22,33,39.67
2020,23,33,2.82
2020,24,33,2.06
2020,26,33,1.1
2020,27,33,0.67
2020,29,33,0.72
2020,31,33,0.1
2020,32,33,2.27
2020,33,33,6
2020,34,33,5.53
2020,35,33,8.64
2020,36,33,2.4
2020,37,33,18.39
2020,38,33,14.27
2020,39,33,0.22
2020,40,33,39.12
2020,41,33,73.99
2020,42,33,0.29
2020,43,33,40.59
2020,44,33,0.02
2020,45,33,0.37
2020,46,33,2.7
2020,47,33,0.1
2020,48,33,6.52
2020,49,33,8.77
2020,50,33,4.06
2020,51,33,0.48
2020,52,33,0.27
2020,53,33,0.15
2020,55,33,2.65
2020,57,33,0.1
2020,58,33,0.06
2020,59,33,0.15
2020,1,34,9.35
2020,2,34,0.47
2020,3,34,86.52
2020,4,34,54.13
2020,5,34,0.17
2020,6,34,0.01
2020,8,34,0.01
2020,9,34,0.54
2020,10,34,0.08
2020,11,34,6.46
2020,12,34,0.28
2020,13,34,0.08
2020,14,34,0.57
2020,16,34,0.02
2020,19,34,0.01
2020,20,34,0.32
2020,21,34,0.54
2020,22,34,48.82
2020,23,34,1.6
2020,24,34,2.77
2020,25,34,0.01
2020,26,34,1.68
2020,27,34,4.56
2020,29,34,1.18
2020,30,34,0.01
2020,31,34,1.37
2020,32,34,3.7
2020,33,34,0.51
2020,34,34,6.32
2020,35,34,10.16
2020,36,34,3.61
2020,37,34,41.51
2020,38,34,29.11
2020,39,34,0.63
2020,40,34,62.59
2020,41,34,114.59
2020,42,34,0.51
2020,43,34,3.77
2020,45,34,2.87
2020,46,34,4.03
2020,47,34,0.35
2020,48,34,21.74
2020,49,34,2.47
2020,50,34,115.46
2020,51,34,0.82
2020,52,34,1.45
2020,53,34,0.2
2020,55,34,0.15
2020,57,34,0.67
2020,58,34,0.05
2020,59,34,2.38
2020,1,35,0.08
2020,2,35,0.58
2020,3,35,42.68
2020,4,35,2.37
2020,5,35,0.66
2020,6,35,0.21
2020,7,35,0.02
2020,8,35,4.31
2020,9,35,76.02
2020,10,35,158.47
2020,11,35,1232.26
2020,12,35,551.34
2020,13,35,13.68
2020,14,35,1.53
2020,15,35,0.86
2020,16,35,1.63
2020,17,35,3.4
2020,18,35,0.42
2020,19,35,0.33
2020,20,35,55.57
2020,21,35,70.82
2020,22,35,476.87
2020,23,35,4.28
2020,24,35,22.27
2020,26,35,31.84
2020,27,35,1064.55
2020,29,35,25.3
2020,30,35,0.29
2020,31,35,55.34
2020,32,35,267.52
2020,33,35,28.34
2020,34,35,46.06
2020,35,35,7170.01
2020,36,35,296.63
2020,37,35,233.85
2020,38,35,33.32
2020,39,35,194.24
2020,40,35,191.04
2020,41,35,2043.5
2020,42,35,222.99
2020,43,35,382.08
2020,44,35,17.44
2020,45,35,411.76
2020,46,35,199.6
2020,47,35,733.3
2020,48,35,167.24
2020,49,35,3.96
2020,50,35,1498.27
2020,51,35,18.87
2020,52,35,29.46
2020,53,35,12.4
2020,54,35,0.05
2020,55,35,200.12
2020,56,35,3.77
2020,57,35,11.47
2020,58,35,3.8
2020,59,35,12.48
2020,1,36,0.01
2020,2,36,0.79
2020,3,36,1.98
2020,4,36,0.46
2020,5,36,0.02
2020,8,36,0.01
2020,9,36,0.81
2020,10,36,5.17
2020,11,36,1.63
2020,12,36,48.86
2020,13,36,4.19
2020,14,36,0.73
2020,15,36,0.56
2020,16,36,0.38
2020,17,36,0.55
2020,18,36,0.13
2020,19,36,0.03
2020,20,36,3.24
2020,21,36,24.24
2020,22,36,96.67
2020,23,36,0.57
2020,24,36,1.26
2020,26,36,3.55
2020,27,36,1.65
2020,29,36,2.55
2020,30,36,0.02
2020,31,36,7.39
2020,32,36,8.8
2020,33,36,0.77
2020,34,36,3.21
2020,35,36,147.45
2020,36,36,405.42
2020,37,36,5.35
2020,38,36,2.45
2020,39,36,7.87
2020,40,36,24.73
2020,41,36,6.71
2020,42,36,8.58
2020,43,36,10.82
2020,44,36,0.06
2020,45,36,2.62
2020,46,36,42.83
2020,47,36,0.1
2020,48,36,23.21
2020,49,36,2.64
2020,50,36,74.64
2020,51,36,1.06
2020,52,36,14.83
2020,53,36,0.12
2020,55,36,0.28
2020,56,36,0.15
2020,57,36,2.63
2020,59,36,1.7
2020,1,37,1.17
2020,2,37,0.66
2020,3,37,0.26
2020,4,37,0.27
2020,6,37,0.01
2020,9,37,2.48
2020,10,37,16.46
2020,11,37,0.15
2020,12,37,10.85
2020,13,37,0.05
2020,14,37,0.02
2020,15,37,0.76
2020,17,37,0.03
2020,18,37,0.12
2020,19,37,0.06
2020,20,37,2.77
2020,21,37,5.69
2020,22,37,40.33
2020,24,37,1.49
2020,25,37,15.12
2020,26,37,0.04
2020,27,37,1.22
2020,29,37,16.84
2020,31,37,3.87
2020,32,37,15.97
2020,33,37,25.27
2020,34,37,18.5
2020,35,37,1052.68
2020,36,37,166.17
2020,37,37,350.4
2020,38,37,13.84
2020,39,37,759.38
2020,40,37,206.33
2020,41,37,1603.76
2020,42,37,11.03
2020,43,37,7.76
2020,45,37,2.9
2020,46,37,0.11
2020,47,37,0.23
2020,48,37,104.57
2020,49,37,0.79
2020,50,37,447.7
2020,51,37,19.8
2020,52,37,25.78
2020,53,37,87.02
2020,55,37,2.08
2020,56,37,22.17
2020,57,37,10.03
2020,58,37,18.72
2020,2,38,0.18
2020,9,38,3.16
2020,10,38,16.96
2020,11,38,0.41
2020,12,38,0.38
2020,18,38,0.01
2020,19,38,0.01
2020,20,38,0.17
2020,21,38,0.4
2020,22,38,9.5
2020,23,38,0.04
2020,24,38,0.8
2020,25,38,22.52
2020,26,38,2
2020,27,38,0.26
2020,28,38,0.04
2020,29,38,2.76
2020,31,38,1.47
2020,32,38,24.3
2020,33,38,7.02
2020,34,38,15.73
2020,35,38,127.59
2020,36,38,27.44
2020,37,38,174.88
2020,38,38,1791.41
2020,39,38,2458.51
2020,40,38,88.98
2020,41,38,237.82
2020,42,38,26.82
2020,43,38,0.03
2020,45,38,22.64
2020,46,38,0.12
2020,48,38,14.05
2020,50,38,43.72
2020,51,38,25.98
2020,52,38,12.83
2020,53,38,24.35
2020,56,38,5.61
2020,57,38,7.69
2020,58,38,17.61
2020,1,39,0.16
2020,2,39,0.3
2020,3,39,2.8
2020,4,39,0.94
2020,6,39,0.02
2020,8,39,0.73
2020,9,39,3.76
2020,10,39,16.13
2020,11,39,2.67
2020,12,39,1.33
2020,13,39,0.87
2020,14,39,0.1
2020,15,39,0.2
2020,16,39,1.88
2020,17,39,0.09
2020,18,39,0.07
2020,19,39,0.06
2020,20,39,7.29
2020,21,39,2.75
2020,22,39,16.67
2020,24,39,7.16
2020,25,39,8.57
2020,26,39,4.87
2020,27,39,0.7
2020,29,39,3.47
2020,30,39,0.19
2020,31,39,9.79
2020,32,39,156.08
2020,33,39,16.4
2020,34,39,3.2
2020,35,39,185.63
2020,36,39,213.12
2020,37,39,37.04
2020,38,39,19.69
2020,39,39,2103
2020,40,39,5.53
2020,41,39,71.64
2020,42,39,0.4
2020,43,39,0.17
2020,45,39,3.35
2020,46,39,23.23
2020,47,39,0.21
2020,48,39,30.8
2020,49,39,28.87
2020,50,39,40.58
2020,51,39,2.29
2020,52,39,7.23
2020,53,39,0.36
2020,55,39,0.64
2020,56,39,0.51
2020,57,39,0.94
2020,58,39,1.12
2020,59,39,1.04
2020,1,40,1.23
2020,2,40,0.49
2020,3,40,7.49
2020,4,40,0.87
2020,5,40,0.44
2020,6,40,0.04
2020,7,40,0.01
2020,8,40,0.03
2020,9,40,3.53
2020,10,40,11.63
2020,11,40,13.15
2020,12,40,4.29
2020,13,40,1.12
2020,14,40,19.9
2020,15,40,1.84
2020,16,40,10.46
2020,17,40,0.34
2020,18,40,0.45
2020,19,40,0.16
2020,20,40,5.81
2020,21,40,1.81
2020,22,40,27.18
2020,23,40,7.74
2020,24,40,16.92
2020,25,40,0.01
2020,26,40,7.74
2020,27,40,2.8
2020,29,40,6.31
2020,31,40,5.39
2020,32,40,10.18
2020,33,40,4.22
2020,34,40,8.4
2020,35,40,135.29
2020,36,40,192.54
2020,37,40,405.32
2020,38,40,87.38
2020,39,40,65.78
2020,40,40,311.96
2020,41,40,326.4
2020,42,40,10.99
2020,43,40,267.29
2020,44,40,0.09
2020,45,40,17.2
2020,46,40,13.03
2020,47,40,1.43
2020,48,40,37.98
2020,49,40,6.73
2020,50,40,140.16
2020,51,40,736.32
2020,52,40,22.69
2020,53,40,0.17
2020,55,40,1.31
2020,56,40,1.54
2020,57,40,0.05
2020,58,40,0.72
2020,59,40,0.58
2020,2,41,0.25
2020,3,41,5.85
2020,4,41,2.88
2020,5,41,0.14
2020,6,41,0.03
2020,9,41,14.9
2020,10,41,49.94
2020,11,41,2.38
2020,12,41,4.27
2020,13,41,1.18
2020,15,41,0.05
2020,16,41,0.08
2020,17,41,0.13
2020,18,41,0.13
2020,19,41,0.07
2020,20,41,13.49
2020,21,41,3.24
2020,22,41,39.49
2020,23,41,13.75
2020,24,41,19.53
2020,26,41,12.24
2020,27,41,1.61
2020,29,41,24.21
2020,31,41,26.11
2020,32,41,144.79
2020,33,41,42.14
2020,34,41,21.54
2020,35,41,386.42
2020,36,41,187.93
2020,37,41,62.24
2020,38,41,276.48
2020,39,41,133.49
2020,40,41,292
2020,41,41,1921.69
2020,42,41,19.31
2020,43,41,22.67
2020,44,41,4.28
2020,45,41,12.92
2020,46,41,13.75
2020,47,41,0.92
2020,48,41,24.07
2020,49,41,6.24
2020,50,41,99.43
2020,51,41,4.98
2020,52,41,109.3
2020,53,41,1.27
2020,55,41,3.43
2020,56,41,2.3
2020,57,41,5.15
2020,58,41,2.35
2020,59,41,9.47
2020,2,42,0.04
2020,3,42,0.9
2020,4,42,4.16
2020,5,42,0.01
2020,9,42,1.24
2020,10,42,1.71
2020,11,42,0.87
2020,12,42,0.1
2020,13,42,0.06
2020,17,42,0.08
2020,18,42,0.01
2020,19,42,0.02
2020,20,42,0.64
2020,21,42,0.99
2020,22,42,15.2
2020,23,42,1.12
2020,24,42,0.65
2020,26,42,0.35
2020,27,42,0.8
2020,29,42,1.39
2020,30,42,0.01
2020,31,42,2.27
2020,32,42,6.03
2020,33,42,13.39
2020,34,42,4.64
2020,35,42,50.93
2020,36,42,150.3
2020,37,42,4.14
2020,38,42,4.71
2020,39,42,5.72
2020,40,42,34.33
2020,41,42,84.26
2020,42,42,10.89
2020,43,42,12.36
2020,44,42,0.8
2020,45,42,12.6
2020,46,42,10.81
2020,47,42,4.34
2020,48,42,6.29
2020,49,42,6.09
2020,50,42,96.57
2020,51,42,4.62
2020,52,42,11.75
2020,53,42,0.17
2020,55,42,0.43
2020,56,42,0.19
2020,57,42,0.26
2020,58,42,0.26
2020,59,42,1.9
2020,2,43,0.08
2020,3,43,0.81
2020,4,43,0.02
2020,9,43,0.96
2020,10,43,0.08
2020,11,43,20.94
2020,12,43,8.43
2020,13,43,0.07
2020,15,43,1.96
2020,16,43,1.83
2020,17,43,0.3
2020,18,43,0.21
2020,19,43,0.01
2020,20,43,1.44
2020,21,43,1.83
2020,22,43,14.22
2020,23,43,0.85
2020,24,43,1.58
2020,25,43,7.33
2020,26,43,0.12
2020,27,43,0.72
2020,29,43,3.31
2020,31,43,1.97
2020,32,43,4.29
2020,33,43,3.1
2020,34,43,1.29
2020,35,43,28.06
2020,36,43,9.07
2020,37,43,6.92
2020,38,43,23.42
2020,39,43,29.29
2020,40,43,69.57
2020,41,43,63.44
2020,42,43,1.46
2020,43,43,155.45
2020,44,43,0.28
2020,45,43,0.06
2020,46,43,2.74
2020,47,43,0.5
2020,48,43,47.05
2020,50,43,55.95
2020,51,43,144.87
2020,52,43,12.35
2020,53,43,0.06
2020,55,43,0.12
2020,56,43,0.13
2020,57,43,0.7
2020,58,43,0.59
2020,59,43,1.83
2020,1,44,0.12
2020,2,44,0.16
2020,3,44,0.25
2020,4,44,0.12
2020,5,44,0.03
2020,9,44,1.63
2020,10,44,0.04
2020,11,44,17.51
2020,12,44,3.65
2020,13,44,0.73
2020,15,44,0.02
2020,16,44,0.02
2020,17,44,0.11
2020,20,44,1.28
2020,21,44,2.83
2020,22,44,15.21
2020,23,44,0.53
2020,24,44,1.37
2020,25,44,0.03
2020,26,44,1.33
2020,27,44,25.7
2020,29,44,1.58
2020,31,44,0.39
2020,32,44,1.61
2020,33,44,0.16
2020,34,44,1.18
2020,35,44,14.94
2020,36,44,3.14
2020,37,44,5.14
2020,38,44,6.64
2020,39,44,3.78
2020,40,44,25.05
2020,41,44,102.82
2020,42,44,1.32
2020,43,44,24.86
2020,44,44,0.57
2020,45,44,4.34
2020,46,44,0.75
2020,47,44,2.13
2020,48,44,15.65
2020,50,44,185.9
2020,51,44,0.72
2020,52,44,8.31
2020,53,44,0.06
2020,56,44,0.56
2020,57,44,0.1
2020,58,44,0.11
2020,59,44,0.15
2020,3,45,1.25
2020,4,45,0.62
2020,5,45,0.01
2020,9,45,2.56
2020,10,45,0.55
2020,11,45,3.06
2020,12,45,0.68
2020,13,45,0.08
2020,14,45,0.03
2020,15,45,0.04
2020,16,45,0.18
2020,17,45,0.02
2020,18,45,0.08
2020,19,45,0.01
2020,20,45,2.56
2020,21,45,1.05
2020,22,45,3.72
2020,23,45,1.17
2020,24,45,2.56
2020,26,45,1.04
2020,27,45,0.3
2020,29,45,1.9
2020,30,45,0.01
2020,31,45,2.44
2020,32,45,6.45
2020,33,45,11.51
2020,34,45,5.43
2020,35,45,38.25
2020,36,45,22.6
2020,37,45,0.51
2020,38,45,1.98
2020,39,45,1.91
2020,40,45,6.68
2020,41,45,0.54
2020,42,45,0.19
2020,43,45,1.65
2020,44,45,0.01
2020,45,45,2.01
2020,46,45,1.97
2020,47,45,0.24
2020,48,45,4.74
2020,50,45,0.02
2020,51,45,0.11
2020,52,45,12.96
2020,53,45,0.08
2020,55,45,0.66
2020,56,45,0.32
2020,57,45,3.76
2020,58,45,0.11
2020,59,45,13.34
2020,2,46,0.07
2020,3,46,21.73
2020,4,46,7.43
2020,5,46,10.9
2020,6,46,0.07
2020,7,46,0.01
2020,9,46,21.28
2020,10,46,9.54
2020,11,46,22.36
2020,12,46,31.03
2020,13,46,1.31
2020,14,46,1.34
2020,16,46,0.82
2020,17,46,0.36
2020,18,46,0.95
2020,19,46,0.17
2020,20,46,13.72
2020,21,46,29.29
2020,22,46,19.52
2020,23,46,7.63
2020,24,46,22.78
2020,26,46,11.81
2020,27,46,4.58
2020,29,46,37.09
2020,30,46,0.2
2020,31,46,19.73
2020,32,46,47.05
2020,33,46,74.07
2020,34,46,51.43
2020,35,46,274.21
2020,36,46,118.48
2020,37,46,42.21
2020,38,46,57.07
2020,39,46,77.07
2020,40,46,168.49
2020,41,46,213.97
2020,42,46,5.76
2020,43,46,531.43
2020,44,46,0.24
2020,45,46,9.43
2020,46,46,10.41
2020,47,46,1.06
2020,48,46,39.05
2020,50,46,52.23
2020,51,46,18.91
2020,52,46,104.46
2020,53,46,4.24
2020,55,46,1.21
2020,56,46,4.98
2020,57,46,69.94
2020,58,46,2.26
2020,59,46,17.96
2020,2,47,0.04
2020,3,47,0.84
2020,5,47,0.16
2020,6,47,0.05
2020,8,47,1.35
2020,9,47,1
2020,10,47,0.11
2020,11,47,3.81
2020,12,47,8.93
2020,13,47,1.18
2020,15,47,0.08
2020,16,47,0.63
2020,17,47,2.3
2020,18,47,4.98
2020,19,47,5.53
2020,20,47,3.64
2020,21,47,47.38
2020,22,47,6.37
2020,23,47,3.17
2020,24,47,13.3
2020,26,47,110.08
2020,27,47,5.93
2020,29,47,14.08
2020,30,47,0.31
2020,31,47,18.06
2020,32,47,31.83
2020,33,47,0.19
2020,34,47,1.88
2020,35,47,41.95
2020,36,47,26.97
2020,37,47,258.32
2020,38,47,56.05
2020,39,47,147.31
2020,40,47,130.41
2020,41,47,1013.62
2020,42,47,0.71
2020,43,47,242.26
2020,44,47,0.04
2020,45,47,21.69
2020,46,47,4.54
2020,47,47,0.92
2020,48,47,3.47
2020,50,47,451.34
2020,51,47,1.88
2020,52,47,1.21
2020,53,47,1.2
2020,56,47,1.35
2020,57,47,0.75
2020,58,47,0.9
2020,59,47,21.95
2020,1,48,0.02
2020,2,48,0.13
2020,3,48,2.44
2020,4,48,0.46
2020,5,48,0.02
2020,6,48,0.01
2020,9,48,0.59
2020,10,48,0.51
2020,11,48,1.32
2020,12,48,2
2020,13,48,0.1
2020,14,48,0.06
2020,15,48,0.01
2020,16,48,0.12
2020,17,48,0.01
2020,18,48,0.02
2020,19,48,0.02
2020,20,48,0.6
2020,21,48,0.31
2020,22,48,2.28
2020,23,48,0.34
2020,24,48,0.69
2020,26,48,2.45
2020,27,48,0.19
2020,29,48,1.07
2020,30,48,0.02
2020,31,48,2.66
2020,32,48,2.12
2020,33,48,4.04
2020,34,48,0.74
2020,35,48,11.59
2020,36,48,7.94
2020,37,48,1.18
2020,38,48,3.99
2020,39,48,8.47
2020,40,48,28.36
2020,41,48,4.43
2020,42,48,1.67
2020,43,48,17.98
2020,44,48,0.01
2020,45,48,2.39
2020,46,48,2.38
2020,47,48,0.31
2020,48,48,33.13
2020,49,48,1.31
2020,50,48,3.13
2020,51,48,3.93
2020,52,48,16.05
2020,53,48,1.97
2020,55,48,0.5
2020,56,48,0.26
2020,57,48,5.83
2020,58,48,0.36
2020,59,48,7.9
2020,2,49,0.2
2020,3,49,0.31
2020,4,49,0.07
2020,9,49,0.22
2020,10,49,2.51
2020,11,49,0.43
2020,12,49,0.13
2020,13,49,0.08
2020,14,49,0.02
2020,16,49,0.01
2020,19,49,0.01
2020,20,49,0.07
2020,21,49,0.43
2020,22,49,3.94
2020,23,49,0.07
2020,24,49,0.21
2020,26,49,0.97
2020,27,49,0.07
2020,29,49,1.74
2020,30,49,0.36
2020,31,49,3.09
2020,32,49,0.93
2020,33,49,21.45
2020,34,49,0.65
2020,35,49,2.96
2020,36,49,2.35
2020,37,49,0.96
2020,38,49,7
2020,39,49,0.09
2020,40,49,32.09
2020,41,49,23.87
2020,42,49,0.76
2020,43,49,11.06
2020,44,49,0.01
2020,45,49,5.92
2020,46,49,2.63
2020,47,49,0.02
2020,48,49,1.98
2020,49,49,45.83
2020,50,49,8.9
2020,51,49,0.04
2020,52,49,3.41
2020,53,49,0.01
2020,56,49,3.13
2020,57,49,0.15
2020,58,49,0.03
2020,59,49,0.04
2020,2,50,0.81
2020,3,50,9.38
2020,4,50,0.52
2020,5,50,0.14
2020,6,50,0.03
2020,8,50,0.64
2020,9,50,3.81
2020,10,50,1.91
2020,11,50,15.98
2020,12,50,52.97
2020,13,50,3.15
2020,14,50,0.55
2020,15,50,0.15
2020,16,50,9.92
2020,17,50,0.32
2020,18,50,0.72
2020,19,50,0.08
2020,20,50,2.4
2020,21,50,5.33
2020,22,50,24.11
2020,23,50,1.73
2020,24,50,10.49
2020,26,50,3.42
2020,27,50,1.91
2020,28,50,0.2
2020,29,50,1.62
2020,30,50,0.05
2020,31,50,17.84
2020,32,50,10.31
2020,33,50,2.58
2020,34,50,5.67
2020,35,50,136.25
2020,36,50,12.13
2020,37,50,4.87
2020,38,50,17.41
2020,39,50,23.75
2020,40,50,38.13
2020,41,50,15.65
2020,42,50,6.36
2020,43,50,22.33
2020,44,50,0.04
2020,45,50,2.33
2020,46,50,68.72
2020,47,50,0.29
2020,48,50,19.02
2020,50,50,374.54
2020,51,50,8.85
2020,52,50,7.88
2020,53,50,0.59
2020,55,50,6.95
2020,56,50,0.91
2020,57,50,13.25
2020,58,50,0.55
2020,59,50,0.86
2020,1,51,7.37
2020,2,51,2.32
2020,3,51,14.64
2020,4,51,9
2020,5,51,3.9
2020,6,51,1.31
2020,7,51,0.04
2020,8,51,2.05
2020,9,51,12.13
2020,10,51,44.32
2020,11,51,39.87
2020,12,51,10.96
2020,13,51,8.58
2020,14,51,4.72
2020,15,51,9.86
2020,16,51,0.47
2020,17,51,0.46
2020,18,51,0.08
2020,19,51,0.47
2020,20,51,29.53
2020,21,51,36.73
2020,22,51,9.16
2020,23,51,3.74
2020,24,51,4.47
2020,25,51,49.72
2020,26,51,17.34
2020,27,51,5.2
2020,29,51,2.14
2020,30,51,0.04
2020,31,51,3.96
2020,32,51,6.14
2020,33,51,1.56
2020,34,51,2.18
2020,35,51,103.37
2020,36,51,172.25
2020,37,51,15.58
2020,38,51,114.77
2020,40,51,118.64
2020,41,51,57.91
2020,42,51,3.1
2020,43,51,10.61
2020,45,51,1.49
2020,46,51,66.17
2020,47,51,3.37
2020,50,51,15.98
2020,51,51,176.74
2020,52,51,111.36
2020,53,51,17.82
2020,54,51,19.81
2020,55,51,6.07
2020,56,51,61.54
2020,57,51,49.31
2020,58,51,7.11
2020,59,51,59.94
2020,1,52,0.03
2020,2,52,1.67
2020,3,52,5.78
2020,4,52,1.82
2020,6,52,0.09
2020,8,52,0.53
2020,9,52,5.24
2020,10,52,24.17
2020,11,52,11.43
2020,12,52,10.84
2020,13,52,0.1
2020,17,52,0.05
2020,18,52,0.2
2020,20,52,17.44
2020,21,52,0.9
2020,22,52,65.61
2020,23,52,0.78
2020,24,52,1.6
2020,25,52,74.86
2020,26,52,0.04
2020,27,52,1.98
2020,29,52,4.55
2020,31,52,0.38
2020,32,52,0.84
2020,33,52,2.21
2020,34,52,1.71
2020,35,52,21.96
2020,36,52,46.78
2020,37,52,4.78
2020,38,52,19.22
2020,39,52,0.16
2020,40,52,69.62
2020,41,52,59.03
2020,42,52,0.12
2020,43,52,7.15
2020,44,52,0.01
2020,45,52,0.79
2020,46,52,0.61
2020,47,52,0.02
2020,48,52,8.03
2020,49,52,0.28
2020,50,52,93.9
2020,51,52,64.45
2020,52,52,420.46
2020,55,52,0.7
2020,56,52,1.99
2020,57,52,5
2020,58,52,0.5
2020,59,52,14.78
2020,1,53,75.91
2020,2,53,1.27
2020,3,53,39.6
2020,4,53,4.04
2020,5,53,5.76
2020,6,53,0.45
2020,7,53,0.01
2020,8,53,0.06
2020,9,53,23.34
2020,11,53,21.18
2020,12,53,134.92
2020,13,53,56.89
2020,14,53,0.08
2020,16,53,2.68
2020,19,53,0.12
2020,20,53,991.82
2020,21,53,17.41
2020,22,53,90.36
2020,23,53,15.66
2020,24,53,93.58
2020,25,53,71.51
2020,26,53,75.82
2020,27,53,20.66
2020,29,53,15.8
2020,31,53,3.83
2020,32,53,14.96
2020,33,53,38.53
2020,34,53,25.27
2020,35,53,105.07
2020,36,53,30.43
2020,37,53,51.64
2020,38,53,50.75
2020,40,53,104.41
2020,41,53,197.78
2020,42,53,0.39
2020,43,53,19.78
2020,44,53,0.01
2020,45,53,20.08
2020,46,53,1.26
2020,47,53,0.09
2020,48,53,164.11
2020,50,53,156.04
2020,51,53,106.35
2020,52,53,39.69
2020,53,53,429.01
2020,54,53,16.55
2020,56,53,1.52
2020,58,53,1.74
2020,59,53,87.08
2020,1,54,26.1
2020,2,54,0.87
2020,3,54,54.58
2020,4,54,3.18
2020,5,54,0.42
2020,6,54,0.13
2020,9,54,3.99
2020,10,54,8.78
2020,11,54,24.8
2020,12,54,40.95
2020,13,54,1.41
2020,16,54,0.6
2020,17,54,0.17
2020,18,54,0.12
2020,19,54,0.07
2020,20,54,121.58
2020,21,54,17.1
2020,22,54,42.55
2020,23,54,13.38
2020,24,54,23.2
2020,25,54,11.96
2020,26,54,11.72
2020,27,54,4.34
2020,29,54,13.65
2020,31,54,1.78
2020,32,54,14.44
2020,33,54,15.65
2020,34,54,46.4
2020,35,54,37.57
2020,36,54,15.54
2020,37,54,15.39
2020,38,54,14.03
2020,40,54,43.5
2020,41,54,149.99
2020,42,54,0.31
2020,43,54,2.95
2020,45,54,6.11
2020,46,54,0.66
2020,47,54,0.44
2020,48,54,42.07
2020,50,54,92.26
2020,51,54,16.23
2020,52,54,19.53
2020,53,54,136.46
2020,54,54,476.07
2020,55,54,9.72
2020,56,54,2.06
2020,57,54,20.88
2020,58,54,4.92
2020,59,54,7.96
2020,1,55,0.34
2020,2,55,0.86
2020,3,55,4.46
2020,4,55,5.45
2020,5,55,0.05
2020,8,55,0.43
2020,9,55,2.81
2020,10,55,27.25
2020,11,55,5.81
2020,12,55,6.76
2020,13,55,1.52
2020,14,55,10.7
2020,15,55,2.85
2020,16,55,0.07
2020,17,55,0.11
2020,18,55,0.02
2020,19,55,0.03
2020,20,55,4.23
2020,21,55,17.19
2020,22,55,37.53
2020,23,55,6.4
2020,24,55,8.98
2020,25,55,21.58
2020,26,55,0.62
2020,27,55,1.11
2020,29,55,2.79
2020,30,55,0.01
2020,31,55,0.6
2020,32,55,14.95
2020,33,55,1.54
2020,34,55,34.85
2020,35,55,66.43
2020,36,55,16.58
2020,37,55,28.87
2020,38,55,8.92
2020,39,55,0.83
2020,40,55,44.47
2020,41,55,49.49
2020,42,55,1.22
2020,43,55,21.32
2020,45,55,14.18
2020,46,55,3.66
2020,47,55,0.17
2020,48,55,16.08
2020,49,55,0.05
2020,50,55,93.45
2020,51,55,1.83
2020,52,55,0.91
2020,53,55,0.34
2020,55,55,230.46
2020,56,55,11.82
2020,57,55,19.1
2020,58,55,2.8
2020,59,55,0.53
2020,1,56,0.15
2020,2,56,1.18
2020,3,56,8.46
2020,4,56,2.62
2020,5,56,0.09
2020,6,56,0.02
2020,8,56,0.01
2020,9,56,1.45
2020,10,56,10.08
2020,11,56,2.68
2020,12,56,2.24
2020,13,56,0.04
2020,14,56,1.9
2020,16,56,0.33
2020,17,56,0.1
2020,18,56,0.18
2020,19,56,0.03
2020,20,56,2.08
2020,21,56,7.5
2020,22,56,18.68
2020,23,56,3.88
2020,24,56,5.52
2020,26,56,0.87
2020,27,56,0.62
2020,29,56,1.44
2020,30,56,0.01
2020,31,56,0.4
2020,32,56,3.12
2020,33,56,1.76
2020,34,56,8.8
2020,35,56,27.54
2020,36,56,4.3
2020,37,56,8.79
2020,38,56,12.55
2020,39,56,0.32
2020,40,56,57.18
2020,41,56,33.62
2020,42,56,0.31
2020,43,56,7.4
2020,44,56,0.01
2020,45,56,7.87
2020,46,56,2.92
2020,47,56,0.09
2020,48,56,2.4
2020,50,56,6.17
2020,51,56,1.74
2020,52,56,1.68
2020,53,56,2.3
2020,55,56,23.81
2020,56,56,11.54
2020,57,56,21.35
2020,58,56,1.36
2020,59,56,1.34
2020,1,57,0.05
2020,2,57,0.29
2020,3,57,14.78
2020,4,57,12.66
2020,5,57,0.16
2020,6,57,0.05
2020,8,57,0.59
2020,9,57,6.05
2020,10,57,1.52
2020,11,57,6.11
2020,12,57,12.07
2020,13,57,1.97
2020,14,57,8.9
2020,15,57,0.02
2020,17,57,0.04
2020,19,57,0.03
2020,20,57,3.33
2020,21,57,7.7
2020,22,57,16.94
2020,23,57,5.31
2020,24,57,4.24
2020,25,57,15.33
2020,26,57,0.61
2020,27,57,1.56
2020,29,57,2.11
2020,30,57,0.01
2020,31,57,12.57
2020,32,57,52.41
2020,33,57,0.62
2020,34,57,18.21
2020,35,57,167.38
2020,36,57,31.28
2020,37,57,46.26
2020,38,57,7.56
2020,40,57,3.35
2020,41,57,191.52
2020,42,57,0.24
2020,43,57,7.91
2020,45,57,29.35
2020,46,57,7.21
2020,47,57,0.35
2020,48,57,75.67
2020,50,57,121.79
2020,51,57,4.26
2020,52,57,10.69
2020,53,57,1.94
2020,55,57,21.18
2020,56,57,28.19
2020,57,57,186.83
2020,58,57,0.15
2020,59,57,0.17
2020,1,58,0.21
2020,2,58,0.2
2020,3,58,0.55
2020,4,58,0.04
2020,9,58,0.03
2020,10,58,0.04
2020,11,58,0.09
2020,12,58,0.34
2020,13,58,0.04
2020,14,58,0.02
2020,15,58,0.02
2020,16,58,0.11
2020,17,58,0.05
2020,18,58,0.01
2020,20,58,0.03
2020,21,58,0.19
2020,22,58,1.19
2020,23,58,0.08
2020,24,58,0.08
2020,26,58,0.32
2020,27,58,0.06
2020,29,58,0.19
2020,31,58,0.07
2020,32,58,0.11
2020,34,58,0.38
2020,35,58,1.1
2020,36,58,2.42
2020,37,58,0.78
2020,38,58,0.71
2020,39,58,0.22
2020,40,58,3.04
2020,41,58,2.07
2020,42,58,0.01
2020,43,58,0.87
2020,45,58,0.3
2020,46,58,0.12
2020,48,58,2.26
2020,50,58,2.36
2020,51,58,0.05
2020,52,58,0.25
2020,57,58,0.02
2020,58,58,1.87
2020,59,58,0.01
2020,2,59,0.64
2020,3,59,10.97
2020,4,59,0.44
2020,5,59,1.25
2020,6,59,0.09
2020,7,59,0.01
2020,8,59,0.42
2020,9,59,5.53
2020,10,59,0.68
2020,11,59,37.22
2020,12,59,3.55
2020,13,59,1.5
2020,14,59,5.07
2020,15,59,0.06
2020,16,59,0.91
2020,17,59,0.1
2020,18,59,0.08
2020,19,59,0.02
2020,20,59,2.37
2020,21,59,1.9
2020,22,59,13.66
2020,23,59,1.81
2020,24,59,12.91
2020,26,59,6.48
2020,27,59,1.9
2020,29,59,3.15
2020,30,59,0.01
2020,31,59,2.68
2020,32,59,5.44
2020,33,59,0.35
2020,34,59,4.37
2020,35,59,43.78
2020,36,59,13.35
2020,37,59,5.77
2020,38,59,7.48
2020,39,59,3.3
2020,40,59,29.11
2020,41,59,58.2
2020,42,59,0.65
2020,43,59,0.46
2020,44,59,0.01
2020,45,59,0.64
2020,46,59,14.99
2020,47,59,0.15
2020,48,59,0.46
2020,50,59,10.33
2020,51,59,1.44
2020,52,59,2.84
2020,53,59,4.98
2020,55,59,1.15
2020,56,59,0.9
2020,57,59,1.05
2020,58,59,1.06
2020,59,59,121.47
2021,1,1,1759.81
2021,2,1,36.7
2021,3,1,612.53
2021,4,1,0.34
2021,5,1,0.04
2021,6,1,0.03
2021,8,1,0.11
2021,9,1,1.11
2021,10,1,1.03
2021,11,1,146.94
2021,12,1,2.26
2021,13,1,2.23
2021,14,1,0.01
2021,16,1,1.8
2021,17,1,0.03
2021,18,1,4.41
2021,19,1,0.07
2021,20,1,1.11
2021,21,1,51.1
2021,22,1,130.23
2021,23,1,1.42
2021,24,1,8.77
2021,25,1,178.82
2021,26,1,28.87
2021,27,1,182.3
2021,28,1,0.18
2021,29,1,11.6
2021,30,1,7.54
2021,31,1,11.18
2021,32,1,4.6
2021,33,1,0.17
2021,34,1,0.76
2021,35,1,4.16
2021,36,1,23.16
2021,37,1,43.48
2021,38,1,56.89
2021,39,1,0.94
2021,40,1,5.47
2021,41,1,13.89
2021,42,1,0.1
2021,43,1,3.2
2021,44,1,0.29
2021,45,1,1.25
2021,46,1,188.42
2021,47,1,5.4
2021,48,1,26.72
2021,49,1,0.26
2021,50,1,0.52
2021,51,1,1.79
2021,52,1,0.02
2021,53,1,0.06
2021,55,1,0.87
2021,56,1,0.2
2021,57,1,11.89
2021,58,1,0.95
2021,59,1,6.91
2021,60,1,18.4
2021,1,2,0.96
2021,2,2,28.56
2021,3,2,1.02
2021,8,2,0.08
2021,9,2,0.05
2021,10,2,0.06
2021,11,2,7.27
2021,12,2,1.19
2021,13,2,0.12
2021,14,2,11.76
2021,15,2,0.29
2021,16,2,4.16
2021,17,2,0.18
2021,18,2,1.01
2021,19,2,0.03
2021,20,2,1.06
2021,21,2,9.78
2021,22,2,66.07
2021,23,2,1.18
2021,24,2,2.91
2021,25,2,12.67
2021,26,2,3.25
2021,27,2,11.24
2021,28,2,0.01
2021,29,2,8.64
2021,30,2,2.97
2021,31,2,2.32
2021,32,2,0.68
2021,33,2,0.47
2021,34,2,1.57
2021,35,2,5.45
2021,36,2,2.17
2021,37,2,35.38
2021,38,2,1.36
2021,39,2,1.9
2021,40,2,0.34
2021,41,2,2.86
2021,42,2,0.41
2021,43,2,3.02
2021,44,2,1.33
2021,45,2,1.77
2021,46,2,0.04
2021,47,2,3.57
2021,48,2,1.63
2021,49,2,0.4
2021,50,2,0.72
2021,51,2,0.02
2021,53,2,0.08
2021,55,2,0.19
2021,56,2,0.26
2021,57,2,0.3
2021,58,2,0.04
2021,59,2,0.22
2021,1,3,4902.4
2021,2,3,6.62
2021,3,3,1283.68
2021,4,3,2.48
2021,6,3,0.01
2021,8,3,0.89
2021,9,3,36.61
2021,10,3,3.15
2021,11,3,47.64
2021,12,3,19.41
2021,13,3,15.31
2021,14,3,0.17
2021,15,3,1.12
2021,16,3,11.46
2021,17,3,0.31
2021,18,3,0.2
2021,20,3,1.82
2021,21,3,6.13
2021,22,3,166.99
2021,23,3,7.89
2021,24,3,37.43
2021,25,3,353.93
2021,26,3,59.59
2021,27,3,1007.45
2021,28,3,18.47
2021,29,3,35.96
2021,30,3,12.29
2021,31,3,21.4
2021,32,3,26.22
2021,33,3,0.19
2021,34,3,8.33
2021,35,3,28.1
2021,36,3,21
2021,37,3,66.67
2021,38,3,21.08
2021,39,3,5.98
2021,40,3,2.43
2021,41,3,42.58
2021,42,3,113.09
2021,43,3,64.25
2021,44,3,53.2
2021,45,3,238.8
2021,46,3,30.97
2021,47,3,60.72
2021,48,3,10.89
2021,49,3,0.2
2021,50,3,5.57
2021,51,3,6.72
2021,53,3,20.94
2021,55,3,1.96
2021,56,3,0.95
2021,57,3,1.84
2021,58,3,0.36
2021,59,3,1.07
2021,1,4,616.26
2021,2,4,2.09
2021,3,4,91.71
2021,4,4,149.62
2021,8,4,0.02
2021,9,4,5.46
2021,10,4,0.28
2021,11,4,10.73
2021,12,4,0.32
2021,13,4,5.99
2021,14,4,6.01
2021,15,4,0.6
2021,16,4,8.77
2021,17,4,0.08
2021,18,4,0.14
2021,20,4,1.84
2021,21,4,10.43
2021,22,4,49.05
2021,23,4,3.97
2021,24,4,17.33
2021,25,4,16.35
2021,26,4,3.25
2021,27,4,73.17
2021,28,4,7.12
2021,29,4,49.21
2021,30,4,2.03
2021,31,4,24.77
2021,32,4,14.39
2021,33,4,1.91
2021,34,4,7.77
2021,35,4,21.53
2021,36,4,12.79
2021,37,4,2.33
2021,38,4,6.77
2021,39,4,4.27
2021,40,4,4.23
2021,41,4,19.05
2021,42,4,4.08
2021,43,4,4.58
2021,44,4,2.42
2021,45,4,48.86
2021,46,4,2.58
2021,47,4,7.37
2021,48,4,11.76
2021,49,4,2.19
2021,50,4,3.28
2021,51,4,5.15
2021,52,4,0.01
2021,53,4,0.73
2021,55,4,1.25
2021,56,4,1.48
2021,57,4,1.76
2021,58,4,0.23
2021,59,4,1.25
2021,1,5,0.2
2021,2,5,0.06
2021,3,5,0.09
2021,5,5,1.42
2021,8,5,0.01
2021,9,5,0.03
2021,10,5,0.02
2021,11,5,2.42
2021,12,5,0.03
2021,13,5,0.11
2021,14,5,0.02
2021,15,5,0.01
2021,16,5,0.17
2021,18,5,0.03
2021,20,5,0.06
2021,21,5,0.93
2021,22,5,12.43
2021,23,5,0.14
2021,24,5,0.38
2021,25,5,1.01
2021,26,5,0.24
2021,27,5,2.09
2021,28,5,1.27
2021,29,5,0.93
2021,30,5,0.02
2021,31,5,0.53
2021,32,5,0.54
2021,33,5,0.15
2021,34,5,0.42
2021,35,5,1.05
2021,36,5,0.43
2021,37,5,0.15
2021,38,5,0.47
2021,39,5,0.17
2021,40,5,0.28
2021,41,5,1.78
2021,42,5,0.07
2021,43,5,0.54
2021,44,5,0.89
2021,45,5,0.26
2021,46,5,0.03
2021,47,5,0.84
2021,48,5,0.35
2021,49,5,0.13
2021,50,5,0.16
2021,51,5,0.2
2021,52,5,0.18
2021,55,5,0.07
2021,56,5,0.09
2021,57,5,0.1
2021,58,5,0.01
2021,59,5,0.07
2021,2,6,0.01
2021,5,6,0.54
2021,6,6,0.01
2021,9,6,0.08
2021,11,6,0.14
2021,12,6,0.02
2021,15,6,0.01
2021,16,6,0.04
2021,20,6,0.02
2021,21,6,0.23
2021,22,6,0.93
2021,23,6,0.04
2021,24,6,0.06
2021,25,6,0.24
2021,26,6,0.06
2021,27,6,0.64
2021,29,6,0.17
2021,31,6,0.49
2021,32,6,0.28
2021,33,6,0.05
2021,34,6,0.2
2021,35,6,0.47
2021,36,6,0.16
2021,37,6,0.06
2021,38,6,0.1
2021,39,6,0.07
2021,40,6,0.06
2021,41,6,0.74
2021,42,6,0.02
2021,43,6,0.1
2021,44,6,0.31
2021,45,6,0.29
2021,46,6,0.02
2021,47,6,0.36
2021,48,6,0.08
2021,49,6,0.04
2021,50,6,0.07
2021,51,6,0.04
2021,52,6,0.06
2021,55,6,0.02
2021,56,6,0.03
2021,57,6,0.03
2021,59,6,0.02
2021,1,7,0.27
2021,2,7,0.02
2021,3,7,0.14
2021,5,7,0.04
2021,7,7,0.06
2021,9,7,0.03
2021,11,7,0.21
2021,12,7,0.03
2021,13,7,0.01
2021,16,7,0.15
2021,20,7,0.01
2021,21,7,0.01
2021,22,7,1.77
2021,23,7,0.18
2021,24,7,0.24
2021,25,7,0.99
2021,26,7,0.23
2021,27,7,0.46
2021,29,7,0.22
2021,30,7,0.01
2021,31,7,0.03
2021,32,7,0.42
2021,33,7,0.02
2021,34,7,0.08
2021,35,7,0.14
2021,36,7,0.05
2021,37,7,0.04
2021,38,7,0.03
2021,39,7,0.02
2021,40,7,0.14
2021,41,7,0.23
2021,42,7,0.05
2021,43,7,0.08
2021,44,7,0.25
2021,45,7,0.18
2021,46,7,0.07
2021,47,7,0.24
2021,48,7,0.07
2021,49,7,0.02
2021,50,7,0.03
2021,51,7,0.13
2021,53,7,0.01
2021,55,7,0.01
2021,56,7,0.01
2021,57,7,0.01
2021,59,7,0.01
2021,1,8,132.62
2021,2,8,0.25
2021,3,8,0.14
2021,5,8,0.04
2021,8,8,16.27
2021,9,8,3.28
2021,10,8,0.34
2021,11,8,46
2021,12,8,0.36
2021,13,8,0.95
2021,14,8,0.65
2021,15,8,0.83
2021,16,8,7.82
2021,17,8,0.02
2021,18,8,0.5
2021,20,8,2.05
2021,21,8,2.33
2021,22,8,77.64
2021,23,8,1.29
2021,24,8,6.12
2021,25,8,12.03
2021,26,8,2.85
2021,27,8,14.81
2021,28,8,9.01
2021,29,8,36.13
2021,30,8,1.12
2021,31,8,0.62
2021,32,8,9.48
2021,33,8,0.48
2021,34,8,1.53
2021,35,8,3.47
2021,36,8,2.45
2021,37,8,6.55
2021,38,8,3.28
2021,39,8,1.57
2021,40,8,2.62
2021,41,8,6.72
2021,42,8,0.23
2021,43,8,1.65
2021,44,8,2.85
2021,45,8,2.08
2021,46,8,0.02
2021,47,8,4.96
2021,48,8,2.19
2021,49,8,0.74
2021,50,8,1.22
2021,51,8,0.88
2021,55,8,0.41
2021,56,8,0.49
2021,57,8,0.58
2021,58,8,0.08
2021,59,8,0.41
2021,1,9,3.15
2021,2,9,0.1
2021,3,9,0.11
2021,4,9,0.02
2021,9,9,25.9
2021,10,9,0.35
2021,11,9,7.75
2021,12,9,0.76
2021,13,9,1.38
2021,15,9,0.06
2021,16,9,1.19
2021,17,9,0.01
2021,18,9,0.08
2021,20,9,0.08
2021,21,9,1.13
2021,22,9,8.36
2021,23,9,0.15
2021,24,9,0.79
2021,25,9,7.9
2021,26,9,1.04
2021,27,9,12.27
2021,28,9,0.34
2021,29,9,2.1
2021,30,9,0.02
2021,31,9,1.19
2021,32,9,0.6
2021,34,9,0.32
2021,35,9,4.84
2021,36,9,0.67
2021,37,9,0.37
2021,38,9,0.69
2021,39,9,0.19
2021,40,9,0.19
2021,41,9,1.97
2021,42,9,4.95
2021,43,9,0.33
2021,44,9,2.23
2021,45,9,1.78
2021,46,9,0.83
2021,47,9,0.09
2021,48,9,0.33
2021,49,9,0.07
2021,50,9,0.13
2021,51,9,0.36
2021,53,9,0.93
2021,55,9,0.07
2021,56,9,0.02
2021,57,9,0.01
2021,58,9,0.01
2021,59,9,0.02
2021,2,10,0.09
2021,3,10,0.1
2021,5,10,0.02
2021,9,10,12.37
2021,10,10,93.45
2021,11,10,8.89
2021,12,10,1.77
2021,13,10,1.27
2021,14,10,0.27
2021,15,10,0.05
2021,16,10,3.23
2021,18,10,0.09
2021,20,10,0.46
2021,21,10,0.74
2021,22,10,11.8
2021,23,10,2.42
2021,24,10,1.36
2021,25,10,4.5
2021,26,10,1.16
2021,27,10,7.13
2021,29,10,2.44
2021,30,10,0.12
2021,31,10,0.34
2021,32,10,1.33
2021,33,10,0.16
2021,34,10,0.39
2021,35,10,11.23
2021,36,10,1.08
2021,37,10,0.6
2021,38,10,0.66
2021,39,10,0.3
2021,40,10,0.45
2021,41,10,1.04
2021,42,10,0.04
2021,43,10,0.24
2021,44,10,5.9
2021,45,10,2.1
2021,47,10,6.46
2021,48,10,1.65
2021,49,10,0.14
2021,50,10,0.38
2021,51,10,0.11
2021,55,10,0.08
2021,56,10,0.09
2021,57,10,0.11
2021,58,10,0.01
2021,59,10,0.08
2021,1,11,65.78
2021,2,11,166.91
2021,3,11,52.55
2021,4,11,14.43
2021,5,11,3.03
2021,6,11,0.59
2021,7,11,0.8
2021,8,11,0.2
2021,9,11,1.96
2021,10,11,62.94
2021,11,11,268.68
2021,12,11,51.09
2021,13,11,1.53
2021,14,11,69.26
2021,15,11,8.46
2021,16,11,38.6
2021,17,11,1.79
2021,18,11,0.42
2021,19,11,0.07
2021,20,11,23.89
2021,21,11,82.23
2021,22,11,549.3
2021,23,11,14.47
2021,24,11,138.78
2021,25,11,37.68
2021,26,11,7.74
2021,27,11,47.9
2021,28,11,2.08
2021,29,11,305.26
2021,30,11,16.81
2021,31,11,158.46
2021,32,11,175.97
2021,33,11,15.83
2021,34,11,25.82
2021,35,11,112.27
2021,36,11,104.86
2021,37,11,12.59
2021,38,11,183.63
2021,39,11,49.57
2021,40,11,99.63
2021,41,11,84.73
2021,42,11,9.89
2021,43,11,120.1
2021,44,11,15.55
2021,45,11,14.7
2021,46,11,7.97
2021,47,11,187.74
2021,48,11,124.73
2021,49,11,5.94
2021,50,11,12.56
2021,51,11,6.64
2021,52,11,19.34
2021,53,11,0.61
2021,55,11,17.64
2021,56,11,6.47
2021,57,11,11.01
2021,58,11,2.69
2021,59,11,5.75
2021,1,12,62.63
2021,2,12,4.24
2021,3,12,49.8
2021,4,12,1.36
2021,5,12,0.22
2021,6,12,0.04
2021,7,12,0.05
2021,8,12,0.03
2021,9,12,5.59
2021,10,12,4.44
2021,11,12,501.52
2021,12,12,1629.17
2021,13,12,33.04
2021,14,12,18.92
2021,15,12,23.05
2021,16,12,90.28
2021,17,12,13.45
2021,18,12,9.75
2021,19,12,0.53
2021,20,12,54.7
2021,21,12,38.67
2021,22,12,173.64
2021,23,12,10.11
2021,24,12,25.55
2021,25,12,1416.17
2021,26,12,228.39
2021,27,12,1336.82
2021,28,12,55.96
2021,29,12,30.2
2021,30,12,34.39
2021,31,12,115.49
2021,32,12,61.95
2021,33,12,1.27
2021,34,12,10.85
2021,35,12,157.63
2021,36,12,81.05
2021,37,12,75.52
2021,38,12,20.92
2021,39,12,34.41
2021,40,12,11.89
2021,41,12,120.55
2021,42,12,814.98
2021,43,12,80.87
2021,44,12,471.06
2021,45,12,196.63
2021,46,12,140.94
2021,47,12,1449.34
2021,48,12,38.91
2021,49,12,1.16
2021,50,12,33.23
2021,51,12,50.22
2021,52,12,18.17
2021,53,12,137.04
2021,55,12,5.04
2021,56,12,6.16
2021,57,12,5.67
2021,58,12,0.95
2021,59,12,7.98
2021,1,13,0.11
2021,2,13,0.32
2021,3,13,1.11
2021,4,13,0.08
2021,5,13,0.06
2021,8,13,0.01
2021,9,13,3.54
2021,10,13,0.05
2021,11,13,74.5
2021,12,13,0.48
2021,13,13,19.63
2021,14,13,9.91
2021,15,13,4.25
2021,16,13,19.75
2021,17,13,0.03
2021,18,13,0.33
2021,20,13,5.9
2021,21,13,17.62
2021,22,13,50.11
2021,23,13,0.87
2021,24,13,11.46
2021,25,13,34.69
2021,26,13,7.62
2021,27,13,33.27
2021,29,13,12.47
2021,30,13,1.45
2021,31,13,9.23
2021,32,13,2.2
2021,33,13,0.74
2021,34,13,1.64
2021,35,13,5.45
2021,36,13,3.86
2021,37,13,0.39
2021,38,13,3.08
2021,39,13,1.36
2021,40,13,5.23
2021,41,13,9.34
2021,42,13,0.89
2021,43,13,1.9
2021,44,13,10.02
2021,45,13,3
2021,46,13,0.06
2021,47,13,12.08
2021,48,13,8.49
2021,49,13,0.9
2021,50,13,2.37
2021,51,13,0.84
2021,52,13,1.52
2021,53,13,1.09
2021,54,13,0.04
2021,55,13,1.45
2021,56,13,0.58
2021,57,13,0.97
2021,58,13,0.09
2021,59,13,0.49
2021,2,14,47.65
2021,3,14,0.22
2021,5,14,0.05
2021,8,14,0.02
2021,9,14,2.03
2021,10,14,0.21
2021,11,14,45.01
2021,12,14,0.62
2021,13,14,0.39
2021,14,14,156.1
2021,15,14,3.48
2021,16,14,6.76
2021,17,14,0.02
2021,18,14,0.55
2021,19,14,0.01
2021,20,14,2.53
2021,21,14,27.01
2021,22,14,86.76
2021,23,14,1.25
2021,24,14,5.84
2021,25,14,26.51
2021,26,14,7.08
2021,27,14,37.01
2021,28,14,0.03
2021,29,14,40.93
2021,30,14,2.02
2021,31,14,12.59
2021,32,14,6.37
2021,33,14,0.78
2021,34,14,2.44
2021,35,14,4.95
2021,36,14,2.44
2021,37,14,0.92
2021,38,14,3.46
2021,39,14,4.58
2021,40,14,3.65
2021,41,14,19.48
2021,42,14,4.64
2021,43,14,24.18
2021,44,14,8.9
2021,45,14,17.34
2021,46,14,1.98
2021,47,14,19.59
2021,48,14,3.03
2021,49,14,0.65
2021,50,14,8.62
2021,51,14,0.5
2021,52,14,0.35
2021,53,14,0.46
2021,55,14,2.28
2021,56,14,0.42
2021,57,14,0.49
2021,58,14,0.06
2021,59,14,0.51
2021,2,15,20.15
2021,3,15,0.23
2021,9,15,0.45
2021,10,15,0.09
2021,11,15,44.68
2021,12,15,0.2
2021,14,15,3.12
2021,15,15,18.35
2021,16,15,28.71
2021,17,15,0.01
2021,18,15,0.74
2021,20,15,2.6
2021,21,15,11.58
2021,22,15,39.54
2021,23,15,8.7
2021,24,15,80.5
2021,25,15,6.44
2021,26,15,0.68
2021,27,15,24.37
2021,28,15,0.04
2021,29,15,7.59
2021,30,15,0.72
2021,31,15,5.35
2021,32,15,2.78
2021,33,15,0.78
2021,34,15,3.7
2021,35,15,8.44
2021,36,15,2.53
2021,37,15,2.95
2021,38,15,2.53
2021,39,15,5.36
2021,40,15,1.53
2021,41,15,6.68
2021,42,15,1.75
2021,43,15,6.87
2021,44,15,1.38
2021,45,15,4.67
2021,46,15,0.25
2021,47,15,0.99
2021,48,15,20.33
2021,49,15,0.97
2021,50,15,1.56
2021,51,15,1.55
2021,52,15,0.41
2021,53,15,0.23
2021,55,15,1.81
2021,56,15,0.65
2021,57,15,0.88
2021,58,15,0.1
2021,59,15,0.6
2021,2,16,5.2
2021,3,16,0.15
2021,8,16,0.01
2021,9,16,1.27
2021,10,16,0.2
2021,11,16,22.53
2021,12,16,1.07
2021,13,16,0.78
2021,14,16,8.72
2021,15,16,49.97
2021,16,16,108.04
2021,17,16,0.27
2021,18,16,1.9
2021,20,16,4.49
2021,21,16,15.89
2021,22,16,52.16
2021,23,16,0.84
2021,24,16,2.87
2021,25,16,16.54
2021,26,16,1.3
2021,27,16,55.14
2021,29,16,13.97
2021,30,16,1.14
2021,31,16,4.51
2021,32,16,5.34
2021,33,16,0.76
2021,34,16,3
2021,35,16,29.85
2021,36,16,4.33
2021,37,16,0.4
2021,38,16,4.94
2021,39,16,1.36
2021,40,16,6.19
2021,41,16,11.78
2021,42,16,0.75
2021,43,16,14.97
2021,44,16,2.23
2021,45,16,6.35
2021,46,16,0.16
2021,47,16,10.27
2021,48,16,4.16
2021,49,16,0.9
2021,50,16,0.85
2021,51,16,2.58
2021,52,16,0.87
2021,53,16,0.69
2021,55,16,1.07
2021,56,16,0.61
2021,57,16,0.98
2021,58,16,0.09
2021,59,16,0.62
2021,1,17,0.01
2021,2,17,0.01
2021,3,17,1.67
2021,9,17,0.56
2021,10,17,0.02
2021,11,17,1.17
2021,12,17,9.92
2021,13,17,1.68
2021,14,17,4.84
2021,15,17,5.54
2021,16,17,16.01
2021,17,17,4.96
2021,18,17,0.71
2021,19,17,0.02
2021,20,17,13.33
2021,21,17,6.18
2021,22,17,19.07
2021,23,17,0.32
2021,24,17,0.45
2021,25,17,6.22
2021,26,17,6.43
2021,27,17,29.29
2021,28,17,0.06
2021,29,17,1
2021,30,17,0.81
2021,31,17,3.25
2021,32,17,1.2
2021,33,17,0.3
2021,34,17,1
2021,35,17,3.09
2021,36,17,0.33
2021,37,17,0.09
2021,38,17,1.24
2021,39,17,1.02
2021,40,17,0.49
2021,41,17,4
2021,42,17,7.39
2021,43,17,2.92
2021,44,17,1.48
2021,45,17,2.52
2021,46,17,4.51
2021,47,17,4.89
2021,48,17,0.47
2021,49,17,0.27
2021,50,17,0.61
2021,51,17,0.2
2021,52,17,0.25
2021,53,17,0.21
2021,55,17,0.15
2021,56,17,0.18
2021,57,17,0.23
2021,58,17,0.01
2021,59,17,0.15
2021,2,18,0.5
2021,3,18,5.81
2021,8,18,0.01
2021,9,18,0.86
2021,10,18,0.28
2021,11,18,2.26
2021,12,18,6.72
2021,13,18,2.28
2021,14,18,1.22
2021,15,18,17.51
2021,16,18,87.67
2021,17,18,2.15
2021,18,18,7.24
2021,19,18,0.04
2021,20,18,20.89
2021,21,18,28.06
2021,22,18,41.73
2021,23,18,1.2
2021,24,18,5.78
2021,25,18,10.21
2021,26,18,12.16
2021,27,18,81.92
2021,29,18,7.85
2021,30,18,2.36
2021,31,18,11.24
2021,32,18,1.35
2021,33,18,1.57
2021,34,18,4.25
2021,35,18,9.52
2021,36,18,5
2021,37,18,1.24
2021,38,18,5.87
2021,39,18,2.15
2021,40,18,0.56
2021,41,18,15.28
2021,42,18,0.14
2021,43,18,10.71
2021,44,18,9.69
2021,45,18,2.15
2021,46,18,0.14
2021,47,18,6.74
2021,48,18,5.48
2021,49,18,1.6
2021,50,18,4.47
2021,51,18,1.56
2021,55,18,2.96
2021,56,18,1.07
2021,57,18,1.23
2021,58,18,0.16
2021,59,18,0.9
2021,1,19,0.3
2021,2,19,0.06
2021,3,19,0.17
2021,4,19,0.01
2021,5,19,0.06
2021,9,19,0.04
2021,10,19,0.15
2021,11,19,5.75
2021,12,19,2.2
2021,13,19,0.82
2021,14,19,1.6
2021,15,19,8.35
2021,16,19,5.75
2021,17,19,0.42
2021,18,19,0.33
2021,19,19,0.32
2021,20,19,4.01
2021,21,19,3.19
2021,22,19,7.84
2021,23,19,0.22
2021,24,19,1.21
2021,25,19,1.19
2021,26,19,19.27
2021,27,19,16.32
2021,29,19,1.04
2021,30,19,0.21
2021,31,19,3.56
2021,32,19,0.94
2021,33,19,0.54
2021,34,19,1.41
2021,35,19,3.95
2021,36,19,1.35
2021,37,19,0.3
2021,38,19,1.8
2021,39,19,0.64
2021,40,19,3.51
2021,41,19,3.46
2021,42,19,0.19
2021,43,19,1.72
2021,44,19,0.62
2021,45,19,2.19
2021,46,19,1.72
2021,47,19,0.83
2021,48,19,7.8
2021,49,19,0.58
2021,50,19,1.68
2021,51,19,0.27
2021,52,19,0.08
2021,55,19,0.2
2021,56,19,0.29
2021,57,19,0.35
2021,58,19,0.05
2021,59,19,0.24
2021,1,20,0.36
2021,2,20,3.01
2021,3,20,2.07
2021,4,20,0.18
2021,5,20,3.29
2021,6,20,0.01
2021,7,20,0.01
2021,8,20,78.76
2021,9,20,4.65
2021,10,20,1.5
2021,11,20,41.95
2021,12,20,73
2021,13,20,18.46
2021,14,20,99.41
2021,15,20,69.74
2021,16,20,147.19
2021,17,20,15.8
2021,18,20,0.53
2021,19,20,0.91
2021,20,20,104.97
2021,21,20,43.88
2021,22,20,62.82
2021,23,20,3.03
2021,24,20,14.93
2021,25,20,124.14
2021,26,20,44.96
2021,27,20,369.19
2021,28,20,50.07
2021,29,20,6.08
2021,30,20,1.61
2021,31,20,10.82
2021,32,20,34.05
2021,33,20,0.42
2021,34,20,3.68
2021,35,20,60.73
2021,36,20,11.99
2021,37,20,24.78
2021,38,20,37.18
2021,39,20,22.91
2021,40,20,14.35
2021,41,20,82.35
2021,42,20,57.85
2021,43,20,36.85
2021,44,20,58.62
2021,45,20,71.76
2021,46,20,32.57
2021,47,20,172.75
2021,48,20,35.95
2021,49,20,2.56
2021,50,20,10.15
2021,51,20,9.67
2021,52,20,1.08
2021,53,20,6.5
2021,55,20,6.36
2021,56,20,9.12
2021,57,20,4.44
2021,58,20,1.18
2021,59,20,7.69
2021,1,21,0.05
2021,2,21,0.07
2021,3,21,0.07
2021,4,21,0.01
2021,5,21,0.02
2021,9,21,0.55
2021,10,21,0.22
2021,11,21,5.87
2021,12,21,8.07
2021,13,21,0.67
2021,14,21,0.06
2021,15,21,0.38
2021,16,21,7.59
2021,17,21,2
2021,18,21,1.08
2021,19,21,0.02
2021,20,21,12.73
2021,21,21,55.83
2021,22,21,15.65
2021,23,21,0.43
2021,24,21,0.56
2021,25,21,9.19
2021,26,21,3.58
2021,27,21,17.44
2021,29,21,1.9
2021,30,21,0.24
2021,31,21,2.19
2021,32,21,1.37
2021,33,21,0.69
2021,34,21,1.94
2021,35,21,10.78
2021,36,21,2.94
2021,37,21,5.05
2021,38,21,1.73
2021,39,21,0.88
2021,40,21,1.09
2021,41,21,4.92
2021,42,21,0.08
2021,43,21,4.22
2021,44,21,1.84
2021,45,21,2.86
2021,46,21,0.06
2021,47,21,7.56
2021,48,21,1.37
2021,49,21,0.64
2021,50,21,1.18
2021,51,21,0.24
2021,55,21,1.07
2021,56,21,0.38
2021,57,21,1.51
2021,58,21,0.06
2021,59,21,0.32
2021,1,22,6.78
2021,2,22,77.17
2021,3,22,0.56
2021,8,22,21.24
2021,9,22,0.69
2021,10,22,1.19
2021,11,22,137.05
2021,12,22,3.11
2021,13,22,0.12
2021,15,22,2.49
2021,16,22,16.49
2021,17,22,0.57
2021,18,22,1.68
2021,20,22,2.54
2021,21,22,83.35
2021,22,22,2325.72
2021,23,22,3.27
2021,24,22,17.42
2021,25,22,99.44
2021,26,22,21.82
2021,27,22,9.86
2021,28,22,1.24
2021,29,22,5.39
2021,30,22,0.64
2021,31,22,5.7
2021,32,22,7.15
2021,33,22,10.21
2021,34,22,33.55
2021,35,22,130.2
2021,36,22,44.81
2021,37,22,63.12
2021,38,22,16.75
2021,39,22,25.78
2021,40,22,7.28
2021,41,22,81.27
2021,42,22,9.7
2021,43,22,61.13
2021,44,22,1.86
2021,45,22,4.07
2021,46,22,4.46
2021,47,22,63.35
2021,48,22,15.3
2021,49,22,9.04
2021,50,22,59.45
2021,51,22,1.05
2021,52,22,0.08
2021,53,22,0.04
2021,55,22,3.77
2021,56,22,15.28
2021,57,22,17.93
2021,58,22,2.09
2021,59,22,12.83
2021,1,23,0.08
2021,2,23,0.38
2021,3,23,0.45
2021,8,23,0.29
2021,9,23,0.41
2021,10,23,0.89
2021,11,23,1.87
2021,12,23,0.22
2021,13,23,0.02
2021,14,23,0.29
2021,15,23,0.39
2021,16,23,0.02
2021,18,23,0.07
2021,20,23,0.07
2021,21,23,0.62
2021,22,23,197.9
2021,23,23,0.27
2021,24,23,13.53
2021,25,23,11.5
2021,26,23,2.26
2021,27,23,1.78
2021,28,23,0.37
2021,29,23,0.71
2021,30,23,0.01
2021,31,23,3.46
2021,32,23,2.34
2021,33,23,1.79
2021,34,23,4.37
2021,35,23,9.54
2021,36,23,6
2021,37,23,8.88
2021,38,23,3.06
2021,39,23,2.51
2021,40,23,3.9
2021,41,23,6.51
2021,42,23,0.1
2021,43,23,12.64
2021,44,23,10.3
2021,45,23,1.2
2021,46,23,0.14
2021,47,23,18.91
2021,48,23,1.45
2021,49,23,1.92
2021,50,23,2.29
2021,51,23,3.48
2021,52,23,0.41
2021,53,23,3.03
2021,54,23,0.05
2021,55,23,0.8
2021,56,23,0.91
2021,57,23,1.14
2021,58,23,0.51
2021,59,23,0.77
2021,1,24,0.07
2021,2,24,1.42
2021,3,24,0.74
2021,4,24,0.09
2021,5,24,0.01
2021,6,24,0.02
2021,7,24,0.02
2021,8,24,3.16
2021,9,24,1.86
2021,10,24,6.2
2021,11,24,17.28
2021,12,24,1.66
2021,13,24,1.48
2021,14,24,9.45
2021,15,24,3.63
2021,16,24,15.76
2021,17,24,0.14
2021,18,24,0.28
2021,19,24,0.03
2021,20,24,1.17
2021,21,24,1.87
2021,22,24,162.86
2021,23,24,4.09
2021,24,24,370.22
2021,25,24,36.53
2021,26,24,11.58
2021,27,24,16.66
2021,28,24,0.1
2021,29,24,21.87
2021,30,24,5.49
2021,31,24,26.79
2021,32,24,3.16
2021,33,24,3.86
2021,34,24,6.45
2021,35,24,28.91
2021,36,24,17.27
2021,37,24,0.57
2021,38,24,25.43
2021,39,24,7.68
2021,40,24,18.75
2021,41,24,17.77
2021,42,24,1.02
2021,43,24,13.08
2021,44,24,3.32
2021,45,24,3.99
2021,46,24,4.91
2021,47,24,18.27
2021,48,24,4.88
2021,49,24,2.67
2021,50,24,19.44
2021,51,24,3.07
2021,52,24,4.1
2021,53,24,4.1
2021,55,24,3.25
2021,56,24,12.29
2021,57,24,2.39
2021,58,24,1
2021,59,24,25.43
2021,1,25,67.69
2021,2,25,210.25
2021,3,25,21.79
2021,4,25,0.8
2021,5,25,3.62
2021,6,25,1.45
2021,7,25,0.08
2021,8,25,532.66
2021,9,25,8.05
2021,10,25,0.92
2021,11,25,96.61
2021,12,25,48.22
2021,13,25,34.4
2021,14,25,1341.18
2021,15,25,38.52
2021,16,25,1011.89
2021,17,25,35.18
2021,18,25,29.08
2021,19,25,0.13
2021,20,25,31.15
2021,21,25,63.48
2021,22,25,31.01
2021,23,25,15.16
2021,24,25,68.41
2021,25,25,7066.52
2021,26,25,55.43
2021,27,25,976.4
2021,28,25,0.54
2021,29,25,46.75
2021,30,25,9.76
2021,31,25,2.82
2021,32,25,7.03
2021,33,25,10.09
2021,34,25,2.72
2021,35,25,108.67
2021,36,25,84.43
2021,37,25,332.51
2021,38,25,124.7
2021,39,25,47.97
2021,40,25,76.72
2021,41,25,421.42
2021,42,25,20.63
2021,43,25,1564.15
2021,44,25,1.82
2021,45,25,47.18
2021,46,25,35.35
2021,47,25,71.79
2021,48,25,224.62
2021,49,25,0.63
2021,50,25,419.24
2021,51,25,234.33
2021,52,25,2.01
2021,53,25,0.39
2021,56,25,0.28
2021,57,25,0.16
2021,59,25,0.04
2021,1,26,0.11
2021,2,26,0.14
2021,3,26,1.44
2021,5,26,0.03
2021,7,26,0.05
2021,9,26,0.24
2021,10,26,1.44
2021,11,26,4.65
2021,12,26,0.39
2021,13,26,0.64
2021,14,26,0.92
2021,16,26,1.13
2021,17,26,0.04
2021,18,26,0.12
2021,19,26,0.12
2021,20,26,0.23
2021,21,26,3
2021,22,26,57.17
2021,23,26,0.41
2021,24,26,1
2021,25,26,0.01
2021,26,26,48.75
2021,27,26,11.95
2021,29,26,4.78
2021,30,26,0.27
2021,31,26,6.49
2021,32,26,1.92
2021,33,26,0.16
2021,34,26,0.36
2021,35,26,7.45
2021,36,26,2.94
2021,37,26,5.44
2021,38,26,12.44
2021,39,26,0.3
2021,40,26,55.23
2021,41,26,7.11
2021,42,26,0.99
2021,43,26,9.67
2021,44,26,0.42
2021,45,26,2.46
2021,46,26,24.05
2021,47,26,0.22
2021,48,26,22.5
2021,49,26,0.03
2021,50,26,89.7
2021,51,26,0.19
2021,53,26,0.15
2021,56,26,0.02
2021,57,26,0.01
2021,1,27,497.23
2021,2,27,9.32
2021,3,27,76.15
2021,4,27,9.98
2021,5,27,8.74
2021,6,27,2.13
2021,7,27,2.28
2021,9,27,23.99
2021,10,27,120.99
2021,11,27,72.85
2021,12,27,267.28
2021,13,27,23.82
2021,14,27,38.81
2021,15,27,3.05
2021,16,27,23.09
2021,17,27,2.49
2021,18,27,0.01
2021,19,27,0.1
2021,20,27,17.18
2021,21,27,62.66
2021,22,27,302.62
2021,23,27,14.89
2021,24,27,72.92
2021,25,27,0.35
2021,26,27,134.24
2021,27,27,765.88
2021,29,27,604.48
2021,30,27,78.67
2021,31,27,930.26
2021,32,27,220.89
2021,33,27,9.12
2021,34,27,32.23
2021,35,27,228.19
2021,36,27,282.14
2021,37,27,98.26
2021,38,27,153.36
2021,39,27,105.31
2021,40,27,319.72
2021,41,27,299.98
2021,42,27,107.44
2021,43,27,42.45
2021,44,27,89.09
2021,45,27,207.04
2021,46,27,269.01
2021,47,27,173.03
2021,48,27,394.33
2021,50,27,186.03
2021,51,27,48.32
2021,55,27,0.02
2021,56,27,0.3
2021,57,27,2.49
2021,58,27,4.48
2021,59,27,1.06
2021,1,28,6.42
2021,2,28,0.95
2021,3,28,156.9
2021,4,28,1.6
2021,5,28,0.58
2021,6,28,0.29
2021,7,28,0.06
2021,8,28,0.06
2021,9,28,3.37
2021,10,28,26.3
2021,11,28,28.79
2021,12,28,9.74
2021,13,28,3.59
2021,14,28,11.89
2021,15,28,0.16
2021,16,28,6.3
2021,17,28,1.04
2021,18,28,0.11
2021,19,28,0.02
2021,20,28,1.84
2021,21,28,30.5
2021,22,28,283.85
2021,23,28,7.91
2021,24,28,14.44
2021,25,28,0.02
2021,26,28,31.78
2021,27,28,118.55
2021,28,28,206.63
2021,29,28,68.32
2021,30,28,0.3
2021,31,28,173
2021,32,28,61.97
2021,33,28,11.33
2021,34,28,36.26
2021,35,28,94.82
2021,36,28,24.06
2021,37,28,96.58
2021,38,28,42.47
2021,39,28,15
2021,40,28,574.18
2021,41,28,235.3
2021,42,28,16.32
2021,43,28,16.21
2021,44,28,1.85
2021,45,28,122.77
2021,46,28,110.28
2021,47,28,3.57
2021,48,28,64.18
2021,49,28,0.28
2021,50,28,65.84
2021,51,28,11.32
2021,53,28,1.88
2021,56,28,0.01
2021,57,28,1.57
2021,58,28,1.82
2021,59,28,2.29
2021,1,29,0.04
2021,2,29,0.42
2021,3,29,12.9
2021,4,29,1.58
2021,5,29,0.01
2021,7,29,0.01
2021,8,29,0.07
2021,9,29,0.94
2021,10,29,0.58
2021,11,29,76.31
2021,12,29,1.53
2021,13,29,3.37
2021,14,29,1.37
2021,15,29,0.17
2021,16,29,1.16
2021,17,29,0.52
2021,18,29,0.06
2021,19,29,0.09
2021,20,29,0.87
2021,21,29,26.65
2021,22,29,81.79
2021,23,29,0.9
2021,24,29,5.96
2021,25,29,0.05
2021,26,29,94.75
2021,27,29,33.1
2021,28,29,6.76
2021,29,29,88.29
2021,30,29,0.62
2021,31,29,164.63
2021,32,29,12.86
2021,33,29,3.12
2021,34,29,5.73
2021,35,29,15.65
2021,36,29,7.72
2021,37,29,35.99
2021,38,29,51.56
2021,39,29,2.42
2021,40,29,46.95
2021,41,29,140
2021,42,29,2.05
2021,43,29,164
2021,44,29,0.57
2021,45,29,1.25
2021,46,29,3.21
2021,47,29,6.58
2021,48,29,42.35
2021,49,29,6.64
2021,50,29,64.26
2021,51,29,179.74
2021,52,29,3.52
2021,53,29,0.41
2021,57,29,0.95
2021,58,29,0.81
2021,59,29,0.7
2021,1,30,1.01
2021,2,30,0.04
2021,3,30,0.72
2021,4,30,0.21
2021,8,30,0.01
2021,9,30,0.01
2021,10,30,0.01
2021,11,30,0.77
2021,12,30,0.13
2021,13,30,0.03
2021,14,30,0.01
2021,16,30,0.18
2021,17,30,0.01
2021,19,30,0.02
2021,20,30,0.39
2021,21,30,8.57
2021,22,30,13.9
2021,23,30,0.19
2021,24,30,0.44
2021,26,30,1.92
2021,27,30,0.56
2021,29,30,0.66
2021,30,30,57.99
2021,31,30,50.99
2021,32,30,0.59
2021,33,30,0.25
2021,34,30,0.38
2021,35,30,4.89
2021,36,30,2.12
2021,37,30,1.33
2021,38,30,1.65
2021,39,30,5.49
2021,40,30,2.45
2021,41,30,82.96
2021,42,30,0.12
2021,43,30,22.3
2021,45,30,1.85
2021,46,30,2
2021,47,30,1.93
2021,48,30,63.09
2021,49,30,22.61
2021,50,30,11.63
2021,51,30,0.7
2021,52,30,0.67
2021,53,30,0.02
2021,57,30,0.03
2021,58,30,0.05
2021,59,30,0.63
2021,1,31,0.03
2021,2,31,0.35
2021,3,31,5.62
2021,4,31,2.09
2021,5,31,0.04
2021,6,31,0.01
2021,8,31,0.06
2021,9,31,0.54
2021,10,31,0.43
2021,11,31,278.51
2021,12,31,1.23
2021,13,31,0.65
2021,14,31,1.72
2021,15,31,0.01
2021,16,31,0.27
2021,17,31,0.13
2021,18,31,0.01
2021,19,31,0.54
2021,20,31,1.02
2021,21,31,50.83
2021,22,31,76.27
2021,23,31,0.46
2021,24,31,20.34
2021,25,31,0.05
2021,26,31,4.89
2021,27,31,87.84
2021,29,31,13.14
2021,30,31,13.66
2021,31,31,515.68
2021,32,31,19.05
2021,33,31,17.05
2021,34,31,23.62
2021,35,31,37.95
2021,36,31,11.23
2021,37,31,42.35
2021,38,31,20.47
2021,39,31,27.65
2021,40,31,28.39
2021,41,31,46.81
2021,42,31,4.3
2021,43,31,32.4
2021,44,31,0.59
2021,45,31,3.89
2021,46,31,29.57
2021,47,31,75.69
2021,48,31,219.8
2021,49,31,14.32
2021,50,31,107.37
2021,51,31,12.57
2021,52,31,6.31
2021,53,31,1.7
2021,55,31,1.76
2021,56,31,0.02
2021,57,31,1.99
2021,58,31,0.98
2021,59,31,10.91
2021,1,32,0.01
2021,2,32,0.08
2021,3,32,4.89
2021,4,32,0.54
2021,5,32,0.02
2021,8,32,0.06
2021,9,32,0.86
2021,10,32,0.16
2021,11,32,4.32
2021,12,32,0.49
2021,13,32,0.14
2021,14,32,0.24
2021,15,32,0.07
2021,16,32,0.12
2021,17,32,0.1
2021,18,32,0.01
2021,19,32,0.01
2021,20,32,0.32
2021,21,32,0.59
2021,22,32,15.59
2021,23,32,0.86
2021,24,32,3.36
2021,26,32,10.79
2021,27,32,2.56
2021,29,32,9.99
2021,30,32,1.6
2021,31,32,25.57
2021,32,32,137.06
2021,33,32,0.16
2021,34,32,1.9
2021,35,32,18.26
2021,36,32,10.45
2021,37,32,3.05
2021,38,32,3.06
2021,39,32,1.51
2021,40,32,23.26
2021,41,32,34.19
2021,42,32,0.53
2021,43,32,5.34
2021,44,32,0.24
2021,45,32,0.8
2021,46,32,9.7
2021,47,32,2.01
2021,48,32,21.6
2021,49,32,1.49
2021,50,32,13.55
2021,51,32,6.6
2021,52,32,2.85
2021,53,32,0.2
2021,55,32,1
2021,56,32,0.2
2021,57,32,0.84
2021,58,32,0.17
2021,59,32,18.89
2021,1,33,1.55
2021,2,33,0.75
2021,3,33,5.89
2021,4,33,43.03
2021,5,33,0.08
2021,8,33,0.23
2021,9,33,0.57
2021,10,33,0.08
2021,11,33,3.81
2021,12,33,0.47
2021,13,33,0.01
2021,14,33,0.62
2021,16,33,0.03
2021,20,33,0.36
2021,21,33,1.33
2021,22,33,89.46
2021,23,33,3.36
2021,24,33,3.24
2021,26,33,0.74
2021,27,33,2.99
2021,29,33,1.4
2021,30,33,0.06
2021,31,33,0.41
2021,32,33,2.73
2021,33,33,6.44
2021,34,33,8.98
2021,35,33,9.22
2021,36,33,3.05
2021,37,33,25.43
2021,38,33,9.3
2021,39,33,0.2
2021,40,33,8.64
2021,41,33,44.83
2021,42,33,0.89
2021,43,33,45.84
2021,44,33,1.13
2021,45,33,0.58
2021,46,33,9.73
2021,47,33,0.63
2021,48,33,19.04
2021,49,33,15.1
2021,50,33,4.67
2021,51,33,0.73
2021,52,33,0.19
2021,53,33,0.26
2021,55,33,6.08
2021,57,33,0.03
2021,58,33,0.09
2021,59,33,0.42
2021,1,34,16.99
2021,2,34,0.58
2021,3,34,166.85
2021,4,34,109.07
2021,5,34,0.05
2021,6,34,0.01
2021,7,34,0.01
2021,8,34,0.03
2021,9,34,0.79
2021,10,34,0.15
2021,11,34,3.93
2021,12,34,0.49
2021,13,34,0.07
2021,14,34,0.91
2021,16,34,0.04
2021,20,34,0.22
2021,21,34,0.66
2021,22,34,173.16
2021,23,34,2.92
2021,24,34,4.42
2021,25,34,0.01
2021,26,34,3.38
2021,27,34,47.69
2021,29,34,2.65
2021,30,34,0.18
2021,31,34,5.27
2021,32,34,6.49
2021,33,34,0.75
2021,34,34,10.72
2021,35,34,13.34
2021,36,34,5
2021,37,34,54.58
2021,38,34,28.43
2021,39,34,0.79
2021,40,34,267.68
2021,41,34,135.8
2021,42,34,1.73
2021,43,34,5.73
2021,44,34,0.01
2021,45,34,4.25
2021,46,34,26.98
2021,47,34,2.57
2021,48,34,49.19
2021,49,34,3.98
2021,50,34,153.94
2021,51,34,1.43
2021,52,34,2.51
2021,53,34,0.38
2021,55,34,0.37
2021,56,34,0.02
2021,57,34,1.17
2021,58,34,0.07
2021,59,34,3.82
2021,1,35,0.41
2021,2,35,0.58
2021,3,35,8.23
2021,4,35,2.68
2021,5,35,0.18
2021,6,35,0.15
2021,7,35,0.05
2021,8,35,4.3
2021,9,35,8.3
2021,10,35,174.5
2021,11,35,164.83
2021,12,35,385.69
2021,13,35,7.4
2021,14,35,6.41
2021,15,35,0.64
2021,16,35,10.08
2021,17,35,9.04
2021,18,35,0.12
2021,19,35,0.02
2021,20,35,4.35
2021,21,35,74.43
2021,22,35,538.84
2021,23,35,1.39
2021,24,35,17.74
2021,26,35,8.44
2021,27,35,6273.57
2021,28,35,0.01
2021,29,35,19.4
2021,30,35,1.34
2021,31,35,117.85
2021,32,35,143.81
2021,33,35,4.55
2021,34,35,62.17
2021,35,35,9380.98
2021,36,35,242.65
2021,37,35,354.27
2021,38,35,27.42
2021,39,35,29.36
2021,40,35,144.19
2021,41,35,671.18
2021,42,35,420.95
2021,43,35,385.81
2021,44,35,287.01
2021,45,35,550.11
2021,46,35,338.32
2021,47,35,7440.42
2021,48,35,216.97
2021,49,35,2.6
2021,50,35,1199.23
2021,51,35,3.11
2021,52,35,6.03
2021,53,35,1.2
2021,55,35,174.69
2021,56,35,3.5
2021,57,35,12.21
2021,58,35,0.85
2021,59,35,6
2021,1,36,0.07
2021,2,36,0.6
2021,3,36,1.59
2021,4,36,0.42
2021,5,36,0.01
2021,9,36,0.65
2021,10,36,4.96
2021,11,36,1.25
2021,12,36,55.23
2021,13,36,1.8
2021,14,36,0.65
2021,15,36,0.16
2021,16,36,0.28
2021,17,36,0.72
2021,18,36,0.04
2021,19,36,0.01
2021,20,36,1.21
2021,21,36,22.32
2021,22,36,112.02
2021,23,36,0.57
2021,24,36,1.09
2021,26,36,4.22
2021,27,36,36.18
2021,29,36,3.11
2021,30,36,0.29
2021,31,36,13.06
2021,32,36,8.61
2021,33,36,0.64
2021,34,36,3.01
2021,35,36,120.47
2021,36,36,498.83
2021,37,36,5.92
2021,38,36,7.24
2021,39,36,6.01
2021,40,36,49.26
2021,41,36,12.08
2021,42,36,25.48
2021,43,36,25.59
2021,44,36,1.84
2021,45,36,7.06
2021,46,36,57.42
2021,47,36,7.06
2021,48,36,46.32
2021,49,36,2.38
2021,50,36,138.1
2021,51,36,1.02
2021,52,36,14.27
2021,53,36,0.12
2021,55,36,0.39
2021,56,36,0.1
2021,57,36,2.66
2021,59,36,1.52
2021,1,37,1.15
2021,2,37,0.46
2021,3,37,0.13
2021,4,37,1.83
2021,6,37,0.03
2021,9,37,13.05
2021,10,37,16.26
2021,11,37,0.39
2021,12,37,5.83
2021,13,37,0.11
2021,14,37,0.01
2021,15,37,0.16
2021,17,37,0.02
2021,18,37,0.04
2021,19,37,0.01
2021,20,37,0.78
2021,21,37,8.13
2021,22,37,86.38
2021,23,37,0.24
2021,24,37,4.32
2021,25,37,45.78
2021,26,37,8.37
2021,27,37,9.95
2021,29,37,32.61
2021,31,37,40.13
2021,32,37,63.19
2021,33,37,7.4
2021,34,37,61.83
2021,35,37,1549.83
2021,36,37,164.93
2021,37,37,249
2021,38,37,13.28
2021,39,37,308.04
2021,40,37,380.92
2021,41,37,1334.04
2021,42,37,22.53
2021,43,37,14.07
2021,45,37,26.05
2021,46,37,0.39
2021,47,37,2.51
2021,48,37,99.36
2021,49,37,0.47
2021,50,37,362.86
2021,51,37,28.74
2021,52,37,88.67
2021,53,37,46.88
2021,55,37,8.52
2021,56,37,23.99
2021,57,37,19.91
2021,58,37,38.5
2021,9,38,2.74
2021,10,38,17.38
2021,11,38,1.3
2021,12,38,0.38
2021,20,38,0.07
2021,21,38,0.39
2021,22,38,9.46
2021,23,38,0.04
2021,24,38,0.74
2021,25,38,29.09
2021,26,38,2.52
2021,27,38,1.17
2021,28,38,0.83
2021,29,38,3.54
2021,31,38,5.01
2021,32,38,25.41
2021,33,38,7.67
2021,34,38,18.72
2021,35,38,101.81
2021,36,38,23.31
2021,37,38,110.31
2021,38,38,1487.16
2021,39,38,2015.69
2021,40,38,83.93
2021,41,38,210.42
2021,42,38,60.73
2021,43,38,0.01
2021,45,38,28.16
2021,46,38,0.91
2021,48,38,22.23
2021,50,38,42.9
2021,51,38,12.12
2021,52,38,29.25
2021,53,38,28.02
2021,56,38,5.49
2021,57,38,8.43
2021,58,38,16.28
2021,1,39,0.11
2021,2,39,0.11
2021,3,39,1.4
2021,4,39,0.53
2021,6,39,0.01
2021,7,39,0.01
2021,8,39,0.45
2021,9,39,1.92
2021,10,39,10.18
2021,11,39,0.66
2021,12,39,0.68
2021,13,39,0.24
2021,14,39,0.05
2021,15,39,0.04
2021,16,39,1.02
2021,17,39,0.08
2021,18,39,0.01
2021,19,39,0.01
2021,20,39,1.78
2021,21,39,1.51
2021,22,39,9.17
2021,24,39,4.12
2021,25,39,6.83
2021,26,39,4.16
2021,27,39,0.68
2021,29,39,2.53
2021,30,39,1.38
2021,31,39,29.47
2021,32,39,175.9
2021,33,39,8.99
2021,34,39,1.77
2021,35,39,180.04
2021,36,39,111.69
2021,37,39,197.26
2021,38,39,29.22
2021,39,39,1995.89
2021,40,39,1.33
2021,41,39,42.38
2021,42,39,1.76
2021,43,39,20.53
2021,45,39,2.55
2021,46,39,75.91
2021,47,39,0.74
2021,48,39,15.35
2021,49,39,17.39
2021,50,39,23.36
2021,51,39,1.38
2021,52,39,4.04
2021,53,39,0.25
2021,55,39,0.6
2021,56,39,0.28
2021,57,39,0.28
2021,58,39,0.63
2021,59,39,0.54
2021,1,40,1.69
2021,2,40,0.47
2021,3,40,8.15
2021,4,40,1.07
2021,5,40,0.19
2021,6,40,0.03
2021,7,40,0.05
2021,8,40,0.01
2021,9,40,3.89
2021,10,40,15.11
2021,11,40,4.37
2021,12,40,5.2
2021,13,40,0.65
2021,14,40,23.93
2021,15,40,0.74
2021,16,40,11.61
2021,17,40,0.61
2021,18,40,0.21
2021,19,40,0.07
2021,20,40,3.22
2021,21,40,2.25
2021,22,40,38.54
2021,23,40,10.75
2021,24,40,20.52
2021,25,40,0.02
2021,26,40,13.28
2021,27,40,22.31
2021,29,40,10.3
2021,31,40,13.88
2021,32,40,13.53
2021,33,40,4.9
2021,34,40,10.92
2021,35,40,144.07
2021,36,40,207.58
2021,37,40,79.79
2021,38,40,63.19
2021,39,40,69.04
2021,40,40,278.62
2021,41,40,229.31
2021,42,40,28.9
2021,43,40,249.21
2021,44,40,2.66
2021,45,40,16.99
2021,46,40,30.58
2021,47,40,13.23
2021,48,40,136.07
2021,49,40,8.3
2021,50,40,108.47
2021,51,40,973.29
2021,52,40,29.83
2021,53,40,0.25
2021,55,40,2.08
2021,56,40,1.9
2021,57,40,0.07
2021,58,40,0.85
2021,59,40,0.71
2021,1,41,0.01
2021,2,41,0.11
2021,3,41,1.99
2021,4,41,1.11
2021,5,41,0.02
2021,6,41,0.01
2021,9,41,5.13
2021,10,41,20.3
2021,11,41,0.35
2021,12,41,1.69
2021,13,41,0.21
2021,15,41,0.01
2021,16,41,0.02
2021,17,41,0.07
2021,18,41,0.02
2021,20,41,2.25
2021,21,41,1.25
2021,22,41,30.34
2021,23,41,5.99
2021,24,41,7.44
2021,26,41,6.05
2021,27,41,2.76
2021,29,41,12.35
2021,31,41,29.77
2021,32,41,60.21
2021,33,41,15.34
2021,34,41,8.76
2021,35,41,127.59
2021,36,41,63.43
2021,37,41,4.07
2021,38,41,107.33
2021,39,41,44.1
2021,40,41,129.62
2021,41,41,197.85
2021,42,41,15.89
2021,43,41,5.88
2021,44,41,21.85
2021,45,41,3.57
2021,46,41,11.1
2021,47,41,2.59
2021,48,41,26.88
2021,49,41,2.41
2021,50,41,20.66
2021,51,41,2.06
2021,52,41,44.96
2021,53,41,0.58
2021,55,41,1.98
2021,56,41,0.89
2021,57,41,2.23
2021,58,41,0.86
2021,59,41,3.65
2021,2,42,0.05
2021,3,42,8.07
2021,4,42,5.42
2021,9,42,0.68
2021,10,42,1.96
2021,11,42,2.67
2021,12,42,0.14
2021,13,42,0.04
2021,16,42,0.01
2021,17,42,0.07
2021,20,42,0.1
2021,21,42,3.79
2021,22,42,13.55
2021,23,42,1.36
2021,24,42,0.82
2021,25,42,0.01
2021,26,42,0.45
2021,27,42,674.71
2021,29,42,1.35
2021,30,42,0.89
2021,31,42,50.98
2021,32,42,24.72
2021,33,42,12.89
2021,34,42,5.84
2021,35,42,325.26
2021,36,42,172.33
2021,37,42,139.55
2021,38,42,15.39
2021,39,42,61.23
2021,40,42,41.64
2021,41,42,612.07
2021,42,42,149.99
2021,43,42,329.73
2021,44,42,39.06
2021,45,42,53.35
2021,46,42,84.09
2021,47,42,63.38
2021,48,42,13.77
2021,49,42,8.05
2021,50,42,1440.7
2021,51,42,26.72
2021,52,42,22.99
2021,53,42,0.23
2021,55,42,0.83
2021,56,42,0.26
2021,57,42,0.33
2021,58,42,0.28
2021,59,42,2.44
2021,2,43,0.05
2021,3,43,0.82
2021,4,43,0.02
2021,8,43,0.01
2021,9,43,0.97
2021,10,43,0.09
2021,11,43,7.01
2021,12,43,10.02
2021,13,43,0.03
2021,15,43,0.72
2021,16,43,1.87
2021,17,43,0.5
2021,18,43,0.09
2021,20,43,0.69
2021,21,43,2.07
2021,22,43,36.91
2021,23,43,1.09
2021,24,43,1.86
2021,25,43,11.06
2021,26,43,0.49
2021,27,43,1.7
2021,29,43,5.02
2021,31,43,4.62
2021,32,43,5.31
2021,33,43,2.63
2021,34,43,1.54
2021,35,43,22.49
2021,36,43,9.11
2021,37,43,9.21
2021,38,43,22.51
2021,39,43,28.83
2021,40,43,64.32
2021,41,43,39.2
2021,42,43,3.58
2021,43,43,205.35
2021,44,43,4.75
2021,45,43,0.02
2021,46,43,2.54
2021,47,43,3.87
2021,48,43,25.42
2021,50,43,35.87
2021,51,43,122.37
2021,52,43,12.89
2021,53,43,0.08
2021,55,43,0.18
2021,56,43,0.13
2021,57,43,0.9
2021,58,43,0.65
2021,59,43,2.12
2021,1,44,0.47
2021,2,44,1.02
2021,3,44,0.7
2021,4,44,0.4
2021,5,44,0.03
2021,7,44,0.01
2021,9,44,4.64
2021,10,44,0.16
2021,11,44,14.83
2021,12,44,1.78
2021,13,44,1.11
2021,14,44,0.01
2021,15,44,0.02
2021,16,44,0.02
2021,17,44,0.52
2021,20,44,1.69
2021,21,44,9.06
2021,22,44,105.66
2021,23,44,1.89
2021,24,44,4.25
2021,25,44,0.06
2021,26,44,4.83
2021,27,44,485.69
2021,29,44,6.72
2021,30,44,0.01
2021,31,44,2.93
2021,32,44,5.54
2021,33,44,0.46
2021,34,44,3.92
2021,35,44,38.69
2021,36,44,8.67
2021,37,44,20.18
2021,38,44,17.54
2021,39,44,10.21
2021,40,44,101.07
2021,41,44,100.77
2021,42,44,8.96
2021,43,44,32.25
2021,44,44,63.4
2021,45,44,5.99
2021,46,44,45.19
2021,47,44,50.98
2021,48,44,82.16
2021,50,44,192.6
2021,51,44,2.45
2021,52,44,28.28
2021,53,44,0.24
2021,56,44,1.76
2021,57,44,0.33
2021,58,44,0.32
2021,59,44,0.44
2021,3,45,1.62
2021,4,45,0.9
2021,5,45,0.01
2021,9,45,3.34
2021,10,45,0.85
2021,11,45,1.26
2021,12,45,1.02
2021,13,45,0.06
2021,14,45,0.04
2021,15,45,0.02
2021,16,45,0.24
2021,17,45,0.04
2021,18,45,0.04
2021,20,45,1.53
2021,21,45,1.55
2021,22,45,7.54
2021,23,45,1.92
2021,24,45,3.74
2021,26,45,2.06
2021,27,45,5.2
2021,29,45,3.66
2021,30,45,0.17
2021,31,45,17.44
2021,32,45,10.15
2021,33,45,12.14
2021,34,45,8.37
2021,35,45,39.6
2021,36,45,28.87
2021,37,45,13.57
2021,38,45,3.07
2021,39,45,2.36
2021,40,45,24.48
2021,41,45,1.91
2021,42,45,0.59
2021,43,45,8.04
2021,44,45,1.4
2021,45,45,10.42
2021,46,45,27.94
2021,47,45,2.6
2021,48,45,14.19
2021,50,45,0.06
2021,51,45,0.17
2021,52,45,20.16
2021,53,45,0.13
2021,55,45,1.39
2021,56,45,0.47
2021,57,45,6.19
2021,58,45,0.16
2021,59,45,19.51
2021,1,46,0.01
2021,2,46,0.01
2021,3,46,13.48
2021,4,46,4.96
2021,5,46,2.53
2021,6,46,0.03
2021,7,46,0.03
2021,9,46,13.47
2021,10,46,6.85
2021,11,46,5.38
2021,12,46,22.3
2021,13,46,0.45
2021,14,46,0.89
2021,16,46,0.42
2021,17,46,0.31
2021,18,46,0.24
2021,19,46,0.02
2021,20,46,5.25
2021,21,46,22.67
2021,22,46,47.36
2021,23,46,6.24
2021,24,46,17.38
2021,26,46,12.58
2021,27,46,12.57
2021,29,46,34.89
2021,30,46,1.62
2021,31,46,39.52
2021,32,46,36.16
2021,33,46,47.01
2021,34,46,36.62
2021,35,46,159.51
2021,36,46,72.05
2021,37,46,25.5
2021,38,46,27.09
2021,39,46,43.88
2021,40,46,154.58
2021,41,46,103.74
2021,42,46,8.31
2021,43,46,338.93
2021,44,46,5.01
2021,45,46,6.42
2021,46,46,66.04
2021,47,46,5.13
2021,48,46,121.97
2021,50,46,28.15
2021,51,46,13.98
2021,52,46,78.04
2021,53,46,20.09
2021,55,46,1.08
2021,56,46,3.34
2021,57,46,52.74
2021,58,46,1.44
2021,59,46,12.67
2021,1,47,0.02
2021,2,47,0.03
2021,3,47,0.64
2021,5,47,0.02
2021,6,47,0.04
2021,7,47,0.01
2021,8,47,0.01
2021,9,47,0.82
2021,10,47,0.13
2021,11,47,2.08
2021,12,47,9.97
2021,13,47,0.62
2021,15,47,0.03
2021,16,47,0.63
2021,17,47,3.72
2021,18,47,2.12
2021,19,47,2.91
2021,20,47,1.7
2021,21,47,54.08
2021,22,47,30.24
2021,23,47,3.93
2021,24,47,15.9
2021,26,47,174.55
2021,27,47,73.71
2021,29,47,20.42
2021,30,47,11.8
2021,31,47,50.68
2021,32,47,38.03
2021,33,47,0.19
2021,34,47,1.66
2021,35,47,78.56
2021,36,47,25.43
2021,37,47,1106.83
2021,38,47,69.29
2021,39,47,188.53
2021,40,47,229.03
2021,41,47,436.78
2021,42,47,2.31
2021,43,47,549.7
2021,44,47,0.55
2021,45,47,33.05
2021,46,47,29.85
2021,47,47,8.2
2021,48,47,23.63
2021,50,47,521.82
2021,51,47,2.05
2021,52,47,1.43
2021,53,47,1.58
2021,56,47,1.46
2021,57,47,0.94
2021,58,47,0.94
2021,59,47,24.5
2021,1,48,0.04
2021,2,48,0.24
2021,3,48,4.52
2021,4,48,0.92
2021,5,48,0.02
2021,6,48,0.01
2021,9,48,1.11
2021,10,48,1.13
2021,11,48,0.8
2021,12,48,4.38
2021,13,48,0.1
2021,14,48,0.12
2021,15,48,0.01
2021,16,48,0.22
2021,17,48,0.03
2021,18,48,0.01
2021,19,48,0.01
2021,20,48,0.6
2021,21,48,0.63
2021,22,48,6.89
2021,23,48,0.79
2021,24,48,1.5
2021,26,48,7.2
2021,27,48,2.37
2021,29,48,2.98
2021,30,48,0.43
2021,31,48,12.96
2021,32,48,4.64
2021,33,48,3.15
2021,34,48,1.6
2021,35,48,15.23
2021,36,48,7.51
2021,37,48,7.46
2021,38,48,2.24
2021,39,48,14.78
2021,40,48,37.02
2021,41,48,3.94
2021,42,48,13.61
2021,43,48,32.13
2021,44,48,0.26
2021,45,48,59.02
2021,46,48,17.19
2021,47,48,8.38
2021,48,48,35.51
2021,49,48,2.71
2021,50,48,2.96
2021,51,48,8.73
2021,52,48,36.23
2021,53,48,4.97
2021,55,48,1.56
2021,56,48,0.56
2021,57,48,14
2021,58,48,0.73
2021,59,48,16.84
2021,2,49,0.14
2021,3,49,0.19
2021,4,49,0.05
2021,9,49,0.13
2021,10,49,1.83
2021,11,49,0.02
2021,12,49,0.09
2021,13,49,0.03
2021,14,49,0.01
2021,20,49,0.02
2021,21,49,0.3
2021,22,49,5.07
2021,23,49,0.06
2021,24,49,0.14
2021,26,49,0.83
2021,27,49,0.13
2021,29,49,1.59
2021,30,49,4.52
2021,31,49,10.85
2021,32,49,0.7
2021,33,49,14.01
2021,34,49,0.47
2021,35,49,1.61
2021,36,49,1.42
2021,37,49,1.32
2021,38,49,2.68
2021,39,49,0.05
2021,40,49,6.94
2021,41,49,4.85
2021,42,49,1.12
2021,43,49,2.98
2021,44,49,0.42
2021,45,49,1.69
2021,46,49,17.64
2021,47,49,0.09
2021,48,49,3.92
2021,49,49,31.77
2021,50,49,2.83
2021,51,49,0.03
2021,52,49,2.51
2021,53,49,0.01
2021,56,49,2.18
2021,57,49,0.12
2021,58,49,0.02
2021,59,49,0.03
2021,1,50,0.01
2021,2,50,1.99
2021,3,50,9.78
2021,4,50,0.96
2021,5,50,0.1
2021,6,50,0.04
2021,7,50,0.02
2021,8,50,0.01
2021,9,50,5.38
2021,10,50,4.01
2021,11,50,13.04
2021,12,50,40.17
2021,13,50,2.12
2021,14,50,1.41
2021,15,50,0.12
2021,16,50,7.93
2021,17,50,1.3
2021,18,50,0.72
2021,19,50,0.03
2021,20,50,2.31
2021,21,50,7.01
2021,22,50,94.6
2021,23,50,5.35
2021,24,50,23.15
2021,25,50,0.01
2021,26,50,11.17
2021,27,50,26.04
2021,28,50,3.31
2021,29,50,5.9
2021,30,50,0.82
2021,31,50,30.13
2021,32,50,12.47
2021,33,50,3.11
2021,34,50,16.49
2021,35,50,200.16
2021,36,50,24.99
2021,37,50,5.3
2021,38,50,21.6
2021,39,50,30.29
2021,40,50,80.12
2021,41,50,43.35
2021,42,50,28.3
2021,43,50,69.55
2021,44,50,4.68
2021,45,50,4.88
2021,46,50,166.24
2021,47,50,3.73
2021,48,50,151.46
2021,50,50,755.98
2021,51,50,11.68
2021,52,50,11.48
2021,53,50,1.03
2021,55,50,7.28
2021,56,50,1.62
2021,57,50,11.47
2021,58,50,0.62
2021,59,50,2.34
2021,1,51,8.33
2021,2,51,2.26
2021,3,51,0.58
2021,4,51,1.88
2021,5,51,1.29
2021,6,51,1.07
2021,7,51,0.12
2021,8,51,0.36
2021,9,51,9.66
2021,10,51,74.48
2021,11,51,28.77
2021,12,51,15.4
2021,13,51,3.57
2021,14,51,0.57
2021,15,51,7.5
2021,16,51,0.32
2021,17,51,0.66
2021,18,51,0.03
2021,19,51,0.24
2021,20,51,7.62
2021,21,51,37.75
2021,22,51,126.7
2021,23,51,229.12
2021,24,51,11.85
2021,25,51,86.22
2021,26,51,25.78
2021,27,51,47.1
2021,29,51,12.83
2021,30,51,0.58
2021,31,51,7.86
2021,32,51,2.08
2021,33,51,1.43
2021,34,51,48.35
2021,35,51,55.99
2021,36,51,251.54
2021,37,51,36.43
2021,38,51,53.24
2021,40,51,120.91
2021,41,51,12.82
2021,42,51,7.4
2021,43,51,12.36
2021,45,51,1.73
2021,46,51,176.13
2021,47,51,22.55
2021,50,51,4.13
2021,51,51,130.54
2021,52,51,257.25
2021,53,51,19.57
2021,54,51,19.99
2021,55,51,3.67
2021,56,51,68.62
2021,57,51,53.52
2021,58,51,7.48
2021,59,51,55.25
2021,1,52,0.11
2021,2,52,0.95
2021,3,52,5.07
2021,4,52,1.8
2021,6,52,0.06
2021,8,52,0.49
2021,9,52,4.65
2021,10,52,30.38
2021,11,52,3.5
2021,12,52,9.1
2021,13,52,0.05
2021,14,52,0.01
2021,17,52,0.12
2021,18,52,0.14
2021,20,52,8.48
2021,21,52,0.71
2021,22,52,71.41
2021,23,52,0.87
2021,24,52,1.52
2021,25,52,92.87
2021,26,52,0.05
2021,27,52,10.3
2021,29,52,6.05
2021,30,52,0.01
2021,31,52,2.18
2021,32,52,0.07
2021,33,52,2.18
2021,34,52,2
2021,35,52,66.25
2021,36,52,6.3
2021,37,52,6.06
2021,38,52,15.75
2021,39,52,0.14
2021,40,52,65.85
2021,41,52,61.62
2021,42,52,0.15
2021,43,52,11.18
2021,44,52,0.25
2021,45,52,1.51
2021,46,52,1.5
2021,47,52,0.14
2021,48,52,6.14
2021,49,52,0.26
2021,50,52,92.43
2021,51,52,68.56
2021,52,52,490.6
2021,55,52,1.01
2021,56,52,0.87
2021,57,52,5.54
2021,58,52,0.46
2021,59,52,13.8
2021,1,53,87.92
2021,2,53,0.84
2021,3,53,33.3
2021,4,53,3.88
2021,5,53,1.93
2021,6,53,0.3
2021,7,53,0.03
2021,8,53,0.06
2021,9,53,27.71
2021,10,53,0.02
2021,11,53,14.78
2021,12,53,19.17
2021,13,53,28.24
2021,14,53,0.08
2021,16,53,3.11
2021,19,53,0.04
2021,20,53,430
2021,21,53,18.63
2021,22,53,95.32
2021,23,53,18.6
2021,24,53,95.44
2021,25,53,111.52
2021,26,53,154.3
2021,27,53,110.75
2021,29,53,22.1
2021,30,53,0.01
2021,31,53,15.6
2021,32,53,17.02
2021,33,53,34.56
2021,34,53,29
2021,35,53,89.71
2021,36,53,27.98
2021,37,53,0.44
2021,38,53,37.4
2021,40,53,109.66
2021,41,53,173.08
2021,42,53,0.82
2021,43,53,25.65
2021,44,53,1.42
2021,45,53,22.97
2021,46,53,2.41
2021,47,53,0.76
2021,48,53,285
2021,50,53,191.18
2021,51,53,145.99
2021,52,53,192.54
2021,53,53,265.76
2021,54,53,17.81
2021,56,53,1.59
2021,58,53,1.74
2021,59,53,91.7
2021,1,54,25.59
2021,2,54,0.42
2021,3,54,39.3
2021,4,54,5.09
2021,5,54,0.27
2021,6,54,0.12
2021,7,54,0.02
2021,9,54,4.03
2021,10,54,13.95
2021,11,54,10.59
2021,12,54,10.52
2021,13,54,1.68
2021,16,54,0.4
2021,17,54,0.19
2021,18,54,0.33
2021,19,54,0.03
2021,20,54,19.63
2021,21,54,34.62
2021,22,54,43.57
2021,23,54,15.63
2021,24,54,30.73
2021,25,54,20.12
2021,26,54,15.88
2021,27,54,19.67
2021,29,54,24.89
2021,31,54,7.26
2021,32,54,17.62
2021,33,54,11.27
2021,34,54,67.95
2021,35,54,50.89
2021,36,54,56.24
2021,37,54,32.07
2021,38,54,10.39
2021,40,54,83.72
2021,41,54,79.77
2021,42,54,1.61
2021,43,54,3.63
2021,44,54,0.11
2021,45,54,9.44
2021,46,54,3.82
2021,47,54,2.46
2021,48,54,109.75
2021,50,54,120.28
2021,51,54,12.19
2021,52,54,78.81
2021,53,54,175.58
2021,54,54,721.32
2021,55,54,11.3
2021,56,54,10.86
2021,57,54,64.65
2021,58,54,3.4
2021,59,54,8.41
2021,1,55,0.65
2021,2,55,0.38
2021,3,55,3.63
2021,4,55,2.57
2021,5,55,0.02
2021,8,55,0.14
2021,9,55,1.28
2021,10,55,5.78
2021,11,55,1.51
2021,12,55,2.26
2021,13,55,0.3
2021,14,55,2.51
2021,15,55,0.19
2021,16,55,0.12
2021,17,55,0.06
2021,18,55,0.01
2021,20,55,0.88
2021,21,55,9.64
2021,22,55,43.17
2021,23,55,2.34
2021,24,55,4.77
2021,25,55,9.5
2021,26,55,0.99
2021,27,55,5.72
2021,28,55,0.01
2021,29,55,1.28
2021,30,55,0.2
2021,31,55,1.91
2021,32,55,4.84
2021,33,55,1.04
2021,34,55,10.04
2021,35,55,23.64
2021,36,55,11.96
2021,37,55,55.34
2021,38,55,4.91
2021,39,55,0.83
2021,40,55,37.2
2021,41,55,19.56
2021,42,55,2.13
2021,43,55,22.36
2021,44,55,0.11
2021,45,55,12.82
2021,46,55,17.45
2021,47,55,0.59
2021,48,55,22.34
2021,49,55,0.02
2021,50,55,35.33
2021,51,55,1.31
2021,52,55,1.34
2021,53,55,0.46
2021,55,55,210.55
2021,56,55,3.94
2021,57,55,19.41
2021,58,55,0.74
2021,59,55,0.65
2021,1,56,0.07
2021,2,56,0.87
2021,3,56,2.27
2021,4,56,0.8
2021,5,56,0.01
2021,9,56,0.39
2021,10,56,3.23
2021,11,56,1.02
2021,12,56,0.71
2021,13,56,0.01
2021,14,56,0.57
2021,16,56,0.08
2021,17,56,0.04
2021,18,56,0.02
2021,20,56,0.3
2021,21,56,2.27
2021,22,56,30.37
2021,23,56,1.33
2021,24,56,1.65
2021,26,56,0.58
2021,27,56,2.06
2021,29,56,0.6
2021,30,56,0.02
2021,31,56,0.43
2021,32,56,1.03
2021,33,56,0.5
2021,34,56,2.8
2021,35,56,6.43
2021,36,56,1.11
2021,37,56,8.99
2021,38,56,2.29
2021,39,56,0.06
2021,40,56,14.49
2021,41,56,11.16
2021,42,56,0.19
2021,43,56,3.24
2021,44,56,1.19
2021,45,56,3.69
2021,46,56,3.67
2021,47,56,0.16
2021,48,56,7.26
2021,50,56,2.24
2021,51,56,0.57
2021,52,56,0.54
2021,53,56,0.83
2021,55,56,10.48
2021,56,56,3.52
2021,57,56,7.3
2021,58,56,0.39
2021,59,56,0.4
2021,1,57,0.06
2021,2,57,0.21
2021,3,57,12.77
2021,4,57,12.34
2021,5,57,0.06
2021,6,57,0.03
2021,7,57,0.01
2021,8,57,0.58
2021,9,57,5.29
2021,10,57,1.56
2021,11,57,4.03
2021,12,57,10.07
2021,13,57,0.91
2021,14,57,8.49
2021,15,57,0.01
2021,17,57,0.06
2021,19,57,0.01
2021,20,57,1.54
2021,21,57,7.69
2021,22,57,16.95
2021,23,57,5.87
2021,24,57,4.04
2021,25,57,19.25
2021,26,57,1.05
2021,27,57,21.19
2021,29,57,2.74
2021,30,57,0.12
2021,31,57,61.24
2021,32,57,55.25
2021,33,57,0.57
2021,34,57,18.79
2021,35,57,170.98
2021,36,57,26.76
2021,37,57,59.27
2021,38,57,6.13
2021,40,57,3.18
2021,41,57,170.37
2021,42,57,0.49
2021,43,57,9.33
2021,45,57,36.7
2021,46,57,14.84
2021,47,57,2.56
2021,48,57,71.44
2021,50,57,116.26
2021,51,57,4.47
2021,52,57,11.16
2021,53,57,2.25
2021,55,57,27.44
2021,56,57,27.73
2021,57,57,205.8
2021,58,57,0.14
2021,59,57,0.16
2021,1,58,0.33
2021,2,58,0.02
2021,3,58,0.7
2021,4,58,0.06
2021,9,58,0.04
2021,10,58,0.06
2021,11,58,0.05
2021,12,58,0.5
2021,13,58,0.03
2021,14,58,0.03
2021,15,58,0.01
2021,16,58,0.15
2021,17,58,0.11
2021,18,58,0.01
2021,20,58,0.02
2021,21,58,0.28
2021,22,58,2.24
2021,23,58,0.13
2021,24,58,0.12
2021,26,58,0.61
2021,27,58,0.56
2021,29,58,0.36
2021,31,58,0.22
2021,32,58,0.17
2021,34,58,0.58
2021,35,58,1.28
2021,36,58,3.05
2021,37,58,0.88
2021,38,58,0.49
2021,39,58,0.26
2021,40,58,3.61
2021,41,58,2.11
2021,42,58,0.04
2021,43,58,1.18
2021,44,58,0.02
2021,45,58,0.44
2021,46,58,0.41
2021,47,58,0.02
2021,48,58,1.98
2021,50,58,2.54
2021,51,58,0.07
2021,52,58,0.38
2021,57,58,0.03
2021,58,58,2.56
2021,59,58,0.01
2021,1,59,0.01
2021,2,59,0.82
2021,3,59,6.63
2021,4,59,0.3
2021,5,59,0.3
2021,6,59,0.04
2021,7,59,0.02
2021,9,59,3.38
2021,10,59,0.49
2021,11,59,9.94
2021,12,59,2.43
2021,13,59,0.48
2021,14,59,3.38
2021,15,59,0.01
2021,16,59,0.55
2021,17,59,0.09
2021,18,59,0.02
2021,20,59,0.67
2021,21,59,1.31
2021,22,59,20.61
2021,23,59,1.4
2021,24,59,8.74
2021,26,59,5.26
2021,27,59,7.68
2021,29,59,2.85
2021,30,59,0.09
2021,31,59,3.87
2021,32,59,4.01
2021,33,59,0.23
2021,34,59,3.15
2021,35,59,24.63
2021,36,59,7.98
2021,37,59,9.32
2021,38,59,4.45
2021,39,59,1.92
2021,40,59,34.53
2021,41,59,56.5
2021,42,59,0.95
2021,43,59,0.58
2021,44,59,0.12
2021,45,59,0.88
2021,46,59,13.18
2021,47,59,0.75
2021,48,59,28.22
2021,50,59,10.55
2021,51,59,1.06
2021,52,59,2.07
2021,53,59,4.03
2021,55,59,1.2
2021,56,59,0.61
2021,57,59,0.81
2021,58,59,0.69
2021,59,59,83.19
2022,1,1,2084.33
2022,2,1,68.2
2022,3,1,0.28
2022,4,1,96.8
2022,5,1,1071.71
2022,6,1,0.44
2022,7,1,0.02
2022,8,1,0.02
2022,10,1,0.77
2022,11,1,0.8
2022,12,1,0.13
2022,13,1,140.59
2022,14,1,3.91
2022,15,1,2.24
2022,16,1,2.63
2022,17,1,0.02
2022,18,1,2.69
2022,19,1,0.14
2022,20,1,16.84
2022,21,1,0.17
2022,22,1,0.74
2022,23,1,28.25
2022,24,1,167.69
2022,25,1,0.73
2022,26,1,5.43
2022,27,1,186.78
2022,28,1,16.65
2022,29,1,150.34
2022,30,1,0.16
2022,31,1,5.86
2022,32,1,0.04
2022,33,1,0.14
2022,34,1,2.85
2022,35,1,0.09
2022,36,1,0.29
2022,37,1,1.29
2022,38,1,21.44
2022,39,1,40.29
2022,40,1,67.17
2022,41,1,0.65
2022,42,1,3.2
2022,43,1,5.41
2022,44,1,0.15
2022,45,1,5.52
2022,46,1,1.46
2022,47,1,0.84
2022,48,1,186.96
2022,49,1,0.5
2022,50,1,19.2
2022,51,1,0.11
2022,52,1,1.19
2022,53,1,1.12
2022,54,1,0.02
2022,55,1,0.03
2022,57,1,0.91
2022,58,1,0.27
2022,59,1,11.13
2022,60,1,0.02
2022,61,1,0.24
2022,62,1,0.08
2022,1,2,14.08
2022,2,2,217.5
2022,5,2,0.66
2022,8,2,0.08
2022,10,2,0.11
2022,11,2,0.19
2022,12,2,0.21
2022,13,2,2.83
2022,14,2,1.11
2022,15,2,0.01
2022,18,2,0.09
2022,20,2,1.57
2022,21,2,0.74
2022,22,2,1.18
2022,23,2,3.29
2022,24,2,5.64
2022,25,2,0.56
2022,26,2,1.35
2022,27,2,53.05
2022,28,2,25.65
2022,29,2,12.13
2022,31,2,5.32
2022,33,2,0.07
2022,34,2,1.74
2022,36,2,0.46
2022,37,2,0.99
2022,38,2,2.97
2022,39,2,4.85
2022,40,2,4.96
2022,42,2,0.25
2022,43,2,14.18
2022,44,2,0.01
2022,47,2,0.53
2022,49,2,0.24
2022,50,2,1.73
2022,53,2,1.99
2022,57,2,0.02
2022,58,2,0.18
2022,59,2,2.2
2022,61,2,0.19
2022,3,3,60.74
2022,5,3,36.24
2022,7,3,0.16
2022,8,3,0.01
2022,10,3,0.03
2022,11,3,0.17
2022,12,3,0.77
2022,13,3,0.79
2022,14,3,0.57
2022,15,3,0.44
2022,18,3,0.85
2022,19,3,0.09
2022,20,3,0.04
2022,21,3,0.02
2022,22,3,0.34
2022,23,3,10.12
2022,24,3,7.46
2022,25,3,0.5
2022,26,3,2.4
2022,27,3,0.93
2022,28,3,0.03
2022,29,3,5.57
2022,31,3,1.15
2022,32,3,4.58
2022,33,3,11.42
2022,34,3,0.89
2022,35,3,0.04
2022,36,3,0.37
2022,37,3,0.67
2022,38,3,0.89
2022,39,3,2.84
2022,40,3,2.62
2022,42,3,0.64
2022,43,3,3.64
2022,44,3,0.02
2022,45,3,1.6
2022,46,3,0.17
2022,47,3,0.08
2022,48,3,1.93
2022,49,3,0.28
2022,50,3,0.86
2022,51,3,0.1
2022,52,3,0.03
2022,55,3,0.04
2022,57,3,0.01
2022,60,3,1.07
2022,61,3,6.92
2022,62,3,8.6
2022,1,4,0.18
2022,2,4,0.02
2022,3,4,0.04
2022,4,4,23.45
2022,5,4,0.42
2022,10,4,0.06
2022,11,4,0.03
2022,12,4,0.02
2022,13,4,1.58
2022,14,4,0.39
2022,15,4,0.07
2022,16,4,3.17
2022,17,4,0.04
2022,18,4,2.25
2022,19,4,0.2
2022,20,4,1.33
2022,21,4,0.07
2022,22,4,0.58
2022,23,4,3.39
2022,24,4,63.05
2022,25,4,0.27
2022,26,4,1.3
2022,27,4,2.58
2022,28,4,0.3
2022,29,4,4.14
2022,30,4,0.02
2022,31,4,2.94
2022,32,4,0.68
2022,33,4,0.89
2022,34,4,0.16
2022,35,4,0.17
2022,36,4,0.57
2022,37,4,2.85
2022,38,4,0.68
2022,39,4,20.75
2022,40,4,0.5
2022,41,4,0.55
2022,42,4,0.09
2022,43,4,0.63
2022,44,4,0.17
2022,45,4,1.41
2022,46,4,1.51
2022,47,4,0.4
2022,49,4,0.42
2022,50,4,0.35
2022,51,4,0.15
2022,52,4,0.3
2022,53,4,0.01
2022,55,4,0.03
2022,57,4,0.09
2022,58,4,0.09
2022,59,4,0.1
2022,60,4,0.01
2022,61,4,0.08
2022,1,5,6720.3
2022,2,5,0.04
2022,3,5,215.49
2022,4,5,10.78
2022,5,5,2436.16
2022,6,5,2.49
2022,7,5,0.02
2022,8,5,0.02
2022,10,5,1.5
2022,11,5,46.2
2022,12,5,0.88
2022,13,5,15.49
2022,14,5,9.61
2022,15,5,24.43
2022,16,5,14.46
2022,17,5,0.81
2022,18,5,24.54
2022,19,5,2.22
2022,20,5,0.86
2022,21,5,0.02
2022,22,5,8.07
2022,23,5,12.82
2022,24,5,500.57
2022,25,5,15.67
2022,26,5,31.29
2022,27,5,443.31
2022,28,5,68.12
2022,29,5,995.81
2022,30,5,10.41
2022,31,5,92.74
2022,32,5,9.08
2022,33,5,26.36
2022,34,5,21.65
2022,35,5,3.1
2022,36,5,13.34
2022,37,5,51.41
2022,38,5,18.91
2022,39,5,10.89
2022,40,5,17.27
2022,41,5,2.41
2022,42,5,2.19
2022,43,5,62.1
2022,44,5,2.14
2022,45,5,361.73
2022,46,5,31.57
2022,47,5,261.14
2022,48,5,4.73
2022,49,5,16.13
2022,50,5,33.27
2022,51,5,1.15
2022,52,5,5.42
2022,53,5,3.99
2022,55,5,1.06
2022,57,5,1.23
2022,58,5,2
2022,59,5,1.31
2022,60,5,0.31
2022,61,5,0.67
2022,1,6,761.41
2022,2,6,0.01
2022,3,6,14.06
2022,4,6,3.03
2022,5,6,133.49
2022,6,6,121.3
2022,10,6,0.08
2022,11,6,6.49
2022,12,6,0.24
2022,13,6,6.26
2022,14,6,0.35
2022,15,6,9.41
2022,16,6,7.51
2022,17,6,0.18
2022,18,6,12.89
2022,19,6,0.32
2022,20,6,0.55
2022,21,6,0.01
2022,22,6,2.89
2022,23,6,10.57
2022,24,6,119.26
2022,25,6,7.66
2022,26,6,21.09
2022,27,6,25.63
2022,28,6,3.36
2022,29,6,59.69
2022,30,6,6.89
2022,31,6,48.6
2022,32,6,1.23
2022,33,6,25.32
2022,34,6,17.2
2022,35,6,1.98
2022,36,6,8.07
2022,37,6,33.15
2022,38,6,13.34
2022,39,6,2.02
2022,40,6,8.48
2022,41,6,3.62
2022,42,6,3.13
2022,43,6,21.27
2022,44,6,4.85
2022,45,6,4.81
2022,46,6,4.25
2022,47,6,45.18
2022,48,6,0.8
2022,49,6,1.51
2022,50,6,13.51
2022,51,6,2.32
2022,52,6,3.24
2022,53,6,5.58
2022,54,6,0.01
2022,55,6,0.71
2022,57,6,1.61
2022,58,6,1.53
2022,59,6,1.85
2022,60,6,0.26
2022,61,6,1.32
2022,1,7,0.29
2022,4,7,0.82
2022,5,7,0.16
2022,7,7,6.7
2022,11,7,0.15
2022,12,7,0.03
2022,13,7,1.83
2022,14,7,0.01
2022,15,7,0.22
2022,16,7,0.03
2022,18,7,0.22
2022,19,7,0.01
2022,20,7,0.11
2022,22,7,0.08
2022,23,7,1.17
2022,24,7,32.13
2022,25,7,0.08
2022,26,7,0.47
2022,27,7,2.03
2022,28,7,0.22
2022,29,7,3.15
2022,30,7,1.59
2022,31,7,1.12
2022,32,7,0.01
2022,33,7,0.63
2022,34,7,0.79
2022,35,7,0.2
2022,36,7,0.55
2022,37,7,1.73
2022,38,7,0.54
2022,39,7,0.17
2022,40,7,0.73
2022,41,7,0.17
2022,42,7,0.26
2022,43,7,2.52
2022,44,7,0.11
2022,45,7,0.79
2022,46,7,1.3
2022,47,7,0.28
2022,48,7,0.01
2022,49,7,0.25
2022,50,7,0.28
2022,51,7,0.17
2022,52,7,0.2
2022,53,7,0.27
2022,54,7,0.24
2022,57,7,0.12
2022,58,7,0.11
2022,59,7,0.13
2022,60,7,0.02
2022,61,7,0.09
2022,4,8,0.01
2022,7,8,3.19
2022,8,8,0.07
2022,11,8,0.17
2022,13,8,0.3
2022,14,8,0.03
2022,15,8,0.01
2022,18,8,0.02
2022,20,8,0.01
2022,22,8,0.03
2022,23,8,0.44
2022,24,8,2.21
2022,25,8,0.04
2022,26,8,0.1
2022,27,8,0.51
2022,28,8,0.07
2022,29,8,1.37
2022,31,8,0.3
2022,32,8,0.01
2022,33,8,0.82
2022,34,8,0.54
2022,35,8,0.09
2022,36,8,0.35
2022,37,8,1.11
2022,38,8,0.28
2022,39,8,0.07
2022,40,8,0.23
2022,41,8,0.1
2022,42,8,0.14
2022,43,8,1.43
2022,44,8,0.05
2022,45,8,0.21
2022,46,8,0.37
2022,47,8,0.47
2022,48,8,0.26
2022,49,8,0.07
2022,50,8,0.13
2022,51,8,0.07
2022,52,8,0.13
2022,53,8,0.07
2022,54,8,0.11
2022,57,8,0.05
2022,58,8,0.05
2022,59,8,0.06
2022,60,8,0.01
2022,61,8,0.04
2022,1,9,0.3
2022,2,9,0.01
2022,4,9,0.01
2022,5,9,0.21
2022,7,9,0.17
2022,9,9,0.15
2022,11,9,0.03
2022,13,9,0.13
2022,14,9,0.02
2022,18,9,0.2
2022,22,9,0.01
2022,23,9,0.01
2022,24,9,3.11
2022,25,9,0.18
2022,26,9,0.28
2022,27,9,1.74
2022,28,9,0.25
2022,29,9,0.85
2022,31,9,0.24
2022,33,9,0.03
2022,34,9,0.53
2022,35,9,0.02
2022,36,9,0.09
2022,37,9,0.19
2022,38,9,0.05
2022,39,9,0.03
2022,40,9,0.05
2022,41,9,0.02
2022,42,9,0.12
2022,43,9,0.27
2022,44,9,0.01
2022,45,9,0.1
2022,46,9,0.33
2022,47,9,0.17
2022,48,9,0.01
2022,49,9,0.06
2022,50,9,0.06
2022,51,9,0.02
2022,52,9,0.03
2022,53,9,0.15
2022,57,9,0.01
2022,58,9,0.01
2022,59,9,0.02
2022,61,9,0.01
2022,2,10,146.53
2022,4,10,0.28
2022,5,10,0.16
2022,7,10,0.13
2022,10,10,20.43
2022,11,10,3.72
2022,12,10,0.29
2022,13,10,27.71
2022,14,10,0.31
2022,15,10,1.4
2022,16,10,0.74
2022,17,10,0.27
2022,18,10,11.78
2022,20,10,1.94
2022,21,10,0.02
2022,22,10,3.2
2022,23,10,1.94
2022,24,10,129.85
2022,25,10,1.24
2022,26,10,6.22
2022,27,10,17.14
2022,28,10,2.71
2022,29,10,16.43
2022,30,10,9.01
2022,31,10,36.73
2022,32,10,0.69
2022,33,10,0.3
2022,34,10,11.62
2022,35,10,0.5
2022,36,10,1.59
2022,37,10,5.44
2022,38,10,2.48
2022,39,10,0.28
2022,40,10,4.14
2022,41,10,1.33
2022,42,10,1.99
2022,43,10,7.59
2022,44,10,0.33
2022,45,10,1.89
2022,46,10,3.99
2022,47,10,1.97
2022,48,10,0.03
2022,49,10,2.27
2022,50,10,2.26
2022,51,10,0.79
2022,52,10,1.24
2022,53,10,0.97
2022,57,10,0.53
2022,58,10,0.51
2022,59,10,0.6
2022,60,10,0.08
2022,61,10,0.43
2022,2,11,4.55
2022,4,11,0.3
2022,5,11,1.16
2022,6,11,0.02
2022,7,11,0.15
2022,10,11,0.01
2022,11,11,44.35
2022,12,11,1.12
2022,13,11,7.9
2022,14,11,0.2
2022,15,11,2.99
2022,18,11,2.93
2022,19,11,0.12
2022,20,11,0.43
2022,22,11,0.65
2022,23,11,2.06
2022,24,11,30.25
2022,25,11,0.35
2022,26,11,3.19
2022,27,11,5.15
2022,28,11,0.78
2022,29,11,18.56
2022,31,11,6.61
2022,32,11,0.1
2022,33,11,2.27
2022,34,11,0.96
2022,35,11,0.21
2022,36,11,0.77
2022,37,11,11.97
2022,38,11,0.98
2022,39,11,0.17
2022,40,11,1.25
2022,41,11,0.23
2022,42,11,0.17
2022,43,11,4.24
2022,44,11,0.32
2022,45,11,0.51
2022,46,11,1.31
2022,47,11,1.69
2022,48,11,0.04
2022,49,11,0.6
2022,50,11,1.82
2022,51,11,0.18
2022,52,11,0.25
2022,53,11,0.44
2022,57,11,0.12
2022,58,11,0.12
2022,59,11,0.14
2022,60,11,0.02
2022,61,11,0.1
2022,1,12,0.39
2022,3,12,0.01
2022,4,12,0.14
2022,5,12,0.3
2022,7,12,0.1
2022,10,12,0.01
2022,11,12,14.75
2022,12,12,91.99
2022,13,12,5.01
2022,14,12,1.68
2022,15,12,1.79
2022,16,12,0.26
2022,17,12,0.02
2022,18,12,3.16
2022,19,12,0.01
2022,20,12,0.33
2022,22,12,0.6
2022,23,12,0.4
2022,24,12,20.83
2022,25,12,1.76
2022,26,12,1.09
2022,27,12,4.99
2022,28,12,0.55
2022,29,12,4.44
2022,31,12,2.13
2022,32,12,0.07
2022,33,12,0.3
2022,34,12,1.15
2022,35,12,0.16
2022,36,12,0.39
2022,37,12,16.42
2022,38,12,0.94
2022,39,12,0.79
2022,40,12,0.53
2022,41,12,0.08
2022,42,12,0.33
2022,43,12,0.46
2022,44,12,0.04
2022,45,12,0.12
2022,46,12,6.13
2022,47,12,1.46
2022,48,12,0.02
2022,49,12,0.9
2022,50,12,1.87
2022,51,12,0.12
2022,52,12,0.4
2022,53,12,0.04
2022,54,12,0.01
2022,57,12,0.03
2022,58,12,0.02
2022,59,12,0.08
2022,61,12,0.02
2022,1,13,21.6
2022,2,13,0.86
2022,3,13,0.02
2022,4,13,114.96
2022,5,13,40.9
2022,6,13,4.96
2022,7,13,2.5
2022,8,13,0.31
2022,9,13,0.48
2022,10,13,0.35
2022,11,13,2.64
2022,12,13,16.92
2022,13,13,132.57
2022,14,13,11.29
2022,15,13,10.7
2022,16,13,35.48
2022,17,13,1.05
2022,18,13,42.05
2022,19,13,3.18
2022,20,13,1.23
2022,21,13,0.18
2022,22,13,22.31
2022,23,13,61.13
2022,24,13,357.91
2022,25,13,4.89
2022,26,13,65.41
2022,27,13,113.97
2022,28,13,18.66
2022,29,13,66.02
2022,30,13,0.95
2022,31,13,81.39
2022,32,13,8.15
2022,33,13,50.7
2022,34,13,83.81
2022,35,13,5.74
2022,36,13,11.75
2022,37,13,93.48
2022,38,13,29.21
2022,39,13,19.28
2022,40,13,76.9
2022,41,13,19.64
2022,42,13,20.81
2022,43,13,39.32
2022,44,13,34.67
2022,45,13,87.19
2022,46,13,25.06
2022,47,13,11.78
2022,48,13,7.7
2022,49,13,58.1
2022,50,13,44.64
2022,51,13,3.66
2022,52,13,22.98
2022,53,13,15.98
2022,54,13,9.04
2022,55,13,0.05
2022,57,13,11.28
2022,58,13,3.5
2022,59,13,6.06
2022,60,13,1.76
2022,61,13,4.62
2022,1,14,62.47
2022,2,14,0.06
2022,3,14,1.6
2022,4,14,3.96
2022,5,14,61.48
2022,6,14,0.99
2022,7,14,0.6
2022,8,14,0.06
2022,9,14,0.09
2022,10,14,0.41
2022,11,14,11.43
2022,12,14,2.98
2022,13,14,359.55
2022,14,14,1657.96
2022,15,14,61.31
2022,16,14,4.23
2022,17,14,2.8
2022,18,14,110.69
2022,19,14,31.43
2022,20,14,41.06
2022,21,14,1.16
2022,22,14,74.47
2022,23,14,14.24
2022,24,14,163.53
2022,25,14,6.47
2022,26,14,23.41
2022,27,14,1680.89
2022,28,14,152.91
2022,29,14,275.73
2022,30,14,24.48
2022,31,14,15.73
2022,32,14,2.95
2022,33,14,67.35
2022,34,14,40.24
2022,35,14,1.95
2022,36,14,4.86
2022,37,14,296.73
2022,38,14,54.53
2022,39,14,60.77
2022,40,14,36.04
2022,41,14,23.39
2022,42,14,8.16
2022,43,14,68.76
2022,44,14,459.08
2022,45,14,80.91
2022,46,14,542.64
2022,47,14,181
2022,48,14,5.06
2022,49,14,405.54
2022,50,14,41.12
2022,51,14,0.36
2022,52,14,43.78
2022,53,14,19.32
2022,54,14,11.86
2022,55,14,43.08
2022,57,14,2.64
2022,58,14,2.3
2022,59,14,5.71
2022,60,14,0.54
2022,61,14,3.34
2022,1,15,0.07
2022,2,15,0.01
2022,3,15,0.01
2022,4,15,0.48
2022,5,15,1.43
2022,6,15,0.06
2022,7,15,0.21
2022,10,15,0.04
2022,11,15,4.25
2022,12,15,0.05
2022,13,15,43
2022,14,15,0.83
2022,15,15,30.61
2022,16,15,9.46
2022,17,15,1.45
2022,18,15,28.92
2022,19,15,0.12
2022,20,15,1.22
2022,21,15,0.02
2022,22,15,9.1
2022,23,15,17.3
2022,24,15,96.94
2022,25,15,0.76
2022,26,15,12.64
2022,27,15,26.08
2022,28,15,3.82
2022,29,15,43.4
2022,31,15,11.42
2022,32,15,0.83
2022,33,15,8.99
2022,34,15,2.29
2022,35,15,0.77
2022,36,15,1.67
2022,37,15,6.76
2022,38,15,3.9
2022,39,15,0.61
2022,40,15,3.75
2022,41,15,1.06
2022,42,15,3.96
2022,43,15,9.97
2022,45,15,1.58
2022,46,15,12.09
2022,47,15,2.56
2022,48,15,0.06
2022,49,15,1.74
2022,50,15,9.39
2022,51,15,0.95
2022,52,15,2.09
2022,53,15,0.82
2022,54,15,1.49
2022,55,15,0.96
2022,56,15,0.04
2022,57,15,1.82
2022,58,15,0.59
2022,59,15,1.01
2022,60,15,0.1
2022,61,15,0.48
2022,3,16,0.01
2022,4,16,86.17
2022,5,16,0.73
2022,7,16,0.26
2022,10,16,0.09
2022,11,16,3.28
2022,12,16,0.27
2022,13,16,31.39
2022,14,16,0.89
2022,15,16,0.88
2022,16,16,270.49
2022,17,16,1.5
2022,18,16,14.49
2022,19,16,0.09
2022,20,16,2.91
2022,21,16,0.08
2022,22,16,5.71
2022,23,16,38.05
2022,24,16,283.73
2022,25,16,1.61
2022,26,16,7.51
2022,27,16,51.25
2022,28,16,9.07
2022,29,16,52.62
2022,30,16,0.02
2022,31,16,57.34
2022,32,16,1.77
2022,33,16,17.7
2022,34,16,10.62
2022,35,16,1.18
2022,36,16,3.67
2022,37,16,10.67
2022,38,16,3.84
2022,39,16,1.14
2022,40,16,6.4
2022,41,16,5.78
2022,42,16,3.8
2022,43,16,30.42
2022,44,16,6.28
2022,45,16,38.94
2022,46,16,12.93
2022,47,16,23.03
2022,48,16,0.79
2022,49,16,4.47
2022,50,16,8.88
2022,51,16,1
2022,52,16,12.58
2022,53,16,0.7
2022,54,16,0.49
2022,55,16,0.48
2022,57,16,4.08
2022,58,16,0.6
2022,59,16,0.76
2022,60,16,0.1
2022,61,16,0.7
2022,2,17,0.03
2022,4,17,23.91
2022,5,17,0.29
2022,7,17,0.01
2022,10,17,0.03
2022,11,17,0.11
2022,12,17,0.26
2022,13,17,15.43
2022,14,17,0.06
2022,15,17,0.05
2022,16,17,0.2
2022,17,17,0.49
2022,18,17,24.77
2022,19,17,0.03
2022,20,17,0.42
2022,21,17,0.06
2022,22,17,1.52
2022,23,17,4.59
2022,24,17,13.58
2022,25,17,2.16
2022,26,17,63.91
2022,27,17,8.4
2022,28,17,1.94
2022,29,17,7.57
2022,30,17,0.02
2022,31,17,2.39
2022,32,17,0.15
2022,33,17,3.42
2022,34,17,1.13
2022,35,17,0.41
2022,36,17,2
2022,37,17,2.4
2022,38,17,0.96
2022,39,17,0.1
2022,40,17,1.12
2022,41,17,2.98
2022,42,17,0.84
2022,43,17,2.25
2022,44,17,0.43
2022,45,17,1.72
2022,46,17,0.1
2022,47,17,1.7
2022,48,17,0.03
2022,49,17,0.01
2022,50,17,1.32
2022,51,17,0.51
2022,52,17,0.63
2022,53,17,0.52
2022,54,17,0.09
2022,55,17,0.03
2022,57,17,1.35
2022,58,17,0.34
2022,59,17,0.43
2022,60,17,0.06
2022,61,17,0.3
2022,3,18,0.01
2022,4,18,8.33
2022,5,18,0.08
2022,7,18,0.02
2022,10,18,0.03
2022,11,18,1.65
2022,12,18,0.19
2022,13,18,14.44
2022,14,18,0.69
2022,15,18,1.21
2022,16,18,12.47
2022,17,18,18.62
2022,18,18,190.08
2022,19,18,0.74
2022,20,18,8.15
2022,21,18,0.03
2022,22,18,7.25
2022,23,18,18.36
2022,24,18,103.73
2022,25,18,1.12
2022,26,18,3.6
2022,27,18,25.81
2022,28,18,3.89
2022,29,18,72.1
2022,31,18,16.06
2022,32,18,0.78
2022,33,18,4.75
2022,34,18,7.28
2022,35,18,0.86
2022,36,18,3.45
2022,37,18,45.34
2022,38,18,5.11
2022,39,18,0.69
2022,40,18,7.06
2022,41,18,1.04
2022,42,18,5.81
2022,43,18,15.05
2022,44,18,0.96
2022,45,18,20.65
2022,46,18,8.95
2022,47,18,6.87
2022,48,18,0.07
2022,49,18,2.07
2022,50,18,4.62
2022,51,18,1.04
2022,52,18,1.57
2022,53,18,3.27
2022,54,18,1.06
2022,55,18,0.82
2022,57,18,1.45
2022,58,18,0.67
2022,59,18,1.16
2022,60,18,0.11
2022,61,18,0.7
2022,3,19,0.02
2022,4,19,0.1
2022,5,19,3.94
2022,11,19,1.11
2022,12,19,0.03
2022,13,19,1.12
2022,14,19,20.72
2022,15,19,3.97
2022,16,19,9.07
2022,17,19,2.58
2022,18,19,35.16
2022,19,19,27.16
2022,20,19,4.02
2022,21,19,0.38
2022,22,19,31.11
2022,23,19,9.58
2022,24,19,43.99
2022,25,19,0.63
2022,26,19,1.22
2022,27,19,12.06
2022,28,19,10.78
2022,29,19,30.33
2022,30,19,0.08
2022,31,19,2.45
2022,32,19,0.77
2022,33,19,4.97
2022,34,19,1.79
2022,35,19,0.48
2022,36,19,1.62
2022,37,19,7.14
2022,38,19,0.83
2022,39,19,0.11
2022,40,19,2.66
2022,41,19,1.46
2022,42,19,0.49
2022,43,19,6.84
2022,44,19,18.27
2022,45,19,5.19
2022,46,19,5.84
2022,47,19,3.63
2022,48,19,2.24
2022,49,19,1.18
2022,50,19,1.14
2022,51,19,0.42
2022,52,19,0.92
2022,53,19,0.42
2022,54,19,0.4
2022,55,19,0.31
2022,57,19,0.29
2022,58,19,0.28
2022,59,19,0.38
2022,60,19,0.03
2022,61,19,0.24
2022,4,20,0.52
2022,5,20,10.59
2022,6,20,0.01
2022,7,20,0.02
2022,10,20,0.02
2022,11,20,1.25
2022,12,20,0.32
2022,13,20,1.45
2022,14,20,11
2022,15,20,4.62
2022,16,20,0.23
2022,17,20,6.91
2022,18,20,163.21
2022,19,20,9.6
2022,20,20,34.84
2022,21,20,0.6
2022,22,20,40.22
2022,23,20,32.37
2022,24,20,83.89
2022,25,20,1.14
2022,26,20,10.15
2022,27,20,12.94
2022,28,20,16.22
2022,29,20,103.28
2022,31,20,9.28
2022,32,20,1.8
2022,33,20,14.29
2022,34,20,1.79
2022,35,20,2.01
2022,36,20,5.43
2022,37,20,17.78
2022,38,20,6.41
2022,39,20,1.41
2022,40,20,9.21
2022,41,20,2.22
2022,42,20,1.38
2022,43,20,20.2
2022,44,20,0.19
2022,45,20,14.97
2022,46,20,11.33
2022,47,20,2.21
2022,48,20,0.06
2022,49,20,1.05
2022,50,20,2.92
2022,51,20,2.09
2022,52,20,3.8
2022,53,20,2.11
2022,57,20,4.74
2022,58,20,1.38
2022,59,20,1.55
2022,60,20,0.23
2022,61,20,1.19
2022,1,21,0.26
2022,4,21,0.09
2022,5,21,0.25
2022,6,21,0.01
2022,7,21,0.23
2022,9,21,0.01
2022,10,21,0.02
2022,11,21,0.09
2022,12,21,0.21
2022,13,21,3.42
2022,14,21,2.93
2022,15,21,1.68
2022,16,21,2.39
2022,17,21,3.36
2022,18,21,22.11
2022,19,21,4.54
2022,20,21,3.47
2022,21,21,4.4
2022,22,21,13.94
2022,23,21,10.41
2022,24,21,25.23
2022,25,21,6.43
2022,26,21,3.28
2022,27,21,8.57
2022,28,21,23.85
2022,29,21,29.69
2022,31,21,1.52
2022,32,21,0.06
2022,33,21,7.19
2022,34,21,2.19
2022,35,21,0.93
2022,36,21,2.38
2022,37,21,8.85
2022,38,21,2.34
2022,39,21,0.7
2022,40,21,5.74
2022,41,21,0.84
2022,42,21,10.51
2022,43,21,13.3
2022,44,21,0.25
2022,45,21,7.12
2022,46,21,4.21
2022,47,21,4.36
2022,48,21,2.26
2022,49,21,0.27
2022,50,21,29.25
2022,51,21,1.09
2022,52,21,3.84
2022,53,21,0.55
2022,54,21,0.29
2022,57,21,0.41
2022,58,21,0.51
2022,59,21,0.59
2022,60,21,0.09
2022,61,21,0.42
2022,1,22,0.05
2022,2,22,0.54
2022,4,22,6.25
2022,5,22,3.62
2022,6,22,0.17
2022,7,22,13.11
2022,8,22,0.01
2022,9,22,0.02
2022,10,22,87.3
2022,11,22,7.14
2022,12,22,0.53
2022,13,22,28.61
2022,14,22,102.13
2022,15,22,29.36
2022,16,22,128.9
2022,17,22,21.3
2022,18,22,221.21
2022,19,22,63.15
2022,20,22,1.99
2022,21,22,5.41
2022,22,22,162.85
2022,23,22,47.89
2022,24,22,186.15
2022,25,22,3.6
2022,26,22,27.64
2022,27,22,153.93
2022,28,22,54.75
2022,29,22,644.21
2022,30,22,42.57
2022,31,22,45.75
2022,32,22,0.97
2022,33,22,11
2022,34,22,62.22
2022,35,22,1.18
2022,36,22,3.19
2022,37,22,75.14
2022,38,22,26.12
2022,39,22,4.69
2022,40,22,40.53
2022,41,22,23.9
2022,42,22,4.02
2022,43,22,101.02
2022,44,22,28.57
2022,45,22,21.05
2022,46,22,144.31
2022,47,22,77.56
2022,48,22,11.28
2022,49,22,31.37
2022,50,22,75.24
2022,51,22,3.15
2022,52,22,22.89
2022,53,22,11.44
2022,54,22,1.02
2022,55,22,0.18
2022,57,22,9.05
2022,58,22,9.43
2022,59,22,4.39
2022,60,22,1.56
2022,61,22,7.99
2022,1,23,0.02
2022,4,23,0.22
2022,5,23,0.09
2022,6,23,0.01
2022,7,23,0.07
2022,10,23,0.02
2022,11,23,0.67
2022,12,23,0.2
2022,13,23,3.69
2022,14,23,11.25
2022,15,23,1.08
2022,16,23,0.07
2022,17,23,0.21
2022,18,23,12.4
2022,19,23,7.47
2022,20,23,4.3
2022,21,23,0.2
2022,22,23,20.38
2022,23,23,57.61
2022,24,23,30.74
2022,25,23,0.44
2022,26,23,1.72
2022,27,23,15.75
2022,28,23,4.11
2022,29,23,15.99
2022,31,23,1.96
2022,32,23,0.15
2022,33,23,2.24
2022,34,23,1.65
2022,35,23,0.74
2022,36,23,2.1
2022,37,23,16.72
2022,38,23,3.16
2022,39,23,0.16
2022,40,23,2.29
2022,41,23,0.79
2022,42,23,0.78
2022,43,23,5.54
2022,44,23,0.34
2022,45,23,5.09
2022,46,23,4.4
2022,47,23,2.81
2022,48,23,0.02
2022,49,23,0.95
2022,50,23,10.69
2022,51,23,0.71
2022,52,23,1.74
2022,53,23,0.28
2022,57,23,1.44
2022,58,23,0.41
2022,59,23,1.64
2022,60,23,0.07
2022,61,23,0.35
2022,1,24,7.25
2022,2,24,6.15
2022,3,24,0.02
2022,4,24,158.14
2022,5,24,1.56
2022,10,24,26.69
2022,11,24,1.62
2022,12,24,2.17
2022,13,24,96.52
2022,14,24,8.07
2022,15,24,0.29
2022,17,24,1.58
2022,18,24,49.95
2022,19,24,4.95
2022,20,24,12.2
2022,22,24,10.46
2022,23,24,166.69
2022,24,24,4740.57
2022,25,24,7.69
2022,26,24,48.35
2022,27,24,274.85
2022,28,24,46.64
2022,29,24,104.49
2022,30,24,0.07
2022,31,24,7.18
2022,32,24,0.66
2022,33,24,11.98
2022,34,24,16.59
2022,35,24,21.18
2022,36,24,69.85
2022,37,24,388.09
2022,38,24,121.79
2022,39,24,9.32
2022,40,24,61.39
2022,41,24,51.74
2022,42,24,38.08
2022,43,24,181.49
2022,44,24,33.37
2022,45,24,140.9
2022,46,24,14.61
2022,47,24,18.96
2022,48,24,1.78
2022,49,24,12.39
2022,50,24,36.19
2022,51,24,18.12
2022,52,24,105.79
2022,53,24,1.93
2022,57,24,9.26
2022,58,24,30.12
2022,59,24,36.24
2022,60,24,5.07
2022,61,24,25.86
2022,4,25,0.42
2022,5,25,0.31
2022,10,25,0.21
2022,11,25,0.24
2022,12,25,0.43
2022,13,25,0.84
2022,14,25,0.11
2022,15,25,0.01
2022,16,25,0.18
2022,17,25,0.1
2022,18,25,0.05
2022,20,25,0.21
2022,22,25,0.05
2022,23,25,0.28
2022,24,25,156.48
2022,25,25,22.09
2022,26,25,12.5
2022,27,25,9.56
2022,28,25,1.32
2022,29,25,1.69
2022,30,25,0.18
2022,31,25,0.28
2022,33,25,1.68
2022,34,25,1.37
2022,35,25,0.92
2022,36,25,2.25
2022,37,25,5.95
2022,38,25,3.1
2022,39,25,0.82
2022,40,25,1.9
2022,41,25,1.05
2022,42,25,1.5
2022,43,25,3.63
2022,44,25,0.04
2022,45,25,7.36
2022,46,25,10.79
2022,47,25,0.56
2022,48,25,0.02
2022,49,25,1.84
2022,50,25,1.02
2022,51,25,1.01
2022,52,25,1.24
2022,53,25,1.87
2022,54,25,0.21
2022,55,25,1.43
2022,56,25,0.03
2022,57,25,0.51
2022,58,25,0.47
2022,59,25,0.6
2022,60,25,0.29
2022,61,25,0.4
2022,1,26,0.06
2022,4,26,3.05
2022,5,26,1.31
2022,6,26,0.07
2022,7,26,0.02
2022,8,26,0.04
2022,9,26,0.04
2022,10,26,3.23
2022,11,26,1.67
2022,12,26,5.49
2022,13,26,8.67
2022,14,26,1.54
2022,15,26,1.83
2022,16,26,10.56
2022,17,26,0.85
2022,18,26,19.6
2022,19,26,0.26
2022,20,26,0.87
2022,21,26,0.16
2022,22,26,1.42
2022,23,26,1.48
2022,24,26,243.33
2022,25,26,1.74
2022,26,26,353.96
2022,27,26,52.35
2022,28,26,9.63
2022,29,26,15.72
2022,30,26,0.1
2022,31,26,18.28
2022,32,26,2.99
2022,33,26,23.49
2022,34,26,2.55
2022,35,26,3.78
2022,36,26,6.08
2022,37,26,27.3
2022,38,26,16.43
2022,39,26,1.66
2022,40,26,29.88
2022,41,26,5.99
2022,42,26,12.55
2022,43,26,16.38
2022,44,26,0.68
2022,45,26,13.4
2022,46,26,6.47
2022,47,26,3.1
2022,48,26,1.3
2022,49,26,2.14
2022,50,26,19.35
2022,51,26,2.66
2022,52,26,18.47
2022,53,26,2.9
2022,54,26,3.71
2022,55,26,3.57
2022,57,26,3.44
2022,58,26,11.69
2022,59,26,2.36
2022,60,26,1.01
2022,61,26,24.54
2022,1,27,4.31
2022,2,27,52.76
2022,4,27,265.8
2022,5,27,31.28
2022,6,27,0.8
2022,7,27,13.78
2022,8,27,4.46
2022,9,27,0.2
2022,10,27,643.08
2022,11,27,9.85
2022,12,27,0.94
2022,13,27,56.23
2022,14,27,68.21
2022,15,27,55.82
2022,16,27,1569.28
2022,17,27,12.49
2022,18,27,1318
2022,19,27,147.06
2022,20,27,95.37
2022,21,27,1.17
2022,22,27,57.1
2022,23,27,67.98
2022,24,27,34.28
2022,25,27,18.23
2022,26,27,83.48
2022,27,27,12529.61
2022,28,27,59.04
2022,29,27,943.32
2022,30,27,0.55
2022,31,27,38.45
2022,32,27,6.19
2022,33,27,3.02
2022,34,27,9.06
2022,35,27,10.85
2022,36,27,2.96
2022,37,27,35.99
2022,38,27,80.97
2022,39,27,259.66
2022,40,27,162.03
2022,41,27,43.94
2022,42,27,63.33
2022,43,27,507.05
2022,44,27,23.23
2022,45,27,1544.61
2022,46,27,2.19
2022,47,27,37.44
2022,48,27,9.24
2022,49,27,12.88
2022,50,27,206.46
2022,51,27,0.7
2022,52,27,477.45
2022,53,27,220.67
2022,54,27,2.05
2022,55,27,0.4
2022,58,27,0.32
2022,59,27,0.14
2022,61,27,0.05
2022,1,28,0.19
2022,4,28,0.26
2022,5,28,3.98
2022,7,28,0.24
2022,9,28,0.25
2022,11,28,0.53
2022,12,28,2.71
2022,13,28,5.56
2022,14,28,0.97
2022,15,28,1.92
2022,16,28,2.19
2022,18,28,3.19
2022,19,28,0.3
2022,20,28,0.86
2022,21,28,3.3
2022,22,28,0.71
2022,23,28,5.86
2022,24,28,165.78
2022,25,28,0.89
2022,26,28,2.36
2022,27,28,0.02
2022,28,28,116.76
2022,29,28,34.15
2022,31,28,9
2022,32,28,0.31
2022,33,28,12.8
2022,34,28,4.42
2022,35,28,0.31
2022,36,28,0.72
2022,37,28,9.21
2022,38,28,5.9
2022,39,28,4.27
2022,40,28,16.88
2022,41,28,0.53
2022,42,28,64.58
2022,43,28,14.63
2022,44,28,2.07
2022,45,28,20.47
2022,46,28,1.28
2022,47,28,4.22
2022,48,28,9.88
2022,49,28,0.09
2022,50,28,22.27
2022,51,28,0.06
2022,52,28,174.28
2022,53,28,0.39
2022,55,28,0.28
2022,58,28,0.05
2022,59,28,0.03
2022,61,28,0.01
2022,1,29,349.24
2022,4,29,10.7
2022,5,29,41.51
2022,6,29,7.21
2022,7,29,25.01
2022,8,29,5.11
2022,9,29,4.68
2022,11,29,20.33
2022,12,29,93.53
2022,13,29,32.15
2022,14,29,288.55
2022,15,29,29.19
2022,16,29,37.12
2022,17,29,0.58
2022,18,29,24.03
2022,19,29,6.64
2022,20,29,0.02
2022,21,29,0.82
2022,22,29,20.01
2022,23,29,46.43
2022,24,29,549.39
2022,25,29,12.63
2022,26,29,66.83
2022,27,29,0.54
2022,28,29,132.47
2022,29,29,3233.08
2022,31,29,473.66
2022,32,29,52.13
2022,33,29,1046.35
2022,34,29,452.77
2022,35,29,4.67
2022,36,29,23.06
2022,37,29,102.54
2022,38,29,281.99
2022,39,29,102.04
2022,40,29,154.39
2022,41,29,69.41
2022,42,29,348.2
2022,43,29,385.6
2022,44,29,126.44
2022,45,29,24.09
2022,46,29,89.49
2022,47,29,250.65
2022,48,29,104.29
2022,49,29,34.65
2022,50,29,475.09
2022,52,29,218.49
2022,53,29,40.73
2022,58,29,0.27
2022,59,29,1.42
2022,60,29,3.9
2022,61,29,0.09
2022,1,30,8.49
2022,3,30,0.06
2022,4,30,1.42
2022,5,30,315.85
2022,6,30,2.78
2022,7,30,2.89
2022,8,30,1.18
2022,9,30,0.2
2022,10,30,0.08
2022,11,30,5.55
2022,12,30,35.38
2022,13,30,23.93
2022,14,30,18.1
2022,15,30,7.71
2022,16,30,20.33
2022,17,30,0.08
2022,18,30,12.82
2022,19,30,5.23
2022,20,30,0.59
2022,21,30,0.28
2022,22,30,4.08
2022,23,30,42.21
2022,24,30,752.88
2022,25,30,12.58
2022,26,30,23.38
2022,27,30,0.1
2022,28,30,42.33
2022,29,30,168.98
2022,30,30,271.75
2022,31,30,92.03
2022,32,30,0.24
2022,33,30,245.2
2022,34,30,102.2
2022,35,30,16.14
2022,36,30,51.68
2022,37,30,98.59
2022,38,30,34.59
2022,39,30,38.2
2022,40,30,51.35
2022,41,30,17.57
2022,42,30,743.23
2022,43,30,289.55
2022,44,30,23.94
2022,45,30,20.78
2022,46,30,9.15
2022,47,30,129.19
2022,48,30,31.64
2022,49,30,1.14
2022,50,30,152.51
2022,51,30,0.47
2022,52,30,76.22
2022,53,30,16.78
2022,55,30,2.51
2022,58,30,0.04
2022,59,30,2.3
2022,60,30,2.83
2022,61,30,2.56
2022,4,31,0.76
2022,5,31,19.42
2022,6,31,1.64
2022,7,31,0.04
2022,9,31,0.01
2022,10,31,0.1
2022,11,31,1.19
2022,12,31,0.6
2022,13,31,51.22
2022,14,31,2.18
2022,15,31,5.7
2022,16,31,1.84
2022,17,31,0.02
2022,18,31,1.15
2022,19,31,2.04
2022,20,31,0.13
2022,21,31,1
2022,22,31,1.31
2022,23,31,29.04
2022,24,31,193.48
2022,25,31,1.11
2022,26,31,7.63
2022,27,31,0.36
2022,28,31,101.05
2022,29,31,38.73
2022,30,31,7.07
2022,31,31,94.74
2022,32,31,0.4
2022,33,31,185.87
2022,34,31,16.83
2022,35,31,3.51
2022,36,31,6.41
2022,37,31,9.62
2022,38,31,8.71
2022,39,31,18.87
2022,40,31,56.9
2022,41,31,2.21
2022,42,31,35.74
2022,43,31,101.96
2022,44,31,2.41
2022,45,31,123.67
2022,46,31,1.64
2022,47,31,0.64
2022,48,31,0.78
2022,49,31,1.36
2022,50,31,65.58
2022,51,31,7.61
2022,52,31,44.83
2022,53,31,211.9
2022,54,31,3.84
2022,55,31,0.42
2022,59,31,1.07
2022,60,31,1
2022,61,31,0.78
2022,1,32,0.66
2022,3,32,0.97
2022,4,32,0.06
2022,5,32,1.59
2022,6,32,0.3
2022,10,32,0.01
2022,11,32,0.01
2022,12,32,0.02
2022,13,32,3.84
2022,14,32,0.25
2022,15,32,0.08
2022,16,32,0.02
2022,18,32,0.39
2022,19,32,0.04
2022,21,32,0.17
2022,22,32,0.93
2022,23,32,13.1
2022,24,32,33.72
2022,25,32,0.33
2022,26,32,0.79
2022,28,32,2.75
2022,29,32,1.88
2022,31,32,0.98
2022,32,32,62.34
2022,33,32,80.23
2022,34,32,1.07
2022,35,32,0.39
2022,36,32,0.59
2022,37,32,3.54
2022,38,32,3.36
2022,39,32,0.86
2022,40,32,5.2
2022,41,32,7.12
2022,42,32,3.83
2022,43,32,50.01
2022,44,32,0.2
2022,45,32,16.63
2022,46,32,0.12
2022,47,32,0.36
2022,48,32,0.74
2022,49,32,0.56
2022,50,32,70.4
2022,51,32,36.2
2022,52,32,2.61
2022,53,32,1.15
2022,54,32,1.01
2022,55,32,0.03
2022,59,32,0.05
2022,60,32,0.09
2022,61,32,1.01
2022,4,33,3.19
2022,5,33,16.83
2022,6,33,5.19
2022,7,33,0.1
2022,8,33,0.03
2022,9,33,0.01
2022,10,33,0.06
2022,11,33,0.35
2022,12,33,0.35
2022,13,33,545.3
2022,14,33,1.18
2022,15,33,0.8
2022,16,33,0.67
2022,18,33,0.36
2022,19,33,0.4
2022,20,33,0.03
2022,21,33,2.84
2022,22,33,0.97
2022,23,33,135.66
2022,24,33,275.64
2022,25,33,0.53
2022,26,33,21.86
2022,27,33,1.09
2022,28,33,2.5
2022,29,33,176.13
2022,31,33,9.61
2022,32,33,6.5
2022,33,33,671.66
2022,34,33,17.51
2022,35,33,13.56
2022,36,33,18.78
2022,37,33,18.21
2022,38,33,8.21
2022,39,33,283.93
2022,40,33,51.64
2022,41,33,18.61
2022,42,33,149.53
2022,43,33,549.02
2022,44,33,3.94
2022,45,33,95.25
2022,46,33,9.31
2022,47,33,24.6
2022,48,33,26.59
2022,49,33,88.71
2022,50,33,262.52
2022,51,33,61.84
2022,52,33,1321.93
2022,53,33,10.72
2022,54,33,4.84
2022,55,33,1.29
2022,57,33,1.43
2022,58,33,0.01
2022,59,33,1.41
2022,60,33,0.86
2022,61,33,9.12
2022,4,34,0.22
2022,5,34,14.79
2022,6,34,1.03
2022,7,34,0.16
2022,8,34,0.02
2022,9,34,0.02
2022,10,34,0.19
2022,11,34,2.18
2022,12,34,0.31
2022,13,34,5.85
2022,14,34,1.18
2022,15,34,0.44
2022,16,34,0.62
2022,17,34,0.04
2022,18,34,0.37
2022,19,34,0.8
2022,20,34,0.11
2022,21,34,0.17
2022,22,34,1.06
2022,23,34,1.27
2022,24,34,53.2
2022,25,34,2.16
2022,26,34,8.77
2022,28,34,21.96
2022,29,34,6.04
2022,31,34,22.6
2022,32,34,2.04
2022,33,34,56.24
2022,34,34,348.2
2022,35,34,0.31
2022,36,34,3.72
2022,37,34,24.67
2022,38,34,22.91
2022,39,34,5.56
2022,40,34,6.3
2022,41,34,2.78
2022,42,34,42.34
2022,43,34,98.76
2022,44,34,1.31
2022,45,34,13.32
2022,46,34,3.33
2022,47,34,2.16
2022,48,34,3.87
2022,49,34,0.36
2022,50,34,118.26
2022,51,34,3.58
2022,52,34,30.53
2022,53,34,12.67
2022,54,34,2.8
2022,55,34,0.19
2022,57,34,2.35
2022,58,34,0.54
2022,59,34,1.97
2022,60,34,0.34
2022,61,34,39.67
2022,1,35,0.92
2022,3,35,0.37
2022,4,35,0.9
2022,5,35,1.53
2022,6,35,38.37
2022,7,35,0.27
2022,9,35,0.01
2022,10,35,0.12
2022,11,35,0.67
2022,12,35,0.06
2022,13,35,2.19
2022,14,35,0.59
2022,15,35,0.01
2022,16,35,0.75
2022,18,35,0.04
2022,20,35,0.01
2022,22,35,0.55
2022,23,35,1.1
2022,24,35,257.71
2022,25,35,3.83
2022,26,35,3.59
2022,28,35,0.52
2022,29,35,2.43
2022,31,35,1.28
2022,32,35,0.03
2022,33,35,0.68
2022,34,35,3.06
2022,35,35,6.72
2022,36,35,9.01
2022,37,35,7.46
2022,38,35,2.89
2022,39,35,10.66
2022,40,35,13.26
2022,41,35,0.07
2022,42,35,7.17
2022,43,35,98.87
2022,44,35,0.86
2022,45,35,92.84
2022,46,35,2.11
2022,47,35,0.07
2022,48,35,2.46
2022,49,35,0.1
2022,50,35,15.55
2022,51,35,15.99
2022,52,35,9.62
2022,53,35,0.75
2022,54,35,0.12
2022,55,35,0.23
2022,57,35,7.68
2022,59,35,0.27
2022,60,35,0.09
2022,61,35,0.43
2022,1,36,11.7
2022,3,36,5.78
2022,4,36,0.3
2022,5,36,243.32
2022,6,36,102.72
2022,7,36,0.17
2022,8,36,0.02
2022,9,36,0.02
2022,10,36,0.05
2022,11,36,0.81
2022,12,36,0.11
2022,13,36,2.21
2022,14,36,0.53
2022,15,36,0.08
2022,16,36,1.06
2022,18,36,0.05
2022,21,36,0.03
2022,22,36,0.3
2022,23,36,0.27
2022,24,36,412.11
2022,25,36,3.21
2022,26,36,5
2022,27,36,0.03
2022,28,36,3.2
2022,29,36,48.26
2022,31,36,2.38
2022,32,36,0.09
2022,33,36,5.25
2022,34,36,7.64
2022,35,36,0.42
2022,36,36,10.65
2022,37,36,10.93
2022,38,36,4.86
2022,39,36,42.52
2022,40,36,39.52
2022,41,36,0.56
2022,42,36,366.64
2022,43,36,160.75
2022,44,36,1.77
2022,45,36,2.51
2022,46,36,2.26
2022,47,36,4.29
2022,48,36,10.92
2022,49,36,0.49
2022,50,36,35.99
2022,51,36,3.44
2022,52,36,180.86
2022,53,36,1.51
2022,54,36,2.53
2022,55,36,0.36
2022,57,36,0.31
2022,58,36,0.02
2022,59,36,1.18
2022,60,36,0.07
2022,61,36,4.04
2022,1,37,2.71
2022,4,37,0.81
2022,5,37,11.13
2022,6,37,3.49
2022,7,37,0.24
2022,8,37,0.11
2022,9,37,0.07
2022,10,37,5.83
2022,11,37,37.15
2022,12,37,188.11
2022,13,37,147.99
2022,14,37,553.79
2022,15,37,11.69
2022,16,37,10.19
2022,17,37,0.39
2022,18,37,8.27
2022,19,37,29.27
2022,20,37,1.35
2022,21,37,0.21
2022,22,37,19.37
2022,23,37,64.81
2022,24,37,1262.86
2022,25,37,1.52
2022,26,37,19.85
2022,27,37,0.04
2022,28,37,12.22
2022,29,37,9261.68
2022,30,37,0.13
2022,31,37,22.4
2022,32,37,2.36
2022,33,37,131.43
2022,34,37,175.65
2022,35,37,2.62
2022,36,37,17.89
2022,37,37,13657.1
2022,38,37,72.46
2022,39,37,138.4
2022,40,37,38.15
2022,41,37,7.89
2022,42,37,167.83
2022,43,37,893.01
2022,44,37,684.14
2022,45,37,481.18
2022,46,37,533.13
2022,47,37,537.75
2022,48,37,150.49
2022,49,37,1508.18
2022,50,37,222.57
2022,51,37,3.04
2022,52,37,1321.26
2022,53,37,2.99
2022,54,37,3.72
2022,55,37,0.19
2022,57,37,185.88
2022,58,37,7.1
2022,59,37,24.58
2022,60,37,0.8
2022,61,37,8.98
2022,1,38,0.01
2022,4,38,0.49
2022,5,38,3.34
2022,6,38,0.81
2022,7,38,0.07
2022,8,38,0.02
2022,9,38,0.01
2022,10,38,0.23
2022,11,38,0.5
2022,12,38,1.92
2022,13,38,0.38
2022,14,38,122.45
2022,15,38,4.46
2022,16,38,1.64
2022,17,38,0.17
2022,18,38,1.3
2022,19,38,14.14
2022,20,38,0.48
2022,21,38,0.1
2022,22,38,5.28
2022,23,38,27.5
2022,24,38,128
2022,25,38,1.36
2022,26,38,1.82
2022,28,38,12.51
2022,29,38,62.02
2022,31,38,1.16
2022,32,38,0.06
2022,33,38,5.3
2022,34,38,9.9
2022,35,38,0.25
2022,36,38,1.17
2022,37,38,61.08
2022,38,38,599.49
2022,39,38,5.61
2022,40,38,7.79
2022,41,38,5.49
2022,42,38,34.04
2022,43,38,10.26
2022,44,38,21.48
2022,45,38,23.56
2022,46,38,14.02
2022,47,38,5.88
2022,48,38,17.57
2022,49,38,0.49
2022,50,38,45.31
2022,51,38,2.89
2022,52,38,120.67
2022,53,38,2.54
2022,54,38,5.57
2022,55,38,0.04
2022,57,38,0.13
2022,58,38,0.02
2022,59,38,8.28
2022,61,38,5.3
2022,1,39,0.39
2022,3,39,1.06
2022,4,39,0.16
2022,5,39,0.2
2022,8,39,0.07
2022,10,39,0.13
2022,11,39,10.12
2022,12,39,16.58
2022,13,39,0.26
2022,14,39,7.59
2022,15,39,0.19
2022,16,39,0.01
2022,17,39,0.11
2022,19,39,0.1
2022,20,39,0.18
2022,21,39,0.15
2022,22,39,1.36
2022,23,39,7.24
2022,24,39,16.5
2022,25,39,0.28
2022,26,39,1.99
2022,27,39,62.05
2022,28,39,10.27
2022,29,39,11.85
2022,30,39,0.11
2022,31,39,33.69
2022,33,39,49.03
2022,34,39,75.52
2022,35,39,48.24
2022,36,39,67.22
2022,37,39,1352.57
2022,38,39,172.4
2022,39,39,54.2
2022,40,39,22.48
2022,41,39,327.09
2022,42,39,573.72
2022,43,39,1508.45
2022,44,39,24.12
2022,45,39,16.79
2022,47,39,24.5
2022,48,39,0.14
2022,49,39,0.49
2022,50,39,74.11
2022,51,39,1.21
2022,52,39,353.37
2022,53,39,32.24
2022,54,39,88.17
2022,55,39,48.55
2022,57,39,8.14
2022,58,39,36.12
2022,59,39,23.17
2022,60,39,47.9
2022,4,40,0.1
2022,11,40,3.6
2022,12,40,19.02
2022,13,40,0.89
2022,14,40,0.56
2022,19,40,0.02
2022,20,40,0.01
2022,21,40,0.03
2022,22,40,0.11
2022,23,40,0.43
2022,24,40,11.09
2022,25,40,0.05
2022,26,40,0.99
2022,27,40,41.67
2022,28,40,2.76
2022,29,40,1.64
2022,30,40,0.89
2022,31,40,3.88
2022,33,40,5.75
2022,34,40,34.04
2022,35,40,13.27
2022,36,40,21.59
2022,37,40,53.46
2022,38,40,27.22
2022,39,40,5.27
2022,40,40,2096
2022,41,40,1822.21
2022,42,40,73.71
2022,43,40,264.17
2022,44,40,107.75
2022,45,40,0.04
2022,47,40,30
2022,48,40,0.05
2022,49,40,0.03
2022,50,40,25.52
2022,52,40,51.7
2022,53,40,14.58
2022,54,40,32.56
2022,55,40,29.47
2022,58,40,6.32
2022,59,40,9.88
2022,60,40,16.09
2022,1,41,0.03
2022,4,41,0.02
2022,5,41,0.69
2022,6,41,0.18
2022,8,41,0.01
2022,10,41,0.17
2022,11,41,5.44
2022,12,41,23.3
2022,13,41,0.66
2022,14,41,3.71
2022,15,41,0.47
2022,16,41,0.03
2022,18,41,1.72
2022,19,41,0.61
2022,20,41,0.15
2022,21,41,0.05
2022,22,41,3.28
2022,23,41,4.5
2022,24,41,11.11
2022,26,41,1.54
2022,27,41,3.1
2022,28,41,4.87
2022,29,41,2.93
2022,31,41,4.34
2022,32,41,2.41
2022,33,41,32.05
2022,34,41,187.72
2022,35,41,3.06
2022,36,41,0.75
2022,37,41,83.54
2022,38,41,75.6
2022,39,41,146.48
2022,40,41,32.9
2022,41,41,1607.17
2022,42,41,0.67
2022,43,41,20.51
2022,44,41,6.03
2022,45,41,8.94
2022,47,41,0.74
2022,48,41,27.93
2022,49,41,0.03
2022,50,41,24.51
2022,51,41,10.55
2022,52,41,39.84
2022,53,41,2.77
2022,54,41,12.65
2022,55,41,0.6
2022,57,41,0.16
2022,58,41,0.67
2022,59,41,3.68
2022,60,41,0.22
2022,61,41,2.24
2022,1,42,0.53
2022,4,42,0.22
2022,5,42,3.5
2022,6,42,0.3
2022,7,42,0.2
2022,8,42,0.03
2022,9,42,0.04
2022,10,42,0.02
2022,11,42,1.13
2022,12,42,4.42
2022,13,42,0.25
2022,14,42,2.08
2022,15,42,0.3
2022,16,42,8.8
2022,17,42,0.05
2022,18,42,4.76
2022,19,42,0.66
2022,20,42,0.22
2022,21,42,0.13
2022,22,42,1.51
2022,23,42,0.39
2022,24,42,112.13
2022,25,42,10.49
2022,26,42,7.07
2022,27,42,1986.33
2022,28,42,3.9
2022,29,42,6.78
2022,31,42,2.85
2022,33,42,4.12
2022,34,42,4.8
2022,35,42,1.5
2022,36,42,3.31
2022,37,42,29.89
2022,38,42,64.91
2022,39,42,322.88
2022,40,42,67.25
2022,41,42,17.57
2022,42,42,59.14
2022,43,42,111.35
2022,44,42,9.38
2022,45,42,125.43
2022,46,42,13.83
2022,47,42,6.95
2022,48,42,12.57
2022,49,42,0.74
2022,50,42,56.37
2022,51,42,2.59
2022,52,42,50.65
2022,53,42,498.77
2022,54,42,8.9
2022,55,42,0.06
2022,57,42,0.81
2022,58,42,0.56
2022,59,42,0.02
2022,60,42,0.28
2022,61,42,0.2
2022,1,43,0.03
2022,4,43,0.2
2022,5,43,4.67
2022,6,43,1.85
2022,7,43,0.13
2022,8,43,0.03
2022,10,43,0.01
2022,11,43,10.64
2022,12,43,37.39
2022,13,43,0.3
2022,14,43,2.94
2022,15,43,0.6
2022,18,43,0.08
2022,19,43,0.3
2022,20,43,0.06
2022,21,43,0.08
2022,22,43,6.62
2022,23,43,1.19
2022,24,43,88.61
2022,25,43,12.76
2022,26,43,15.88
2022,28,43,10.02
2022,29,43,1.93
2022,31,43,22
2022,33,43,55.93
2022,34,43,134.5
2022,35,43,28.67
2022,36,43,16.12
2022,37,43,111.44
2022,38,43,121.95
2022,39,43,45.03
2022,40,43,57.46
2022,41,43,65.95
2022,42,43,226.85
2022,43,43,253.11
2022,44,43,32.03
2022,45,43,7.36
2022,46,43,20.26
2022,47,43,3.42
2022,48,43,3.08
2022,49,43,0.9
2022,50,43,149.78
2022,51,43,4.77
2022,52,43,21.83
2022,53,43,3.77
2022,54,43,82.76
2022,55,43,0.99
2022,57,43,4.14
2022,58,43,1.63
2022,59,43,3.01
2022,60,43,1.79
2022,61,43,6.81
2022,2,44,0.01
2022,4,44,0.07
2022,5,44,8.37
2022,6,44,1.98
2022,7,44,0.06
2022,8,44,0.01
2022,9,44,0.01
2022,10,44,0.54
2022,11,44,2.41
2022,12,44,0.89
2022,13,44,0.28
2022,14,44,1.55
2022,15,44,0.11
2022,17,44,0.03
2022,18,44,0.01
2022,19,44,0.73
2022,20,44,0.01
2022,21,44,0.11
2022,22,44,2.03
2022,23,44,2.04
2022,24,44,27.44
2022,25,44,1.62
2022,26,44,0.4
2022,27,44,0.01
2022,28,44,2.92
2022,29,44,2941.77
2022,31,44,0.92
2022,32,44,0.21
2022,33,44,35.34
2022,34,44,27.11
2022,35,44,5.12
2022,36,44,2.56
2022,37,44,51.81
2022,38,44,93.99
2022,39,44,68.76
2022,40,44,17.82
2022,41,44,19.93
2022,42,44,28.84
2022,43,44,59.65
2022,44,44,160.91
2022,45,44,2.44
2022,46,44,69.49
2022,47,44,18.43
2022,48,44,24.41
2022,49,44,24.86
2022,50,44,29.39
2022,51,44,3.76
2022,52,44,451.32
2022,53,44,5.19
2022,54,44,10.52
2022,55,44,0.1
2022,57,44,0.42
2022,58,44,0.11
2022,59,44,0.16
2022,60,44,0.14
2022,61,44,1.01
2022,4,45,0.07
2022,5,45,1.43
2022,6,45,0.02
2022,7,45,0.01
2022,8,45,0.01
2022,11,45,1.45
2022,12,45,0.12
2022,13,45,5.23
2022,14,45,17.28
2022,15,45,0.08
2022,17,45,0.2
2022,18,45,1.88
2022,19,45,2.12
2022,20,45,0.13
2022,21,45,0.03
2022,22,45,0.86
2022,23,45,2.11
2022,24,45,79.12
2022,25,45,1.6
2022,26,45,2.56
2022,27,45,19.27
2022,28,45,0.48
2022,29,45,6.19
2022,31,45,6.27
2022,33,45,6.03
2022,34,45,8.24
2022,35,45,3.52
2022,36,45,1.99
2022,37,45,17.18
2022,38,45,12.31
2022,39,45,10
2022,40,45,40.16
2022,41,45,31.96
2022,42,45,75.8
2022,43,45,45.02
2022,44,45,4.88
2022,45,45,253.82
2022,46,45,9.83
2022,47,45,0.06
2022,48,45,2.06
2022,49,45,0.92
2022,50,45,151.97
2022,52,45,37.91
2022,53,45,171.96
2022,54,45,16.72
2022,55,45,0.09
2022,57,45,0.41
2022,58,45,0.15
2022,59,45,1.21
2022,60,45,0.96
2022,61,45,2.89
2022,1,46,0.56
2022,4,46,1.69
2022,5,46,1.12
2022,6,46,0.51
2022,7,46,0.03
2022,8,46,0.02
2022,9,46,0.02
2022,11,46,7.11
2022,12,46,0.25
2022,13,46,9.48
2022,14,46,3.18
2022,15,46,1.58
2022,18,46,0.03
2022,19,46,1.55
2022,20,46,0.01
2022,22,46,1.54
2022,23,46,11.66
2022,24,46,261.03
2022,25,46,2.87
2022,26,46,6.37
2022,27,46,0.05
2022,28,46,5.05
2022,29,46,648.51
2022,31,46,8.51
2022,32,46,0.01
2022,33,46,4.28
2022,34,46,8.38
2022,35,46,0.65
2022,36,46,5.47
2022,37,46,29.89
2022,38,46,12.08
2022,39,46,21.67
2022,40,46,29.88
2022,41,46,11.26
2022,42,46,169.27
2022,43,46,289.51
2022,44,46,11.16
2022,45,46,95.67
2022,46,46,71.91
2022,47,46,12.79
2022,48,46,44.41
2022,49,46,11.1
2022,50,46,220.4
2022,52,46,527.12
2022,53,46,3.29
2022,54,46,38
2022,55,46,0.1
2022,58,46,2.32
2022,59,46,0.43
2022,60,46,0.47
2022,61,46,0.52
2022,5,47,3.28
2022,6,47,1.21
2022,9,47,0.01
2022,11,47,5.54
2022,12,47,1.03
2022,13,47,1.04
2022,14,47,1.93
2022,15,47,0.11
2022,16,47,0.07
2022,17,47,0.01
2022,18,47,0.45
2022,19,47,0.2
2022,20,47,0.22
2022,21,47,0.05
2022,22,47,3.35
2022,23,47,2.19
2022,24,47,14.31
2022,25,47,3.14
2022,26,47,6.23
2022,27,47,0.01
2022,28,47,2.91
2022,29,47,3.36
2022,31,47,5.08
2022,32,47,0.58
2022,33,47,26.29
2022,34,47,17.27
2022,35,47,17.8
2022,36,47,12.27
2022,37,47,56.38
2022,38,47,42.84
2022,39,47,3.71
2022,40,47,7.72
2022,41,47,2.86
2022,42,47,18.28
2022,43,47,3.82
2022,44,47,0.92
2022,45,47,16.58
2022,46,47,6.09
2022,47,47,17.61
2022,48,47,21.05
2022,49,47,0.71
2022,50,47,29.53
2022,52,47,0.12
2022,53,47,0.26
2022,54,47,28.55
2022,55,47,0.17
2022,57,47,2.55
2022,58,47,0.69
2022,59,47,9.22
2022,60,47,0.25
2022,61,47,39.36
2022,4,48,0.02
2022,5,48,55.61
2022,6,48,8.75
2022,7,48,22.3
2022,8,48,0.27
2022,9,48,0.21
2022,11,48,55.02
2022,12,48,11.59
2022,13,48,8.61
2022,14,48,91.4
2022,15,48,1.99
2022,16,48,1.65
2022,18,48,11.98
2022,19,48,5.61
2022,20,48,2.84
2022,21,48,0.68
2022,22,48,24.46
2022,23,48,75.69
2022,24,48,239.33
2022,25,48,18.12
2022,26,48,50.39
2022,27,48,0.01
2022,28,48,37.39
2022,29,48,49.9
2022,31,48,60.04
2022,32,48,3.47
2022,33,48,111.83
2022,34,48,116.24
2022,35,48,90.25
2022,36,48,69.94
2022,37,48,296.43
2022,38,48,197.7
2022,39,48,73.91
2022,40,48,83.03
2022,41,48,69.65
2022,42,48,174.04
2022,43,48,222.04
2022,44,48,19.37
2022,45,48,926.07
2022,46,48,14.08
2022,47,48,9.42
2022,48,48,47.25
2022,49,48,1.68
2022,50,48,260.41
2022,52,48,50.15
2022,53,48,27.32
2022,54,48,139.33
2022,55,48,8.97
2022,57,48,3.55
2022,58,48,6.36
2022,59,48,103.32
2022,60,48,3.02
2022,61,48,24.64
2022,4,49,0.1
2022,5,49,2.13
2022,7,49,0.47
2022,8,49,0.11
2022,9,49,0.04
2022,10,49,1.61
2022,11,49,2.29
2022,12,49,0.09
2022,13,49,1.42
2022,14,49,30.4
2022,15,49,0.97
2022,17,49,0.04
2022,18,49,2.45
2022,19,49,26.88
2022,20,49,8.85
2022,21,49,17.86
2022,22,49,1.14
2022,23,49,40.08
2022,24,49,68.63
2022,25,49,3.41
2022,26,49,14.19
2022,28,49,163.98
2022,29,49,79.15
2022,31,49,15.63
2022,32,49,9.6
2022,33,49,73.06
2022,34,49,45.3
2022,35,49,0.08
2022,36,49,2.24
2022,37,49,38.96
2022,38,49,61.4
2022,39,49,1250.72
2022,40,49,200.33
2022,41,49,159.26
2022,42,49,201.55
2022,43,49,198.4
2022,44,49,2.07
2022,45,49,369.22
2022,46,49,1.65
2022,47,49,12.24
2022,48,49,11.28
2022,49,49,1.33
2022,50,49,142.61
2022,52,49,263.64
2022,53,49,5.36
2022,54,49,1.08
2022,55,49,1.14
2022,58,49,1.18
2022,59,49,0.68
2022,60,49,0.83
2022,61,49,29.38
2022,1,50,0.06
2022,4,50,0.45
2022,5,50,8.94
2022,6,50,1.25
2022,7,50,0.07
2022,8,50,0.03
2022,9,50,0.01
2022,11,50,1.78
2022,12,50,1.52
2022,13,50,0.64
2022,14,50,7.97
2022,15,50,0.2
2022,16,50,0.2
2022,18,50,0.44
2022,19,50,0.15
2022,20,50,0.07
2022,21,50,0.13
2022,22,50,1.41
2022,23,50,0.9
2022,24,50,14.97
2022,25,50,1.25
2022,26,50,2.37
2022,28,50,9.73
2022,29,50,3.2
2022,31,50,3.97
2022,32,50,0.36
2022,33,50,18.71
2022,34,50,7.89
2022,35,50,4.57
2022,36,50,2.31
2022,37,50,11.5
2022,38,50,12.9
2022,39,50,1
2022,40,50,4.85
2022,41,50,17.66
2022,42,50,43.34
2022,43,50,0.7
2022,44,50,35.07
2022,45,50,41.26
2022,46,50,1.41
2022,47,50,63.02
2022,48,50,8.36
2022,49,50,3.63
2022,50,50,373.26
2022,51,50,3.95
2022,52,50,0.39
2022,53,50,13.07
2022,54,50,49.09
2022,55,50,6.33
2022,57,50,2.52
2022,58,50,0.79
2022,59,50,19.84
2022,60,50,1.12
2022,61,50,23.92
2022,4,51,0.17
2022,5,51,0.25
2022,6,51,0.04
2022,11,51,0.14
2022,12,51,1.61
2022,13,51,0.01
2022,14,51,0.11
2022,15,51,0.04
2022,16,51,0.01
2022,18,51,0.01
2022,21,51,0.01
2022,22,51,0.01
2022,23,51,0.25
2022,24,51,8.59
2022,25,51,0.06
2022,26,51,0.15
2022,28,51,0.72
2022,29,51,0.16
2022,31,51,1.39
2022,32,51,6.98
2022,33,51,36.83
2022,34,51,0.75
2022,35,51,12.95
2022,36,51,0.43
2022,37,51,0.73
2022,38,51,1.32
2022,39,51,1.15
2022,40,51,3.46
2022,41,51,0.04
2022,42,51,5.39
2022,43,51,22.94
2022,44,51,1.09
2022,45,51,14.61
2022,46,51,1.64
2022,47,51,6.79
2022,48,51,6.21
2022,49,51,0.02
2022,50,51,10.19
2022,51,51,56.48
2022,52,51,12.78
2022,53,51,0.03
2022,54,51,2.24
2022,55,51,0.01
2022,58,51,2.01
2022,59,51,0.11
2022,60,51,0.02
2022,61,51,0.02
2022,4,52,1.23
2022,5,52,9.99
2022,6,52,0.92
2022,7,52,0.32
2022,8,52,0.06
2022,9,52,0.06
2022,10,52,0.47
2022,11,52,5.57
2022,12,52,1.91
2022,13,52,4.22
2022,14,52,69.33
2022,15,52,3.45
2022,16,52,0.93
2022,17,52,0.01
2022,18,52,12.16
2022,19,52,3.92
2022,20,52,1.87
2022,21,52,0.32
2022,22,52,2.9
2022,23,52,2.37
2022,24,52,78.28
2022,25,52,3.32
2022,26,52,16.93
2022,27,52,0.01
2022,28,52,13.2
2022,29,52,18.21
2022,30,52,2.21
2022,31,52,5.82
2022,32,52,0.38
2022,33,52,31.48
2022,34,52,13.6
2022,35,52,6.42
2022,36,52,10.69
2022,37,52,104.99
2022,38,52,25.82
2022,39,52,14.94
2022,40,52,28.06
2022,41,52,34.45
2022,42,52,83.34
2022,43,52,51.03
2022,44,52,102.01
2022,45,52,100.93
2022,46,52,38.47
2022,47,52,3.54
2022,48,52,13.63
2022,49,52,0.33
2022,50,52,175.57
2022,52,52,1329.71
2022,53,52,17.11
2022,54,52,5.73
2022,55,52,0.5
2022,57,52,4.89
2022,58,52,0.83
2022,59,52,10.78
2022,60,52,0.31
2022,61,52,1.86
2022,1,53,11.24
2022,2,53,2.79
2022,4,53,3.18
2022,5,53,4.77
2022,6,53,0.88
2022,7,53,4.5
2022,8,53,3.7
2022,9,53,0.29
2022,10,53,0.5
2022,11,53,17.9
2022,12,53,73.85
2022,13,53,18.06
2022,14,53,24.69
2022,15,53,8.12
2022,16,53,3.18
2022,17,53,3.26
2022,18,53,0.59
2022,19,53,2.44
2022,20,53,0.1
2022,21,53,1.38
2022,22,53,14.28
2022,23,53,49.34
2022,24,53,139.4
2022,25,53,234.41
2022,26,53,10.81
2022,27,53,213.59
2022,28,53,27.49
2022,29,53,44.67
2022,31,53,14.94
2022,32,53,0.35
2022,33,53,9.11
2022,34,53,1.86
2022,35,53,10.48
2022,36,53,48.81
2022,37,53,81.86
2022,38,53,279.09
2022,39,53,27.02
2022,40,53,68.35
2022,42,53,86.7
2022,43,53,13.63
2022,44,53,7.36
2022,45,53,16.38
2022,47,53,1.56
2022,48,53,31.75
2022,49,53,6.03
2022,51,53,0.9
2022,52,53,12.61
2022,53,53,136.19
2022,54,53,239.22
2022,55,53,18.01
2022,56,53,19.37
2022,57,53,3.53
2022,58,53,111.76
2022,59,53,46.14
2022,60,53,8.22
2022,61,53,66.27
2022,1,54,0.03
2022,4,54,0.91
2022,5,54,7.67
2022,6,54,1.88
2022,8,54,0.19
2022,9,54,0.01
2022,10,54,0.73
2022,11,54,5.84
2022,12,54,32.84
2022,13,54,2.44
2022,14,54,18.9
2022,15,54,0.02
2022,16,54,0.07
2022,17,54,0.01
2022,18,54,0.07
2022,19,54,0.51
2022,20,54,0.6
2022,22,54,16.39
2022,23,54,0.81
2022,24,54,93.79
2022,25,54,1.02
2022,26,54,1.8
2022,27,54,143.1
2022,28,54,0.04
2022,29,54,14.77
2022,30,54,0.03
2022,31,54,6.29
2022,33,54,4.97
2022,34,54,0.06
2022,35,54,4.08
2022,36,54,5.89
2022,37,54,102.04
2022,38,54,6.8
2022,39,54,6.03
2022,40,54,21.24
2022,41,54,0.13
2022,42,54,49.89
2022,43,54,62.99
2022,44,54,0.25
2022,45,54,11.62
2022,46,54,0.08
2022,47,54,1.4
2022,48,54,0.55
2022,49,54,0.03
2022,50,54,3.22
2022,51,54,0.29
2022,52,54,110.32
2022,53,54,70.27
2022,54,54,502.57
2022,57,54,1.39
2022,58,54,0.93
2022,59,54,6.37
2022,60,54,0.59
2022,61,54,17.1
2022,1,55,111.27
2022,4,55,0.65
2022,5,55,52.35
2022,6,55,3.6
2022,7,55,2.53
2022,8,55,0.29
2022,9,55,0.06
2022,10,55,0.08
2022,11,55,37.78
2022,13,55,5.94
2022,14,55,49.91
2022,15,55,21.7
2022,16,55,0.11
2022,18,55,4.51
2022,21,55,0.15
2022,22,55,612.76
2022,23,55,18.31
2022,24,55,113.52
2022,25,55,21
2022,26,55,128.86
2022,27,55,157.18
2022,28,55,95.31
2022,29,55,129.74
2022,31,55,21.28
2022,33,55,15.65
2022,34,55,19.98
2022,35,55,38.95
2022,36,55,31.95
2022,37,55,48.7
2022,38,55,28.64
2022,39,55,0.19
2022,40,55,45.48
2022,42,55,116.08
2022,43,55,199.5
2022,44,55,0.9
2022,45,55,59.48
2022,46,55,1.42
2022,47,55,21.44
2022,48,55,0.52
2022,49,55,0.14
2022,50,55,399.32
2022,52,55,226.6
2022,53,55,148.31
2022,54,55,171.08
2022,55,55,361.68
2022,56,55,17.83
2022,58,55,1.42
2022,60,55,1.93
2022,61,55,69.07
2022,1,56,25.04
2022,4,56,0.53
2022,5,56,51.25
2022,6,56,6.07
2022,7,56,0.94
2022,8,56,0.35
2022,9,56,0.05
2022,11,56,5.56
2022,12,56,18.18
2022,13,56,6.08
2022,14,56,9.58
2022,15,56,3.49
2022,18,56,0.52
2022,19,56,0.59
2022,20,56,1.7
2022,21,56,0.38
2022,22,56,34.14
2022,23,56,29.93
2022,24,56,45
2022,25,56,15.41
2022,26,56,40.23
2022,27,56,23.72
2022,28,56,16.56
2022,29,56,22.19
2022,31,56,37.06
2022,33,56,6.4
2022,34,56,24.76
2022,35,56,28.03
2022,36,56,85.26
2022,37,56,38.86
2022,38,56,68.32
2022,39,56,24.54
2022,40,56,12.76
2022,42,56,113.92
2022,43,56,79.38
2022,44,56,2.71
2022,45,56,3.39
2022,46,56,0.11
2022,47,56,10.96
2022,48,56,1.37
2022,49,56,0.41
2022,50,56,96.7
2022,52,56,143.97
2022,53,56,10.35
2022,54,56,86.16
2022,55,56,201.35
2022,56,56,653.6
2022,57,56,9.82
2022,58,56,19.11
2022,59,56,65.92
2022,60,56,3.34
2022,61,56,7.86
2022,1,57,0.69
2022,4,57,0.35
2022,5,57,7.67
2022,6,57,3.43
2022,7,57,0.09
2022,8,57,0.02
2022,9,57,0.01
2022,10,57,0.21
2022,11,57,3.13
2022,12,57,3.8
2022,13,57,1.25
2022,14,57,4.34
2022,15,57,0.52
2022,16,57,2.31
2022,17,57,0.05
2022,18,57,0.19
2022,19,57,0.19
2022,20,57,0.05
2022,21,57,0.02
2022,22,57,2.07
2022,23,57,16.03
2022,24,57,75.58
2022,25,57,2.73
2022,26,57,8.02
2022,27,57,9.82
2022,28,57,0.58
2022,29,57,4.68
2022,30,57,0.01
2022,31,57,1.55
2022,32,57,0.24
2022,33,57,2.51
2022,34,57,7.66
2022,35,57,0.72
2022,36,57,11.1
2022,37,57,24.58
2022,38,57,13.72
2022,39,57,46.71
2022,40,57,13.99
2022,41,57,0.35
2022,42,57,22.25
2022,43,57,42.9
2022,44,57,2.53
2022,45,57,20.2
2022,46,57,0.86
2022,47,57,13.64
2022,48,57,5.79
2022,49,57,0.09
2022,50,57,34.58
2022,51,57,0.02
2022,52,57,63.43
2022,53,57,0.78
2022,54,57,0.59
2022,55,57,0.22
2022,57,57,537.83
2022,58,57,2.34
2022,59,57,32.61
2022,60,57,0.47
2022,61,57,1.18
2022,1,58,0.16
2022,4,58,1.48
2022,5,58,8.62
2022,6,58,1.18
2022,7,58,0.18
2022,8,58,0.05
2022,9,58,0.01
2022,10,58,0.21
2022,11,58,1.2
2022,12,58,4.98
2022,13,58,1.18
2022,14,58,2.48
2022,15,58,0.07
2022,16,58,1.1
2022,18,58,0.48
2022,19,58,0.42
2022,20,58,0.24
2022,21,58,0.06
2022,22,58,3.25
2022,23,58,8.57
2022,24,58,102.41
2022,25,58,2.41
2022,26,58,5.04
2022,28,58,1.63
2022,29,58,4.13
2022,31,58,0.88
2022,32,58,0.02
2022,33,58,0.62
2022,34,58,4.01
2022,35,58,0.8
2022,36,58,9.02
2022,37,58,17.45
2022,38,58,1.77
2022,39,58,10.69
2022,40,58,11.6
2022,41,58,0.06
2022,42,58,17.15
2022,43,58,37.94
2022,44,58,0.31
2022,45,58,8.28
2022,46,58,2.61
2022,47,58,7.74
2022,48,58,2.28
2022,49,58,0.05
2022,50,58,15.65
2022,52,58,8.65
2022,53,58,0.96
2022,54,58,0.85
2022,55,58,1.23
2022,57,58,28.53
2022,58,58,70.03
2022,59,58,34.23
2022,60,58,0.7
2022,61,58,1.67
2022,1,59,0.09
2022,4,59,0.29
2022,5,59,26.12
2022,6,59,16.57
2022,7,59,0.29
2022,8,59,0.13
2022,9,59,0.04
2022,10,59,1.05
2022,11,59,8.81
2022,12,59,2.17
2022,13,59,3.45
2022,14,59,19.76
2022,15,59,2.01
2022,16,59,14.95
2022,19,59,0.47
2022,20,59,0.07
2022,21,59,0.1
2022,22,59,3.81
2022,23,59,10.93
2022,24,59,25.36
2022,25,59,9.57
2022,26,59,6.8
2022,27,59,36.52
2022,28,59,1.88
2022,29,59,14.04
2022,31,59,3.8
2022,32,59,0.53
2022,33,59,91.79
2022,34,59,94.04
2022,35,59,0.83
2022,36,59,27.54
2022,37,59,300.62
2022,38,59,39.67
2022,39,59,72.2
2022,40,59,10.93
2022,42,59,3.54
2022,43,59,271.87
2022,44,59,0.75
2022,45,59,15.4
2022,47,59,49.68
2022,48,59,5.58
2022,49,59,0.69
2022,50,59,104.54
2022,52,59,177
2022,53,59,6.83
2022,54,59,15.79
2022,55,59,3
2022,57,59,48.48
2022,58,59,40.58
2022,59,59,331.24
2022,60,59,0.22
2022,61,59,0.24
2022,1,60,0.52
2022,2,60,0.08
2022,4,60,0.02
2022,5,60,1.67
2022,6,60,0.1
2022,7,60,0.01
2022,10,60,0.26
2022,11,60,0.19
2022,12,60,0.09
2022,13,60,0.1
2022,14,60,1.37
2022,15,60,0.12
2022,16,60,0.05
2022,17,60,0.02
2022,18,60,0.63
2022,19,60,0.72
2022,20,60,0.07
2022,21,60,0.02
2022,22,60,0.15
2022,23,60,1.4
2022,24,60,4.61
2022,25,60,0.24
2022,26,60,0.21
2022,28,60,1.14
2022,29,60,1.01
2022,31,60,0.58
2022,33,60,0.37
2022,34,60,0.33
2022,36,60,0.99
2022,37,60,1.24
2022,38,60,5.29
2022,39,60,0.8
2022,40,60,1.52
2022,41,60,0.37
2022,42,60,2.33
2022,43,60,3.48
2022,44,60,0.06
2022,45,60,2.02
2022,46,60,0.31
2022,47,60,0.61
2022,48,60,0.19
2022,50,60,2.45
2022,52,60,3.95
2022,53,60,0.13
2022,54,60,0.63
2022,59,60,0.06
2022,60,60,4.82
2022,61,60,0.02
2022,4,61,1.2
2022,5,61,17.03
2022,6,61,0.48
2022,7,61,1.94
2022,8,61,0.21
2022,9,61,0.09
2022,10,61,0.52
2022,11,61,6.94
2022,12,61,0.81
2022,13,61,10.35
2022,14,61,5.88
2022,15,61,1.38
2022,16,61,7.08
2022,17,61,0.04
2022,18,61,1.97
2022,19,61,0.75
2022,20,61,0.19
2022,21,61,0.07
2022,22,61,2.26
2022,23,61,3.14
2022,24,61,67.72
2022,25,61,2.71
2022,26,61,17.42
2022,28,61,8.82
2022,29,61,15.44
2022,31,61,4.71
2022,32,61,0.09
2022,33,61,8
2022,34,61,8.11
2022,35,61,0.39
2022,36,61,6.34
2022,37,61,27.94
2022,38,61,14.06
2022,39,61,8.48
2022,40,61,12.43
2022,41,61,2.74
2022,42,61,24.22
2022,43,61,132.7
2022,44,61,1.73
2022,45,61,1.16
2022,46,61,0.3
2022,47,61,1.48
2022,48,61,7.73
2022,49,61,0.24
2022,50,61,28.9
2022,52,61,21.03
2022,53,61,1.92
2022,54,61,3.49
2022,55,61,6.42
2022,57,61,2.04
2022,58,61,1.06
2022,59,61,1.42
2022,60,61,1.32
2022,61,61,325.65
