"cso_year_int","cso_order_id","cso_key_str","cso_nace_str","cso_match_str","cso_product_str","cso_short_str","cso_section_cat","cso_output_amt","cso_imports_amt","cso_prodtax_amt","cso_coe_amt","cso_surplus_amt","cso_cfc_amt","cso_nonprodtax_amt","cso_va_amt","cso_hh_amt","cso_npish_amt","cso_govt_amt","cso_gfcf_amt","cso_inventory_amt","cso_exports_amt","cso_fte_amt","cso_persons_amt"
1998,1,"r1:1,2,5","1,2,5","1,2,3","Agriculture, forestry and fishing","Agriculture, Forestry, Fishing","A",6159,1463,90,348,2811,578,-351,3386,435,20,0,16,-26,534,213360,136790
1998,2,"r1:10,11,12,13,14","10-14","5,6,7,8,9","Mining and quarrying products","Mining and Quarrying","B",774,207,10,218,73,40,14,345,15,7,0,0,14,157,6297.77777777778,5450
1998,3,"r1:15","15","10,11","Food and beverages","Food and Beverages","C",10902,2569,-912,1240,1614,266,81,3201,3884,82,0,0,79,6559,62195.0484913793,56888.9385775862
1998,4,"r1:16","16","12","Tobacco products","Tobacco","C",234,52,3,37,46,12,2,97,159,0,0,0,24,51,1334.95150862069,1221.06142241379
1998,5,"r1:17","17","13","Textiles","Textiles","C",679,337,3,164,40,13,11,228,64,0,0,19,27,564,12693.9512569564,12899.8272884283
1998,6,"r1:18","18","14","Wearing Apparel","Wearing Apparel","C",366,181,1,118,18,15,7,158,11,0,0,0,22,332,6842.3949337939,6953.36787564767
1998,7,"r1:19","19","15","Leather and leather products","Leather Products","C",113,65,0,23,6,4,2,35,5,0,0,0,0,108,2112.54269813855,2146.80483592401
1998,8,"r1:20","20","16","Wood and wood products (excl furniture)","Wood Products","C",604,160,3,119,64,24,2,209,4,0,0,5,4,157,8947.77777777778,8270
1998,9,"r1:21","21","17","Pulp, paper and paper products","Paper Products","C",658,321,1,153,73,20,1,247,79,0,0,0,22,168,6023.88888888889,5560
1998,10,"r1:22","22","18,58,59","Printed matter and recorded media","Publishing, Printing, Media","C",5676,2075,91,609,524,70,7,1210,207,0,0,0,19,3444,49074.521015147,49995.9434246163
1998,11,"r1:24","24","20,21","Chemical products and man-made fibres","Chemicals Incl. Pharma","C",17931,6207,305,826,6621,394,7,7848,192,0,0,0,82,17657,27233.3333333333,25410
1998,12,"r1:25","25","22","Rubber and plastics","Rubber and Plastics","C",1068,413,13,266,14,51,3,334,47,0,0,0,18,662,13177.7777777778,12030
1998,13,"r1:26","26","23","Other non-metallic mineral products","Non-Metallic Minerals","C",1102,335,8,302,70,89,13,474,22,0,0,1,7,393,17792.2222222222,15570
1998,14,"r1:27","27","24","Basic metals","Basic Metals","C",502,246,9,83,-8,0,2,77,1,0,0,0,0,501,4340,4000
1998,15,"r1:28","28","25","Fabricated metal products","Fabricated Metals","C",1153,394,7,309,61,99,5,474,29,0,0,34,20,437,28326.6666666667,25130
1998,16,"r1:29","29","28,33","Machinery and equipment n.e.c.","Machinery and Equipment","C",1556,698,3,388,207,28,4,627,28,0,0,0,0,1528,32106.6666666667,28800
1998,17,"r1:30","30","26","Office machinery and computers","Office Machinery, Computers","C",12961,9067,50,521,1624,220,2,2367,44,0,0,395,46,12468,49566.5200776312,46052.6875515252
1998,18,"r1:31","31","27","Electrical machinery and apparatus","Electrical Machinery","C",2747,1535,12,411,147,11,2,571,1,0,0,11,8,2487,7901.66666666667,7360
1998,19,"r1:32","32","26","Radio, television and communications apparatus","Radio, TV, Telecoms Equipment","C",3057,1132,35,435,740,199,3,1377,0,0,0,0,0,3057,11690.8303276999,10862.0527617477
1998,20,"r1:33","33","26,32","Medical, precision and optical instruments","Medical, Precision Instruments","C",1998,693,2,434,431,161,0,1026,0,0,0,0,0,1998,7640.91560181369,7099.24154987634
1998,21,"r1:34","34","29","Motor vehicles and trailers","Motor Vehicles","C",464,197,2,110,45,12,4,171,34,0,0,35,24,371,8018.33333333333,7280
1998,22,"r1:35","35","30","Other transport equipment","Other Transport Equipment","C",527,213,1,179,41,3,4,227,0,0,0,0,0,527,2162.22222222222,1890
1998,23,"r1:23,36","23,36","19,31,32","Furniture and other manufactured goods n.e.c.","Furniture, Other Mfg, Petroleum","C",1392,586,6,267,149,40,6,462,267,7,0,51,41,668,5323.40065952185,4946.01813685078
1998,24,"r1:37","37","38","Recycling","Recycling","E",34,14,0,6,5,1,0,12,0,0,0,0,0,0,463.741518660537,441.067933382934
1998,25,"r1:40","40","35","Electricity and gas","Electricity and Gas","D",2276,689,41,383,210,188,16,797,911,18,0,0,0,1,11470.5555555556,11140
1998,26,"r1:41","41","36","Water collection and distribution","Water Supply","E",86,18,0,46,2,0,1,49,6,0,0,0,0,0,1671.66666666667,1440
1998,27,"r1:45","45","41,42,43","Construction work","Construction","F",15517,2499,110,2878,2493,89,7,5467,121,0,0,8944,0,0,125043.888888889,109550
1998,28,"r1:50","50","45","Motor fuel and vehicle trade and repair","Motor Trade","G",1551,221,18,517,534,50,33,1134,508,0,0,579,122,0,32890,28220
1998,29,"r1:51","51","46","Wholesale trade","Wholesale Trade","G",4604,647,61,1564,973,151,98,2786,476,0,0,642,121,45,54976.6666666667,48780
1998,30,"r1:52","52","47,95","Retail trade and repair of household goods","Retail Trade","G",4083,502,65,1809,809,169,87,2874,3746,0,0,0,0,156,147795.555555556,153170
1998,31,"r1:55","55","55,56","Hotel and restaurant services","Hotels and Restaurants","I",3302,578,42,1093,886,34,64,2077,2070,0,0,0,0,859,106659.444444444,106060
1998,32,"r1:60","60","49","Land transport services","Land Transport","H",2044,466,88,526,315,120,27,988,908,0,0,0,0,152,41684.4444444444,34280
1998,33,"r1:61","61","50","Water transport services","Water Transport","H",401,164,1,54,88,16,7,165,4,0,0,0,0,148,3412.77777777778,3240
1998,34,"r1:62","62","51","Air transport services","Air Transport","H",1504,430,17,322,107,23,25,477,225,0,0,0,0,598,7653.88888888889,7230
1998,35,"r1:63","63","52,79","Auxiliary transport services and travel agencies","Transport Services, Travel","H",2686,633,29,326,208,29,14,577,56,0,0,0,0,412,16587.2222222222,15690
1998,36,"r1:64","64","53,61","Post and telecommunication services","Post and Telecoms","J",2932,556,12,919,715,452,7,2093,613,33,0,0,0,248,35701.6666666667,33360
1998,37,"r1:65","65","64","Financial intermediation services","Financial Services","K",4418,634,63,1234,-40,708,10,1912,367,0,0,0,0,901,35015,35340
1998,38,"r1:66","66","65","Insurance and pension services","Insurance and Pensions","K",1771,180,17,607,166,348,10,1131,384,0,0,0,0,1171,17031.1111111111,16220
1998,39,"r1:67","67","66","Services auxiliary to financial intermediation","Other Financial","K",979,34,2,262,274,150,16,702,0,0,0,0,0,0,9226.11111111111,8480
1998,40,"r1:70,71,72,73,74,90","70-74,90","37,38,39,62,63,68,69,70,71,72,73,74,77,78,80,81,82","Business services","Business Services","M",12886,1253,86,2455,5240,1944,-41,9598,5752,0,222,445,0,2701,175758.035572343,167164.746752132
1998,41,"r1:75,90","75,90","37,38,39,84","Public administration and defence","Public Administration","O",4553,379,59,2758,1,199,0,2958,17,0,3801,0,0,154,62100.4451312183,59064.1853144852
1998,42,"r1:80","80","85","Education","Education","P",3419,174,20,2897,1,0,8,2906,277,1122,2021,0,0,0,63953.3333333333,94650
1998,43,"r1:85","85","86,87,88","Health and social work services","Health and Social Work","Q",5828,498,60,2987,827,140,10,3964,943,0,3466,0,0,0,114278.888888889,124470
1998,44,"r1:91","91","94","Membership organisation services n.e.c","Membership Organisations","S",346,43,9,219,7,12,0,238,0,222,0,0,0,0,14565,14400
1998,45,"r1:92","92","59,60,90,91,92,93","Recreation","Recreation and Culture","R",970,185,26,383,81,157,0,621,596,0,0,91,0,255,8386.59009596416,8544.05657538369
1998,46,"r1:93","93","96","Other services","Other Personal Services","S",1136,185,16,366,131,37,0,534,453,335,0,0,0,8,20387.2222222222,20980
1998,47,"r1:95","95","97","Private households with employed persons","Households as Employers","T",151,0,0,144,7,0,0,151,151,0,0,0,0,0,6155,8630
1998,48,"r1:99","99","99","Extra-territorial services","Extraterritorial Bodies","U",10,0,0,10,0,0,0,10,0,0,0,0,0,10,0,0
2005,1,"r1:1,2,5","1,2,5","1,2,3","Agriculture, hunting, forestry and fishing (01 - 05)","Agriculture, Forestry, Fishing","A",7200,1316,-94,462,2780,691,-1287,2646,570,0,0,0,26,678,175068.333333333,112690
2005,2,"r1:10,11,12,13","10-13","5,6,7,9","Mining and quarrying (10 - 13)","Mining (Energy, Metal Ores)","B",690,111,7,147,117,20,6,291,124,0,0,33,14,288,5241.79292929293,4600
2005,3,"r1:14","14","8","Other mining and quarrying (14)","Other Mining and Quarrying","B",762,52,27,67,21,2,6,96,0,0,0,97,-14,37,5788.76262626263,5080
2005,4,"r1:15","15","10,11","Food products and beverages (15)","Food and Beverages","C",16619,4968,-402,1537,2377,251,87,4252,1251,37,0,0,2,12383,60896.3100092373,58225.7125890736
2005,5,"r1:16","16","12","Tobacco products (16)","Tobacco","C",221,39,1,29,102,11,1,142,124,0,0,0,0,93,809.801101873845,774.287410926366
2005,6,"r1:17","17","13","Textiles (17)","Textiles","C",381,135,3,122,18,20,4,164,26,0,0,0,25,291,5417.03584804708,5834.25361155698
2005,7,"r1:18","18","14","Wearing apparel dressing and dyeing of fur (18)","Wearing Apparel","C",213,91,2,46,16,11,3,76,32,0,0,0,0,175,3028.42161583735,3261.66934189406
2005,8,"r1:19","19","15","Leather and leather products (19)","Leather Products","C",29,9,0,6,5,1,0,12,17,0,0,0,3,2,412.320313893348,444.077046548957
2005,9,"r1:20","20","16","Wood and wood products (20)","Wood Products","C",1179,249,4,235,137,41,7,420,29,0,0,0,34,375,10986.1111111111,9880
2005,10,"r1:21","21","17","Pulp, paper and paper products (21)","Paper Products","C",627,191,2,163,55,3,5,226,43,0,0,0,-6,188,3677.22222222222,3610
2005,11,"r1:22","22","18,58,59","Publishing, printing and reproduction of recorded media (22)","Publishing, Printing, Media","C",12963,8322,134,602,2734,78,10,3423,400,0,0,0,44,11313,50483.4501513131,53363.019490826
2005,12,"r1:24","24","20,21","Chemicals and chemical products (24)","Chemicals Incl. Pharma","C",31625,17525,516,1528,8713,838,50,11129,55,0,0,0,18,30868,36153.8888888889,34510
2005,13,"r1:25","25","22","Rubber and plastic products (25)","Rubber and Plastics","C",1609,430,19,401,153,57,9,619,88,0,0,0,-6,762,9963.88888888889,9530
2005,14,"r1:26","26","23","Other non-metallic mineral products (26)","Non-Metallic Minerals","C",2302,325,27,444,319,176,20,959,14,0,0,0,-12,397,16181.1111111111,14520
2005,15,"r1:27","27","24","Basic metals (27)","Basic Metals","C",726,217,25,112,86,25,6,228,0,0,0,0,10,535,8524.44444444445,7840
2005,16,"r1:28","28","25","Fabricated metal products, except machinery and equipment (28)","Fabricated Metals","C",2088,635,6,515,264,76,37,892,79,0,0,94,-5,536,22481.1111111111,20170
2005,17,"r1:29","29","28,33","Machinery and equipment n.e.c. (29)","Machinery and Equipment","C",2009,719,8,455,314,64,47,880,24,0,0,108,4,1783,34882.2222222222,33350
2005,18,"r1:30","30","26","Office machinery and computers (30)","Office Machinery, Computers","C",12952,10918,129,343,386,108,2,839,5,0,0,30,13,12655,29627.7478652545,28006.2419784004
2005,19,"r1:31","31","27","Electrical machinery and apparatus n.e.c. (31)","Electrical Machinery","C",1732,956,19,276,25,19,46,366,21,0,0,49,37,1303,4552.77777777778,4390
2005,20,"r1:32","32","26","Radio, television and communication equipment and apparatus (32)","Radio, TV, Telecoms Equipment","C",4307,1965,6,392,1042,192,27,1653,35,0,0,57,-26,3617,9852.2784168971,9313.07012051964
2005,21,"r1:33","33","26,32","Medical, precision and optical instruments, watches and clocks (33)","Medical, Precision Instruments","C",5491,2326,32,784,1388,279,1,2452,2,0,0,25,2,5262,12560.6827924732,11873.2454218188
2005,22,"r1:34","34","29","Motor vehicles, trailers and semi-trailers (34)","Motor Vehicles","C",657,259,23,128,18,36,2,184,52,0,0,90,1,504,7550.55555555556,6700
2005,23,"r1:35","35","30","Other transport equipment (35)","Other Transport Equipment","C",457,162,3,213,13,14,4,244,1,0,0,58,-5,397,648.333333333333,560
2005,24,"r1:37","37","38","Recycling (37)","Recycling","E",97,37,0,12,9,4,1,27,0,0,0,0,0,4,600.742162507997,567.85028790787
2005,25,"r1:40","40","35","Electricity, gas, steam and hot water supply (40)","Electricity and Gas","D",4122,992,36,582,310,564,12,1468,1154,0,0,0,0,17,12588.8888888889,12370
2005,26,"r1:41","41","36","Collection, purification and distribution of water (41)","Water Supply","E",283,29,4,90,2,1,0,93,13,0,106,0,0,0,1593.88888888889,1470
2005,27,"r1:45","45","41,42,43","All construction (45)","Construction","F",38442,4978,305,9380,4246,351,24,14001,246,0,0,26517,0,0,228442.777777778,204670
2005,28,"r1:50","50","45","Motor trades (50)","Motor Trade","G",2294,140,66,839,563,61,65,1527,1261,0,0,483,0,0,42610,38590
2005,29,"r1:51","51","46","Wholesale trade (51)","Wholesale Trade","G",13342,701,95,3804,6495,715,268,11282,1420,11,0,567,55,6055,59297.7777777778,55710
2005,30,"r1:52","52","47,95","Retail trade (52)","Retail Trade","G",7964,340,67,3303,1738,201,190,5432,7954,0,0,0,0,0,175502.777777778,202550
2005,31,"r1:55","55","55,56","Hotels and restaurants (55)","Hotels and Restaurants","I",9800,1708,223,2177,702,347,119,3346,5109,0,0,0,0,2503,111777.222222222,120210
2005,32,"r1:60","60","49","Land transport (60)","Land Transport","H",3853,305,275,1365,399,427,25,2215,1407,0,0,0,0,138,62937.7777777778,54060
2005,33,"r1:61","61","50","Water transport (61)","Water Transport","H",424,63,12,105,29,27,4,166,42,0,0,0,0,188,3855,3310
2005,34,"r1:62","62","51","Air transport (62)","Air Transport","H",3108,840,215,375,267,279,18,939,246,0,0,0,0,1629,6178.33333333333,5860
2005,35,"r1:63","63","52,79","Supporting and auxiliary transport activities, activities of travel agencies (63)","Transport Services, Travel","H",4838,1819,83,696,267,280,30,1273,2476,0,0,0,0,352,22021.6666666667,21390
2005,36,"r1:64","64","53,61","Post and telecommunications (64)","Post and Telecoms","J",6956,1008,54,1532,640,670,39,2881,2220,0,0,0,0,443,40284.4444444444,39020
2005,37,"r1:65","65","64","Financial intermediation, except insurance and pension funding (65)","Financial Services","K",14255,3701,289,2636,4333,871,38,7877,2020,0,0,0,0,5194,49653.8888888889,50870
2005,38,"r1:66","66","65","Insurance and pension funding, except compulsory social security (66)","Insurance and Pensions","K",11944,6163,224,1344,1754,377,30,3506,2611,0,0,0,0,6909,23227.7777777778,23230
2005,39,"r1:67","67","66","Other financial intermediation (67)","Other Financial","K",4858,597,109,687,1596,347,6,2636,623,0,0,0,0,900,16922.7777777778,16430
2005,40,"r1:70","70","68","Real estate activities (70)","Real Estate","L",14750,187,224,339,7067,3398,1,10805,11134,0,0,470,0,0,8382.22222222222,8370
2005,41,"r1:71","71","77","Renting of machinery and equipment without operator and of personal and household goods (71)","Renting of Machinery, Goods","N",5924,1329,64,296,2228,1080,-1,3603,234,0,0,0,0,4240,11807.7777777778,11500
2005,42,"r1:72","72","62,63","Computer and related activities (72)","Computer Services","J",12941,4624,208,1265,1266,639,-3,3166,0,0,0,402,0,7722,46353.3333333333,42980
2005,43,"r1:73","73","72","Research and development (73)","Research and Development","M",1018,49,12,286,66,30,0,382,0,0,150,0,0,333,3171.11111111111,3320
2005,44,"r1:74","74","69,70,71,73,74,78,80,81,82","Other business activities (74)","Other Business Services","M",19611,3533,399,4605,2863,1438,-5,8901,280,0,0,2517,0,4788,176108.888888889,174580
2005,45,"r1:75","75","84","Public administration and defence, compulsory social security (75)","Public Administration","O",10903,448,562,4850,0,1382,0,6232,74,0,9967,66,0,36,92217.2222222222,94660
2005,46,"r1:80","80","85","Education (80)","Education","P",7838,229,105,5816,36,4,30,5886,705,2071,4485,0,0,0,83527.7777777778,125560
2005,47,"r1:85","85","86,87,88","Health and social work (85)","Health and Social Work","Q",15680,1661,210,8100,1454,56,59,9669,2014,533,10084,0,0,0,176877.222222222,204170
2005,48,"r1:90","90","37,38,39","Sewage and refuse disposal, sanitation and similar activities (90)","Sewage and Refuse","E",1466,120,17,245,60,26,14,344,270,0,112,0,0,0,9079.257837492,8582.14971209213
2005,49,"r1:91","91","94","Activities of membership organizations n.e.c. (91)","Membership Organisations","S",958,45,10,351,26,12,9,397,310,461,0,0,0,0,14047.2222222222,14490
2005,50,"r1:92","92","59,60,90,91,92,93","Recreational, cultural and sporting activities (92)","Recreation and Culture","R",2788,219,54,939,561,252,17,1769,1427,0,0,155,0,363,10857.660959798,11476.980509174
2005,51,"r1:93","93","96","Other service activities (93)","Other Personal Services","S",1124,58,12,442,118,51,18,629,519,0,0,0,0,79,31906.1111111111,34510
2005,52,"r1:95","95","97","Activities of households as employers of domestic staff (95)","Households as Employers","T",136,0,0,136,0,0,0,136,136,0,0,0,0,0,5941.66666666667,7870
2005,53,"r1:23,36","23,36","19,31,32","Coke, refined petroleum products, nuclear fuel, furniture and manufacturing n.e.c. (23, 36)","Furniture, Other Mfg, Petroleum","C",2806,1586,19,360,47,63,10,480,573,0,0,60,-17,1173,6418.73536981965,6067.44247926123
2010,1,"1,2,3","1-3","1,2,3","Agriculture, forestry and fishing","Agriculture, Forestry, Fishing","A",6361.75980601112,2079.96678578083,41.1787791263987,577.313168356793,1928.37823114264,773.570114322245,-1157.01124866599,2122.25026515569,751.909237769996,0,0,-39.6970947318283,371.456423557154,957.312695726665,157554.444444444,110500
2010,2,"5,6,7,8,9","5-9","5,6,7,8,9","Mining, quarrying and extraction","Mining and Quarrying","B",907.626079209952,166.784344840965,9.42634594787598,281.889982521491,212.167906418653,16.4711540302738,11.742664104005,522.271707074423,6.59125467736813,0,0.353552418810636,122.459286962581,-272.477929042538,451.703435662773,7175.55555555556,7110
2010,3,"10,11,12","10-12","10,11,12","Food & beverages and tobacco products","Food, Beverages, Tobacco","C",20048.5203709647,8051.60354157654,-62.960351740829,1607.82681950747,2986.63487955078,685.483084692009,38.9912705580285,5318.93605430829,651.862886964146,19.4533101803244,0.145213666094184,0,-210.398433473938,17680.2679453191,47351.1111111111,46640
2010,4,"13,14,15","13-15","13,14,15","Textiles, wearing apparel and leather products","Textiles, Apparel, Leather","C",370.161652036735,167.650471656559,1.53632096977295,98.0235709500468,15.6563480706359,31.8713195086595,1.70864853480142,147.259887064144,89.5721060874817,0,0,5.06860979426097,7.25718112392828,202.894360382001,5955.55555555556,6520
2010,5,"16","16","16","Wood and wood products (excl furniture)","Wood Products","C",682.093258410691,215.331334141692,-47.0899253735479,160.157436772383,-18.2590692516338,3.63978663519061,2.53778701290738,148.075941168847,24.0527837922077,0,0,1.95787501848099,-131.763329941754,319.389174507531,5770.55555555556,5830
2010,6,"17","17","17","Pulp, paper and paper products","Paper Products","C",525.734787184033,197.859838181188,2.22956422622965,191.053727631144,6.27027178613998,5.38476761546857,1.88673080366189,204.595497836415,55.5342235676681,0,0,0,-76.6660650072892,225.63386980774,2935,3000
2010,7,"18","18","18","Printed matter and recorded media","Printing","C",1494.28079551738,795.044384132825,2.19771316360237,251.150201500198,134.009226720805,21.7300926869381,0.0769684942705764,406.966489402212,8.08982475193877,0,0,0.407362659865871,181.306347561076,1242.07341919224,7880.55555555556,7830
2010,8,"19,31,32","19,31,32","19,31,32","Petroleum; furniture; other manufacturing","Petroleum, Furniture, Other Mfg","C",8114.64345752985,3636.69213297997,34.0293927569227,1258.25783750467,2142.09225037873,78.4560287622514,6.53558447421654,3485.34170111986,517.637913420245,0,3.10845301184884,107.351027740445,-47.495501456243,6956.55953239773,14961.1111111111,15680
2010,9,"20","20","20","Chemicals and chemical products","Chemicals","C",13647.1834341459,3273.33220306297,18.7972933240315,1475.52891523366,7765.48809018405,599.760390779189,48.3270415772391,9889.10443777414,13.8792229944217,0,0,0,17.5311527877868,13553.0305887992,2889.44444444444,3030
2010,10,"21","21","21","Basic pharmaceutical products","Pharmaceuticals","C",26819.2221562234,19761.1680030647,12.5732229562424,322.637128547554,4688.67571263921,13.4485380189951,9.70424897665209,5034.46562818241,3.33129829558527,0,61.3815643712599,0,-6.90249925509919,26576.3037069143,33982.7777777778,33430
2010,11,"22","22","22","Rubber and plastics","Rubber and Plastics","C",975.710978576884,445.018525134585,3.95267262471909,273.632653785347,46.7437460625398,22.9812482085916,16.2667496296016,359.62439768608,28.1124593887214,0,0,0.698983947191262,-49.4670285653028,811.43994755118,5875.55555555556,5650
2010,12,"23","23","23","Other non-metallic mineral products","Non-Metallic Minerals","C",1463.5443888908,420.337807250467,23.5785985757032,335.411991311398,2.17707457023877,6.06708588983758,9.88282295635394,353.538974727828,56.5618405447288,0,0,-1.67602190583541,-211.381902156293,272.910275799896,5316.66666666667,5730
2010,13,"24","24","24","Basic metals","Basic Metals","C",612.043055703842,289.903220512505,15.8708849372532,116.386208869385,13.6672540525057,31.9650303833468,3.57522131434607,165.593714619584,0,0,0,0,7.50047556635487,586.321023764391,2326.11111111111,2230
2010,14,"25","25","25","Fabricated metal products","Fabricated Metals","C",1328.70431581503,430.938933406154,4.32727954081321,517.134605996035,22.4512803277302,73.031346369632,11.8280679870612,624.445300680459,33.0503244168236,0,0,12.1293303842999,105.033488722011,762.277842146602,16268.3333333333,15940
2010,15,"26","26","26","Computer, electronic & optical products","Computers and Electronics","C",10477.4228063143,6279.45628870169,16.4181847179089,981.285624500572,1584.90261291161,335.909765556131,36.4519885535983,2938.54999152191,4.04464633435773,0,0,15.0185027617079,5.24033628333331,10394.1729420532,27627.7777777778,26560
2010,16,"27","27","27","Electrical equipment","Electrical Equipment","C",875.663272489116,477.231052162328,9.61719607448429,211.865922575873,-5.72560827805612,31.927680824016,3.90317181014752,241.97116693198,0.741417220746111,0,0,8.50819305695299,13.6049527402488,789.453359041468,1810,1820
2010,17,"28","28","28","Machinery and equipment n.e.c.","Machinery and Equipment","C",1514.47794776365,664.672836665673,4.02414304388657,314.101204924769,145.028345624085,61.0562827197364,8.34974353059831,528.535576799188,0.0709311346006798,0,0,6.74880100756505,5.45142265297764,1486.53631776143,29078.8888888889,28610
2010,18,"29","29","29","Motor vehicles, trailers and semi-trailers","Motor Vehicles","C",440.810688900793,215.531599914983,6.21366276571263,92.8528267615146,-2.3580110604939,33.5716296966577,-0.290953926764399,123.775491470914,103.044081494342,0,0,61.7794093947911,-65.9671139498355,271.92141960158,3825,3720
2010,19,"30","30","30","Other transport equipment","Other Transport Equipment","C",220.738672771266,151.982700876273,1.34753562752589,52.8332859115409,-16.0990421876223,0.427039720262663,3.71275526768605,40.8740387118674,0.439379484070108,0,0,39.7098397718594,2.8364198171882,171.636371899216,260,280
2010,20,"33","33","33","Repair/installation of machinery & equipment","Repair of Machinery","C",636.376228199311,235.550549226665,2.71218053552167,234.878096624854,21.1848586170818,0.398971934785891,4.20872402005202,260.670651196774,38.5666884518251,0,0,0,0,0,5311.11111111111,4930
2010,21,"35","35","35","Electricity and gas supply","Electricity and Gas","D",5190.34984900613,1313.4849336824,69.6721440709479,835.957452394877,864.505455312281,752.98166813716,199.160130104711,2652.60470594903,1761.17803885721,0,151.668027909768,0,77.2576813031898,0,12377.2222222222,11880
2010,22,"36","36","36","Water collection, treatment and supply","Water Supply","E",394.34169618629,52.8883372459622,2.47209442946502,173.888311282278,2.93081231377873,4.57901632849072,5.11252017403624,186.510660098584,255.297565433572,0,65.0718884867346,0,0,0,2248.88888888889,2000
2010,23,"37,38,39","37-39","37,38,39","Sewerage, refuse and remediation services","Sewerage and Waste","E",1451.61629058996,153.630389082321,18.3736351660035,267.454303776006,127.831700000733,195.859732677485,236.059525202628,827.205261656852,327.694338633992,0,465.072545533841,0,0,0,10150.5555555556,9960
2010,24,"41,42,43","41-43","41,42,43","Construction and construction works","Construction","F",13048.2862488656,4136.64604086792,196.033764985466,4282.20373267111,-1996.15891706984,431.905344918822,36.458636816583,2754.40879733668,370.948958998712,0,0,9258.93246179724,0,0,94715.5555555556,100020
2010,25,"45","45","45","Motor fuel and vehicle trade and repair","Motor Trade","G",1960.59106815304,398.066803607045,29.6158295993587,978.895599446302,72.457468961058,6.2007614757521,15.7451604266228,1073.29899030973,26.0721382233025,0,0,82.8975768445104,0,59.1174117886121,34717.2222222222,33730
2010,26,"46","46","46","Wholesale trade","Wholesale Trade","G",19794.8634258905,6479.11175285048,131.771014977387,3313.84853808955,4172.50660819012,669.04854848143,96.665773935603,8252.06946869671,1209.12878750442,10.1758372316159,379.850394300664,213.590084380081,-95.8177538526908,10878.2250375433,54539.4444444444,53580
2010,27,"47","47","47","Retail trade","Retail Trade","G",11539.3493332554,2073.58851108802,109.576445193573,3917.78090035676,1901.08773516028,317.294434210984,65.2877073177634,6201.45077704579,10577.5678849622,0,0,0,0,907.376450632223,159338.888888889,195140
2010,28,"49","49","49","Land transport services","Land Transport","H",4122.50277120433,674.980687475826,235.539216227486,1213.27475601414,-188.858130796474,169.514952291983,131.554203419163,1325.48578092882,1674.50045658649,0,233.119147680746,0,0,177.56160692417,50408.3333333333,46820
2010,29,"50","50","50","Water transport services","Water Transport","H",485.42955695893,66.8566433368203,13.7618682626219,121.849992836935,12.9382101753239,17.0244997022675,33.0416796146617,184.854382329188,74.8927989971856,0,0,0,0,292.319802919178,2530.55555555556,2460
2010,30,"51","51","51","Air transport services","Air Transport","H",4519.72742972903,1068.1227428197,345.384625377782,746.734117534168,323.161595298547,817.475927688708,294.67002930782,2182.04166982924,838.400569136536,0,0,0,0,2824.4497258643,9137.22222222222,9400
2010,31,"52","52","52","Warehousing","Warehousing","H",2629.61758822992,162.333729176482,7.37654949285563,653.088557821931,398.462284996393,91.2474896332006,150.395365184962,1293.19369763649,271.693200012577,0,0,0,0,0,14348.3333333333,13170
2010,32,"53","53","53","Postal and courier services","Postal and Courier","H",1622.73798201386,177.776259640006,15.4181485343086,704.327788490852,-27.5142219218634,98.4064746028168,87.1353074293379,862.355348601143,240.170116198853,0,0,0,0,664.231770989579,15273.8888888889,15640
2010,33,"55,56","55,56","55,56","Accommodation and food & beverage services","Accommodation and Food","I",7803.99934270642,1499.21994552804,278.455195887433,2869.75767614537,179.647533201352,407.656863123426,66.6873934444931,3523.74946591465,5412.08960386659,0,0,0,0,1672.54450624486,111208.888888889,130610
2010,34,"58,59,60","58-60","58,59,60","Publishing, film and broadcasting services","Publishing, Film, Broadcasting","J",13293.4083249566,5236.00522751248,2.87977490217827,707.881085950376,4024.23684541962,200.67399714777,7.81255801409606,4940.60448653186,1492.28590070664,0,0,0,0,9350.85505357489,13686.6666666667,14590
2010,35,"61","61","61","Telecommunications services","Telecommunications","J",5328.47933966302,1198.25388189368,29.4404890514843,1248.08175684905,1029.15054617203,263.537220384114,29.4592773609573,2570.22880076616,1777.57313617232,0,95.1225660984991,0,0,650.677565231911,22985,22060
2010,36,"62,63","62,63","62,63","Computer consultancy; data processing","Computer Services","J",22212.3742913698,13621.2573789559,47.5522830097498,1660.2348769097,1992.35370610284,227.515695923437,57.6448485696662,3937.74912750564,0,0,0,960.468397572449,0,17463.0957947729,54307.2222222222,51810
2010,37,"64","64","64","Financial intermediation services","Financial Services","K",17864.1510602863,1738.66257985748,552.516654724347,3218.35791353217,5291.77744258039,314.91964058835,53.4032764005968,8878.45827310151,1446.29265377194,0,0,0,0,6868.71531239169,61051.1111111111,63120
2010,38,"65","65","65","Insurance, reinsurance and pension funding","Insurance and Pensions","K",11957.0298059471,4484.08120074473,457.767210770689,1268.48730767647,1676.32586061583,131.622961222028,29.8191183152784,3106.2552478296,612.464629023421,0,0,0,0,8099.16588559842,22382.7777777778,22000
2010,39,"66","66","66","Other financial activities","Other Financial","K",5000.36175005765,567.029487678478,88.2367575390978,1062.14219326092,1346.63475139316,104.423365283583,12.0759569943144,2525.27626693198,478.373305270723,0,0,0,0,558.619094752218,9818.88888888889,9570
2010,40,"68","68","68","Real estate services","Real Estate","L",15108.8383697725,1651.12810846501,319.99090711948,244.526418732728,4548.13661476913,3719.87531603953,28.5120861048037,8541.05043564618,10813.4745085668,0,656.041926382162,112.793339258,0,0,8859.44444444445,9510
2010,41,"69,70","69,70","69,70","Legal and accounting services; mgt consultancy","Legal, Accounting, Head Offices","M",6607.61995727439,1180.7108153966,43.7941921753666,1438.85055458088,1172.0403920441,74.2358037278919,7.02833799954691,2692.15508835242,221.684380493506,0,0,0,0,429.307029260286,37172.7777777778,37330
2010,42,"71","71","71","Architectural and engineering services","Architecture, Engineering","M",2608.88802275964,108.516050057474,3.48566771197254,1046.76090411333,575.150651308809,36.4294363525002,4.3211069598616,1662.6620987345,0,0,0,0,0,360.696383934066,27548.3333333333,26410
2010,43,"72","72","72","Scientific research and development services","Scientific R&D","M",1242.75990774103,364.316025349861,4.6981999026952,428.460217337405,-313.850021082948,169.515086851932,17.0324496136811,301.157732720069,0,0,13.5625956264676,0,0,709.497079130091,4281.11111111111,4410
2010,44,"73","73","73","Advertising and market research services","Advertising, Market Research","M",1421.78255416207,88.821367124582,1.81545706517261,268.951025172371,776.509615311305,126.75487860807,9.04891816517289,1181.26443725692,0,0,0,0,0,337.889222241169,6120,6200
2010,45,"74,75","74,75","74,75","Other professional, scientific services","Other Professional Services","M",2872.33505244927,600.309480656172,46.7782069750403,859.167145009062,9.5763502593391,1.56321195603515,8.80639834862411,879.11310557306,53.8937623950799,0,0,2.925206719781,0,2438.75638659643,33167.2222222222,33140
2010,46,"77","77","77","Rental and leasing services","Rental and Leasing","N",8929.3906772089,1302.33058619605,69.5880749462481,364.926050972136,2894.17788216449,1168.59864859422,5.79557265966081,4433.49815439051,0.550099409186747,0,0,0,0,8906.95062900942,7187.77777777778,7350
2010,47,"78","78","78","Employment services","Employment Services","N",1190.99994753294,37.0248516134957,3.12202287276341,659.880063253897,271.750240171596,103.504363981914,4.32674990957469,1039.46141731698,11.61141376799,0,0,0,0,0,6187.22222222222,7180
2010,48,"79","79","79","Travel and tourism service activities","Travel Agencies","N",1436.35371987576,247.784159561726,8.4876243638175,213.976776192179,180.002942891627,68.5596086579576,6.60860558504994,469.147933326813,410.345197813498,0,0,0,0,0,6888.33333333333,7720
2010,49,"80,81,82","80-82","80,81,82","Security, office & business support services","Security, Office Support","N",2791.94857395425,112.424743797817,7.83823009704141,1152.89541350722,802.177165510066,305.533629940882,9.82492968522348,2270.43113864339,44.5919717614588,0,0,0,0,0,45469.4444444444,52920
2010,50,"84","84","84","Public administration","Public Administration","O",12105.4609021813,1662.52032459168,602.468654362359,5132.80848706208,-26.7711934727507,1344.07953435654,0,6450.11682794587,90.9593998769817,0,10311.1510827627,23.4104289979071,0,65.072166352567,92007.7777777778,93800
2010,51,"85","85","85","Education services","Education","P",10655.0519732841,486.457478617346,141.194377057838,7823.28322177807,282.941728356212,286.899709629853,-267.658334724531,8125.4663250396,3084.16873553806,0,5545.17148525511,0,0,0,92744.4444444444,143030
2010,52,"86,87,88","86-88","86,87,88","Human health and social work services","Health and Social Work","Q",15447.7519616025,1203.989753963,72.4547092106269,9754.88207694789,1658.87909081882,380.987024523559,-18.4763573094941,11776.2718349808,2471.92965618658,1090.40530537885,10551.65509045,0,0,0,207276.666666667,252000
2010,53,"90,91,92","90-92","90,91,92","Cultural and sporting services","Arts and Gambling","R",2330.70937588733,135.098553889442,4.74211133141387,459.645886768765,830.8169288102,258.053174853382,20.222499953223,1568.73849038557,1067.49268742194,0,0,120.042778523622,0,285.931165963576,19386.1111111111,23750
2010,54,"93","93","93","Recreation services","Recreation and Sports","R",1096.06169202625,58.983025862909,19.0544174131771,451.060363128161,306.397285779408,95.1675268281611,18.4057165496349,871.030892285365,369.125388556443,0,51.8546512755207,0,0,97.1039402396181,18950,23390
2010,55,"94","94","94","Membership organisation services","Membership Organisations","S",1373.89142543619,278.066065864679,15.0919082574996,281.827406543903,24.2698990735247,17.4351587415821,0,323.53246435901,586.983577329753,602.561123667342,0,0,0,0,13098.3333333333,14380
2010,56,"95","95","95","Repair of consumer goods","Repair of Consumer Goods","S",168.040113803931,65.2772269835801,1.23568609592259,52.880181254169,4.77027848485484,2.62537189170332,-45.3041950087991,14.9716366219281,43.5539763897406,0,0,0,0,0,1119.44444444444,1280
2010,57,"96","96","96","Other services","Other Personal Services","S",1131.32066047836,299.935480367845,22.7602922236464,450.024940424052,-98.1014563953424,37.9117598853656,-254.137593466208,135.697650447868,629.925552029039,0,0,0,0,0,23158.3333333333,29020
2010,58,"97","97","97","Private households with employed persons","Households as Employers","T",136.031125627469,0,0,136.031125627469,0,0,0,136.031125627469,136.031125627469,0,0,0,0,0,5595.55555555556,7590
2011,1,"1,2,3","1-3","1,2,3","Agriculture, forestry and fishing","Agriculture, Forestry, Fishing","A",7277.02562494942,2652.65915739928,134.133405158598,586.221123502951,2530.64272511136,765.43914592675,-1789.99094276831,2092.31205177275,1526.46776705075,0,0,17.1291274221177,-99.9575773895232,1102.06981148905,153220.555555556,107850
2011,2,"5,6,7,8,9","5-9","5,6,7,8,9","Mining, quarrying and extraction","Mining and Quarrying","B",982.934416973102,316.101171008114,12.0930627513423,249.675306184018,-263.141115029478,310.591030866669,14.3696140506268,311.494836071836,3.72367374863873,0,0.308422842210948,101.106155650941,-183.209911513601,496.269828138021,6008.88888888889,5710
2011,3,"10,11,12","10-12","10,11,12","Food & beverages and tobacco products","Food, Beverages, Tobacco","C",20119.7862986035,8361.56034806025,106.42365233439,1409.31277419203,3397.43470638053,175.31655690314,71.7388574628226,5053.80289493852,709.802356904034,8.8837057969814,0.0597324744521811,15.6145677305036,-38.9991454285628,18662.4228747937,54928.3333333333,52860
2011,4,"13,14,15","13-15","13,14,15","Textiles, wearing apparel and leather products","Textiles, Apparel, Leather","C",358.702310846172,146.219145319458,1.56677154607649,116.361679748248,10.4640924716595,29.347187730695,8.07817068296541,164.251130633568,80.2504811849388,0,0,3.69321894129424,16.098890756532,216.187304480649,4243.88888888889,4700
2011,5,"16","16","16","Wood and wood products (excl furniture)","Wood Products","C",629.283609480373,184.039173796014,1.23430217243191,147.153033322313,-44.5804357854343,47.2637435592268,0.0458900355212681,149.882231131627,32.3640634624023,0,0,4.42301547896654,-132.097498526961,352.638234578361,5412.77777777778,5370
2011,6,"17","17","17","Pulp, paper and paper products","Paper Products","C",392.720137153433,202.56776217702,0.276312920984076,114.140979176831,-19.2583527905965,11.6449126999479,1.15232185334704,107.679860939529,41.6276342453188,0,0,0.123121721456058,-29.5997641076042,250.758191553344,2331.11111111111,2100
2011,7,"18","18","18","Printed matter and recorded media","Printing","C",859.005830720827,405.718951127285,1.55098225417884,221.524899952746,60.6123738674763,53.809067599773,4.51487067686802,340.461212096863,5.45477810262861,0,0,0.364006685981954,65.8290151047977,770.273415200435,6972.22222222222,7260
2011,8,"19,31,32","19,31,32","19,31,32","Petroleum; furniture; other manufacturing","Petroleum, Furniture, Other Mfg","C",8182.68123451535,4180.32282245427,55.4770937316389,951.62291394299,2243.6441788135,96.6878420537425,-0.751011288685434,3291.20392352155,498.521811293998,0,2.64902860372959,75.0823349721885,-135.977781417469,7195.34947584253,14972.7777777778,14280
2011,9,"20","20","20","Chemicals and chemical products","Chemicals","C",14318.8956632157,3871.14367709072,7.85647120415777,1140.64715292551,7228.32639414237,1470.10555163506,6.33054063774695,9845.40963934069,4.31367971888813,0,0,0.822036988633598,4.0323204844431,14294.9247873703,2912.22222222222,2930
2011,10,"21","21","21","Basic pharmaceutical products","Pharmaceuticals","C",28321.0372892568,18354.5871529167,23.0955907000873,389.133169752882,7651.03272135573,585.782881457085,40.696191648005,8666.6449642137,23.7978151393791,0,45.9553092632769,31.5062996885838,-32.6685441054739,28115.1783388588,32292.2222222222,32200
2011,11,"22","22","22","Rubber and plastics","Rubber and Plastics","C",1129.23096975429,523.459324616006,4.15446359507125,278.951192969197,13.4802007277789,62.7033843781821,18.8875772433521,374.02235531851,73.0901367607978,0,0,2.43128108368806,-54.4140130185047,848.527948463503,4958.88888888889,5060
2011,12,"23","23","23","Other non-metallic mineral products","Non-Metallic Minerals","C",1365.11951716848,401.450497344884,21.7258900693149,334.206736744306,-227.212144922518,225.419998834887,5.25407650120615,337.668667157881,90.9862925577265,0,0,6.88035442713645,-63.1905423247166,297.240359332666,6005,6220
2011,13,"24","24","24","Basic metals","Basic Metals","C",610.812308343932,300.232202177712,18.9337188376219,100.989839913641,-8.5081702826663,37.8198335640031,4.34654326488116,134.648046459859,0,0,0,0.00255632745544028,0.636718188087223,607.182346821699,3468.33333333333,3380
2011,14,"25","25","25","Fabricated metal products","Fabricated Metals","C",1326.17127498915,490.445238408601,2.75278104378006,489.532613791511,30.1030960537226,53.1732270586526,11.7686555914835,584.577592495369,45.8599381010683,0,0,27.1582077039492,27.4577243966222,879.894359774177,13419.4444444444,13270
2011,15,"26","26","26","Computer, electronic & optical products","Computers and Electronics","C",8287.99737211729,4848.55967240862,14.9124704507939,667.664981683669,1006.42421324264,817.003292504381,32.9103264646875,2524.00281389538,2.36801289987518,0,0,12.8044914792799,4.44180892214528,8243.27744910994,25078.8888888889,24050
2011,16,"27","27","27","Electrical equipment","Electrical Equipment","C",969.734845227105,583.924624424725,9.79892661545036,164.424830945052,-5.28566423872767,71.8807558635315,2.0602441021744,233.08016667203,0.0157887187198247,0,0,6.50642916402797,17.6686337230625,910.153919557564,2790.55555555556,2660
2011,17,"28","28","28","Machinery and equipment n.e.c.","Machinery and Equipment","C",1834.65626648037,783.65816312149,5.65821609142151,406.500567801436,179.539485830362,78.2083142464122,9.39946563134671,673.647833509557,0.00141932279333929,0,0,5.72349048703106,5.98658317741926,1812.78061414178,29707.7777777778,28740
2011,18,"29","29","29","Motor vehicles, trailers and semi-trailers","Motor Vehicles","C",462.194135806189,220.12395267365,6.09230037927921,90.0396607582989,21.9587160012744,34.1448048121688,4.69209209201779,150.83527366376,102.574854799067,0,0,69.4684453178753,-72.9067713494026,325.78130397284,4550.55555555556,4420
2011,19,"30","30","30","Other transport equipment","Other Transport Equipment","C",191.771506138295,140.512480181035,1.84812610560412,39.5138181281657,-22.4676139609407,4.29316548902737,0.161151709368095,21.5005213656205,0.0510981257258463,0,0,4.74127573519526,0.685406435812125,185.400294443006,32.7777777777778,170
2011,20,"33","33","33","Repair/installation of machinery & equipment","Repair of Machinery","C",574.581545950175,163.605429056896,2.29324439367606,224.798834250528,72.546755703317,3.83080928439584,-0.71552051553897,300.460878722702,41.5213493644215,0,0,4.29700751895321,-71.1262254538248,0,4428.33333333333,4360
2011,21,"35","35","35","Electricity and gas supply","Electricity and Gas","D",5513.62277450095,1230.5254548959,64.7431180938013,842.812146293827,1116.91190076479,896.079268081532,203.166792924244,3058.9701080644,1838.86403228528,0,157.957923162402,7.44654607897204,230.209015406694,0,10226.6666666667,10020
2011,22,"36","36","36","Water collection, treatment and supply","Water Supply","E",352.923081951863,53.5633173880108,2.45715547772259,123.742576029716,-11.2892977608517,65.2094318448381,2.46122113432773,180.12393124803,217.489541816905,0,69.1306601797643,0,0.377,0,3090.55555555556,2830
2011,23,"37,38,39","37-39","37,38,39","Sewerage, refuse and remediation services","Sewerage and Waste","E",1547.14741188361,225.331926944259,15.5675399018294,289.647035198155,89.2728292264711,142.15953195487,240.040936927429,761.120333306925,375.30924501498,0,477.280815828537,5.37265121681755,52.9706378701407,0,8827.22222222222,8860
2011,24,"41,42,43","41-43","41,42,43","Construction and construction works","Construction","F",9555.09521777952,3092.43637339235,171.459793969331,3790.85834601741,-1729.37793552989,369.232139196871,24.9159428499254,2455.62849253432,262.118755866336,0,0,7180.34058216497,0,0,85135.5555555556,88310
2011,25,"45","45","45","Motor fuel and vehicle trade and repair","Motor Trade","G",1579.85696534199,211.366847040848,14.5629770556674,908.921990338633,17.8852117734721,203.644773127115,2.25534844952776,1132.70732368875,233.513480642403,0,0,134.997713474705,160,59.1174117886121,34675,33560
2011,26,"46","46","46","Wholesale trade","Wholesale Trade","G",23018.0507225381,8669.68397554071,116.727959110855,4127.16535859201,4675.97165361351,307.195313082598,132.118404676059,9242.45072996417,1588.38748312213,10.159867512328,317.492586298949,547.578587169933,380.201974258384,12743.0004435723,52371.6666666667,51060
2011,27,"47","47","47","Retail trade","Retail Trade","G",10261.6241699872,1805.87130358995,79.8892983092022,3569.25450431049,2048.99762981767,415.982532231253,3.77198035928909,6038.0066467187,7882.16899042069,0,0,0.697635912109998,1427.41897753381,916.376450632223,157346.666666667,192230
2011,28,"49","49","49","Land transport services","Land Transport","H",3277.06118063914,501.652576889558,176.16164510355,1277.10920664197,-85.6994690884692,271.548521522127,42.4160537184035,1505.37431279403,1686.63305935851,0,221.893835878801,0.825867494351432,0,219.346994217774,51410.5555555556,47760
2011,29,"50","50","50","Water transport services","Water Transport","H",506.506314899394,96.5822245893714,22.1380980835619,75.4003231473589,-30.0930813080113,118.450830036466,2.8560040125474,166.614075888361,92.1245089340236,0,0,0,0,300.663877362062,1964.44444444444,1840
2011,30,"51","51","51","Air transport services","Air Transport","H",5008.99078441478,1761.46429823949,495.061936110363,487.306076526361,172.914778020102,648.296982529328,170.556032472119,1479.07386954791,683.742014956803,0,0,0.00102155174877345,0,3673.23517869927,8016.11111111111,8130
2011,31,"52","52","52","Warehousing","Warehousing","H",2111.14611587552,123.204065983303,3.52188503498564,820.838696172469,427.095885015592,100.239752108062,69.5148854354936,1417.68921873162,302.369929326052,0,0,0.75352451287658,0,0,14073.8888888889,13700
2011,32,"53","53","53","Postal and courier services","Postal and Courier","H",1258.30282691902,101.598159777056,10.5049711558529,824.612121802352,-38.7846935825259,107.1956068592,3.3050027966859,896.328037875712,191.514740843637,0,0,0.0196677122148706,0,608.909027880883,16317.7777777778,16620
2011,33,"55,56","55,56","55,56","Accommodation and food & beverage services","Accommodation and Food","I",5357.152807827,649.583845591981,106.672784052247,2618.29246817101,296.857507658331,394.759273533239,58.9277773081653,3368.83702667074,3720.04405004785,0,0,0.0367254625870784,0,1452.19276386393,102945,119820
2011,34,"58,59,60","58-60","58,59,60","Publishing, film and broadcasting services","Publishing, Film, Broadcasting","J",12022.0192161196,1945.73725135384,-11.1871310806135,461.807465734739,6368.99043061969,1420.16143733737,31.4853319351925,8282.444665627,1020.4131550881,0,183.6,1996.09743226447,0,7327.65385458403,14381.6666666667,15610
2011,35,"61","61","61","Telecommunications services","Telecommunications","J",3740.82922963212,515.423215187386,19.4058729434216,1425.63339566236,952.76644865531,335.568504922661,29.8525164629397,2743.82086570328,1586.10001888865,0,84.0876886141765,4.24651717963465,0,644.316301658581,23769.4444444444,22870
2011,36,"62,63","62,63","62,63","Computer consultancy; data processing","Computer Services","J",25210.3641276462,18205.6528711137,32.8910156842374,2239.97593356413,252.470210355197,278.058802314314,52.5800932505719,2823.08503948421,0,0,0,1664.29682948839,0,20829.5388637114,54214.4444444444,51040
2011,37,"64","64","64","Financial intermediation services","Financial Services","K",17401.5647623346,1863.41644701987,542.394015092187,2906.20685183529,6198.24066168186,48.467805823377,45.1388981827071,9198.05421752324,1303.02371755421,0,0,41.2740384300134,0,7205.05479667909,61692.7777777778,63310
2011,38,"65","65","65","Insurance, reinsurance and pension funding","Insurance and Pensions","K",11727.7984937832,5321.55807658079,559.636451693463,1273.8522202822,-107.31695485591,201.861571538536,8.37504604570637,1376.77188301054,347.274072509065,0,68.9894190243652,0,0,8189.41365525131,21525,21770
2011,39,"66","66","66","Other financial activities","Other Financial","K",4143.61570120513,655.452284187443,78.1309799860633,908.627625461123,688.695305922841,177.108053445655,12.8801176942285,1787.31110252385,444.78632104074,0,0,0.730855178255606,0,536.601916696216,9086.66666666667,8900
2011,40,"68","68","68","Real estate services","Real Estate","L",15613.4996080484,1473.38747390941,130.225522345427,379.9659377652,6366.13570124217,3686.02633592984,155.54626209145,10587.6742370287,12055.8954862731,0,659.324411562748,94.4120220002115,0,0,9265.55555555555,9610
2011,41,"69,70","69,70","69,70","Legal and accounting services; mgt consultancy","Legal, Accounting, Head Offices","M",6243.01348707899,448.68482338516,9.64399421179336,1244.74638835682,3030.9581903866,76.0833894550645,3.50976690013717,4355.29773509863,209.16110051089,0,0,561.706060274304,0,493.354556066535,33531.1111111111,33660
2011,42,"71","71","71","Architectural and engineering services","Architecture, Engineering","M",1295.44350703195,10.4596760736232,-7.2813564737357,740.768756691325,272.35468005396,117.827858518298,-3.73190619728718,1127.2193890663,0,0,0,270.982099589066,0,365.742383419448,27226.6666666667,26500
2011,43,"72","72","72","Scientific research and development services","Scientific R&D","M",1338.09560405913,164.236348390872,0.719265995457129,764.010726603946,-624.053592762412,892.947976284951,26.5694682453126,1059.4745783718,0,0,9.59206999606965,19.1823016980687,0,969.860113536808,6032.77777777778,5930
2011,44,"73","73","73","Advertising and market research services","Advertising, Market Research","M",1801.38784049941,208.066947072968,1.29373348293644,654.116063075051,659.730717801178,160.028335500098,7.05292187848364,1480.92803825481,0,0,0,0.0111620965338886,0,1426.16765331653,6552.77777777778,6550
2011,45,"74,75","74,75","74,75","Other professional, scientific services","Other Professional Services","M",4727.73060807112,478.190536492741,116.50735030862,1998.16281937495,524.276421468203,358.72367915212,53.1993278294903,2934.36224782476,90.8936230906356,0,0,13.4748560229207,0,2934.35058093236,33727.2222222222,33770
2011,46,"77","77","77","Rental and leasing services","Rental and Leasing","N",10195.2999872392,651.503885491554,14.5761110671448,615.749479415162,5461.19656090485,1972.96857007916,51.111699347487,8101.02630974666,0.431372482399805,0,0,0.000722732779980333,0,10177.9560519213,6445.55555555556,6890
2011,47,"78","78","78","Employment services","Employment Services","N",985.264434445626,53.0595264801953,1.21332686595549,751.248307,-8.22169651337483,81.781312221387,1.34033145556354,826.148254163575,28.9507708786057,0,0,0.202078251728872,0,0,8361.11111111111,9210
2011,48,"79","79","79","Travel and tourism service activities","Travel Agencies","N",467.516481904961,59.7463398343848,5.05172315760941,287.28397840401,-25.2443972276168,113.049030584417,1.43210106085646,376.520712821667,353.29771163746,0,0,0.000741794008410878,0,0,7093.33333333333,7480
2011,49,"80,81,82","80-82","80,81,82","Security, office & business support services","Security, Office Support","N",2299.55036723429,207.415116649912,13.1557587658997,1239.49738244766,205.936681941806,181.664262552405,1.54835211609093,1628.64667905796,54.9532672091868,0,0,324.542663658334,0,0,47961.6666666667,57220
2011,50,"84","84","84","Public administration","Public Administration","O",12246.31847749,1689.62743843637,558.266041257898,4923.69159338981,126.122486756771,1307.42266712645,5.41985096925314,6362.65659824228,85.839935175125,0,10671.8023682737,101.98203569142,0,62.4592443902039,86298.8888888889,90420
2011,51,"85","85","85","Education services","Education","P",11253.1250028085,454.598959104539,118.036960085539,7642.81595949926,487.376899477698,619.619677349133,-39.7021167414559,8710.11041958464,3125.64172226923,0,5637.14322439731,622.674689953587,0,0,88140.5555555556,137110
2011,52,"86,87,88","86-88","86,87,88","Human health and social work services","Health and Social Work","Q",15290.8362034494,1083.7082309975,-50.5094721913971,9874.0196447417,1490.48247472845,434.125391263226,0.969830796744647,11799.5973415301,2725.35431086721,1081.64740367999,10015.0001543579,31.7692758406171,0,0,211931.666666667,254560
2011,53,"90,91,92","90-92","90,91,92","Cultural and sporting services","Arts and Gambling","R",1861.72294474641,66.9370164619685,1.23226257920018,506.47647844755,907.062646503031,205.59775444532,21.2988792162413,1640.43575861214,931.665819453948,0,0,136.394002337553,0,308.47617863446,19854.4444444444,23030
2011,54,"93","93","93","Recreation services","Recreation and Sports","R",921.098584795806,16.4062212133578,8.08238376904699,420.752014606001,305.333470873292,109.558498722523,6.05459963078471,841.698583832601,344.246787640878,0,0,0.000261150352826603,0,75.9003935206228,19317.2222222222,23980
2011,55,"94","94","94","Membership organisation services","Membership Organisations","S",1882.41545052672,372.234899503865,38.2336793370234,316.063681449409,2.72659180193679,36.4872224283525,-68.4944847740621,286.783010905636,818.314948387356,600.98476345378,0,0.595113721088497,0,0,13458.3333333333,16240
2011,56,"95","95","95","Repair of consumer goods","Repair of Consumer Goods","S",101.164485316363,17.4879084797277,0.762600857765863,44.398398,-1.83248339636078,16.9801028214176,-0.769939353687685,58.7760780713692,40.1906245902012,0,0,0,0,0,1515,1380
2011,57,"96","96","96","Other services","Other Personal Services","S",881.718929827254,100.190497848643,9.63445700471499,425.809095132526,214.590136280113,23.3619404195023,-100.758020786444,563.003151045696,664.433104295788,0,0,0.482664814095545,0,0,22036.1111111111,28560
2011,58,"97","97","97","Private households with employed persons","Households as Employers","T",179.311864507822,0,0,151.799873986158,27.511990521664,0,0,179.311864507822,179.311864507822,0,0,0,0,0,6102.22222222222,7950
2015,1,"1,2,3","1-3","1,2,3","Agriculture, forestry and fishing","Agriculture, Forestry, Fishing","A",8455.85588754477,2908.90367113454,176.144074701626,638.04680387597,2501.56278239377,851.397578967319,-1572.95417457056,2418.0529906665,1401.60793954818,0,0,92.7997760765701,-301.492441853384,1611.32873473228,158961.666666667,109400
2015,2,"5,6,7,8,9","5-9","5,6,7,8,9","Mining, quarrying and extraction","Mining and Quarrying","B",887.781134525379,260.020771036672,8.1453302436968,337.731726998933,-334.000987501603,392.687247685289,20.6096479358525,417.027635118472,5.62316787963568,0,0.194446294027525,68.983069233563,-98.3185194684225,435.366303005156,7430.55555555556,7190
2015,3,"10","10","10","Manufacture of food products","Food Products","C",20840.9392590538,8645.76468872386,97.8759250998073,1546.99749749886,4111.82778697036,210.386772750117,123.345902485078,5992.55795970442,217.497656863712,0,0.114123844033,7.25867928236965,-79.8848167732049,19027.9432981376,48582.2228665555,49440.8124336778
2015,4,"11,12","11,12","11,12","Manufacture of beverages and tobacco products","Beverages and Tobacco","C",3068.41854851163,965.397030135781,120.900649367121,193.587373298604,901.631118283055,62.8834710349986,1.97978256717049,1160.08174518383,538.019146213998,0,0,5.38722239244678,251.021859966183,1896.31064254334,7152.77713344446,7279.18756632224
2015,5,"13","13","13","Manufacture of textiles","Textiles","C",272.930058147446,123.139811690249,2.00871892753418,62.9976392878755,9.66622321606758,19.8093734323837,4.99229438413607,97.4655303204629,5.4169962596416,0,0,1.56039463424767,0.676507196867457,256.463156488067,3939.55717690246,4372.57300441165
2015,6,"14","14","14","Manufacture of wearing apparel","Wearing Apparel","C",85.7084617848773,23.4070740529255,0.354862444433687,20.9298505352869,11.2309407980248,12.8389169006838,10.6697682660627,55.6694765000581,41.3839415477419,0,0,0.00975950721088503,22.2070464311498,3.59172223077805,1237.14254134468,1373.1228754868
2015,7,"15","15","15","Manufacture of leather and related products","Leather Products","C",34.5989090583611,13.8412695977145,0.21993547753487,5.20773693941875,5.21484463831512,5.67001428594306,0.890071462366812,16.9826673260437,10.8375234279594,0,0,0.00141111067798249,5.94691792057428,14.7229560050485,499.411392863975,554.304120101545
2015,8,"16","16","16","Manufacture of wood and wood products (excluding furniture)","Wood Products","C",913.856474620925,245.24426227992,3.77391195105157,141.079751749511,14.7838392327576,55.691688531693,2.88109796769086,214.436377481653,37.9571457237533,0,0,3.27621822460204,6.65704969929564,421.321530510371,4018.33333333333,3920
2015,9,"17","17","17","Manufacture of pulp, paper and paper products","Paper Products","C",455.833533586924,241.533748160076,-0.476324839309536,130.717961977644,-4.00887319314637,22.7728845274305,3.12816549382903,152.610138805757,46.2435021983467,0,0,0,-12.6316357601416,248.428311879695,1876.66666666667,1910
2015,10,"18","18","18","Printing and reproduction of recorded media","Printing","C",1011.12422563037,476.23360097095,3.25915573785385,194.489349834833,94.6283944489143,74.5077025518881,5.87908729631985,369.504534131956,10.0851758530827,0,0,1.06034429796126,98.5035213571521,707.673312403378,8120,8500
2015,11,"19,21,26,28,31,32","19,21,26,28,31,32","19,21,26,28,31,32","Manufacture of refined petroleum, basic pharmaceutical, computer, electronic & optical products, machinery and equipment n.e.c., furniture, other manufacturing","Pharma, ICT Hardware, Machinery","C",113442.402776344,53222.5971517827,167.560711983298,3466.95567959319,25497.7892700941,26399.9410439524,92.2271787220403,55456.9131723617,506.944964989385,0,110.774024186991,202.548351094981,-240.7347833102,111492.620781994,117272.777777778,113520
2015,12,"20","20","20","Manufacture of chemicals and chemical products","Chemicals","C",26080.892366427,11176.0449704095,40.5784988735274,1468.75207509503,10270.4058597559,736.96620660124,30.5962503758178,12506.720391828,131.0123887009,0,0,246.629703948776,52.5541796001855,24272.9038112738,3591.11111111111,3470
2015,13,"22","22","22","Manufacture of rubber and plastic products","Rubber and Plastics","C",1687.32968508141,734.295897676331,7.70683696456703,335.394930741604,107.802627968053,155.628953000828,17.7616768347319,616.588188545216,95.8183410234804,0,0,6.24480979821872,-26.6786242249477,1110.34651479267,4138.33333333333,4030
2015,14,"23","23","23","Manufacture of other non-metallic mineral products","Non-Metallic Minerals","C",1580.74544407602,508.606798369457,20.5934786720514,240.370912953952,27.1023247632423,160.189355112214,12.2636020518023,439.926194881211,104.502247842639,0,0,7.09431974741044,-97.4084231639481,467.306971246639,6640.55555555556,6330
2015,15,"24","24","24","Manufacture of basic metals","Basic Metals","C",829.793733490361,412.728280689201,25.6143612024447,133.577899526418,40.1389827868889,48.8004873857007,6.56634703470726,229.083716733715,0.101407799011356,0,0,0.0392541852839265,-10.8265174267318,795.583975857332,4195.55555555556,4180
2015,16,"25","25","25","Manufacture of fabricated metal products","Fabricated Metals","C",2173.08473242893,1087.46276752581,6.34169936162916,478.145958895348,150.139837355724,84.1171124889431,12.9292351928798,725.332143932895,68.2598022927732,0,0,45.4569877840264,-112.070889586438,1584.73129637274,14976.1111111111,14920
2015,17,"27","27","27","Manufacture of electrical equipment","Electrical Equipment","C",1062.25169900151,557.666063862187,11.3645387958323,190.31146035072,116.27906643619,40.8083181174396,2.80628447454153,350.205129378891,0.0637924763359738,0,0,5.95856912122117,8.51040087660943,1002.75811438182,2088.88888888889,1920
2015,18,"29,30","29,30","29,30","Manufacture of motor vehicles, trailers, other transport equipment","Motor Vehicles, Transport Eq.","C",720.81250217792,339.263577069808,9.21748494173675,141.20442894454,75.8410037515672,54.8221784405794,9.97788743938869,281.845498576075,216.225962959203,0,0,158.421740966122,-32.7997702924375,324.647782352886,4202.22222222222,4200
2015,19,"33","33","33","Repair and installation of machinery and equipment","Repair of Machinery","C",1119.38170554531,550.642094397499,5.41480824077942,258.385888829936,79.6139965870499,25.1460241578073,1.19486681529959,364.340776390093,26.328122921399,0,0,1.7624199078603,12.368176382849,0,5676.11111111111,5290
2015,20,"35","35","35","Electricity and gas supply","Electricity and Gas","D",6224.97956845656,1677.48788950642,95.3589428492422,846.771553640581,815.698594874804,1090.66493838494,95.7842409012748,2848.9193278016,1873.08926571553,0,140.879869180923,5.367330307629,94.8611502015323,28.6519630827823,10105,9810
2015,21,"36","36","36","Water collection, treatment and supply","Water Supply","E",266.77885029179,38.2956748422466,2.06791591640561,7.1033465381417,-16.2023935004548,101.94137538432,79.8761727418304,172.718501163837,150.466374132139,0,42.4974427811035,0,1.56179015908191,0,3408.88888888889,3040
2015,22,"37,38,39","37-39","37,38,39","Sewerage, waste collection and remediation services","Sewerage and Waste","E",1712.74396506939,252.175864118582,18.5855158876497,229.828323697479,134.657608973698,168.807715289209,212.942562311671,746.236210272057,457.473087268054,0,239.376000988587,5.26336703983576,33.0554763108834,0,8783.33333333333,8430
2015,23,"41,42,43","41-43","41,42,43","Construction and construction works","Construction","F",17418.5001785555,4960.87044827398,250.643349569215,2928.98582573527,2062.79362218645,225.148807092158,28.4759161437227,5245.4041711576,608.855590557656,0,0,10880.0985666924,0,0,110202.777777778,108940
2015,24,"45","45","45","Wholesale and retail trade and repair of vehicles","Motor Trade","G",2210.90482275291,392.144050596657,23.1018848672781,846.718826396706,396.370396391653,160.077408142751,8.51608126893372,1411.68271220004,1561.10626717949,0,0,202.563219544469,-609.41618207471,0,41929.4444444444,40940
2015,25,"46","46","46","Wholesale trade","Wholesale Trade","G",33558.450644025,9657.92412582566,123.786204516715,5280.0267022135,13648.3406437285,511.18045728744,114.158860631474,19553.7066638609,92.8101682469558,0,45.3754503536575,309.68550438156,788.201515441099,30107.1210247991,52540,52670
2015,26,"47","47","47","Retail trade","Retail Trade","G",10748.0271018533,1598.41321417613,64.4444751555525,4064.33193520053,2498.84546458663,371.972494648307,42.6605410576943,6977.81043549316,10592.7408324184,0,0,20.5469543688761,-23.4626011539366,0,163650,198430
2015,27,"49","49","49","Land transport services","Land Transport","H",4570.96918482795,635.399609579003,309.64773099025,1230.09385229305,573.27374786417,373.971286573248,110.285897901027,2287.6247846315,2094.18672606246,0,239.071377592892,0.164738533723647,0,153.937760369122,49950,46730
2015,28,"50","50","50","Water transport services","Water Transport","H",592.967978358139,145.51341454176,36.4935862637451,42.3999479966083,-24.8633888156403,63.4306212577263,-2.75613959686108,78.2110408418333,61.7206798736075,0,0,0,0,277.099377092191,1766.66666666667,1870
2015,29,"51","51","51","Air transport services","Air Transport","H",5279.73437730508,1538.22657595672,509.627343650155,307.898849751464,705.965210256045,512.436863467407,93.9521886850978,1620.25311216001,758.924924157007,0,0,0,0,3781.02071654153,10631.1111111111,10360
2015,30,"52","52","52","Warehousing","Warehousing","H",2302.38503738584,235.60098835225,20.2372490703412,777.392225699288,163.611244893018,10.8604154952896,62.6362149907037,1014.5001010783,320.702799963096,0,0,0.487740728210806,0,50.0794944828254,14878.3333333333,14210
2015,31,"53","53","53","Postal and courier services","Postal and Courier","H",1467.43778693936,181.05817976394,18.5530807561555,621.723700194464,46.930088063656,54.4150189504317,38.3003117678084,761.36911897636,243.906488567282,0,0,0.1711516401295,0,550.079494482825,14920,15940
2015,32,"55","55","55","Accommodation services","Accommodation","I",1770.28370203312,255.227567634065,67.3563684889887,626.623697202513,259.227745198444,180.978753722962,21.6764104145512,1088.50660653847,1183.08014554052,0,0,0.2430152976493,0,364.368021979844,31762.2340679325,36589.2278618936
2015,33,"56","56","56","Food and beverage services","Food and Beverage Services","I",5427.1188916607,775.776830702317,170.705482081984,2451.21097888769,406.039071522904,283.474460153908,51.5837847865005,3192.308295351,4717.47717362772,0,0,0.0519656924489429,0,378.198216946286,97372.7659320675,112170.772138106
2015,34,"58,59,60","58-60","58,59,60","Publishing, film and broadcasting services","Publishing, Film, Broadcasting","J",20047.6355821114,5020.44015635131,13.0241731471485,1019.47728891814,9584.94677096842,2160.89845354076,19.8387712758127,12785.1612847031,585.621202693197,0,178.255861195178,2496.33041165293,0,14850.5334808253,13993.3333333333,14470
2015,35,"61","61","61","Telecommunications services","Telecommunications","J",3822.53377861214,892.026731515364,33.037883723314,808.843035564208,312.873649710577,728.400453076613,35.7596320576672,1885.87677040906,1597.95742402315,0,44.3823541681729,10.9843478707246,0,699.952314004926,19963.8888888889,19320
2015,36,"62,63","62,63","62,63","Computer programming, consultancy and data processing","Computer Services","J",58935.6870210692,43052.6955770455,97.6430578841918,3211.09640227163,929.93976992195,1027.06822964355,66.2264274740414,5234.33082931117,262.220740509598,0,0,7882.07002733251,0,40234.6682224753,72565,68340
2015,37,"64","64","64","Financial service activities","Financial Services","K",21214.0674655502,5050.02446163578,679.939394775572,3796.0094451233,4894.03417832641,743.351530569778,175.033223152334,9608.42837717183,570.715915707917,0,0,7.25692891757342,0,14968.6195097287,63763.3333333333,65300
2015,38,"65","65","65","Insurance, reinsurance and pension funding","Insurance and Pensions","K",14531.3333431017,5784.63491784746,631.082733122304,1047.09569539839,1500.80106876777,64.6314907340865,59.7020641279992,2672.23031902824,575.282402910637,0,203.440072462212,3.15840417591538,0,10664.3059977616,21058.8888888889,21220
2015,39,"66","66","66","Other financial activities","Other Financial","K",6649.74351605502,1101.65204505371,137.437693381994,1790.05185044131,1317.3508287272,64.162080842241,69.6380384634637,3241.20279847422,339.064056902581,0,0,12.5680427633731,0,1844.31531889167,8933.33333333333,7970
2015,40,"68","68","68","Real estate activities","Real Estate","L",19402.1047629807,2081.02968210063,359.641252611635,560.609400926677,9322.82365237027,4087.38509482014,596.359620097025,14567.1777682141,14624.6742619192,0,979.1640284,279.320888582728,0,0,11047.7777777778,11330
2015,41,"69","69","69","Legal and accounting activities","Legal and Accounting","M",5436.72828972823,138.406687607777,19.2062758791668,1971.18499913824,1962.87492326261,570.517180870392,2.82877391545347,4507.40587718669,180.79024595303,0,0,708.501615756326,0,0,22499.3117262464,22969.9926779177
2015,42,"70","70","70","Head office and management consultancy activities","Head Offices, Consultancy","M",4073.40720505953,3100.28651237152,-24.2940455646075,814.787268211756,-701.351366183856,13.835656644278,85.5529637104399,212.824522382618,0,0,0,139.122879327007,0,1393.81516548768,16857.3549404202,17210.0073220823
2015,43,"71","71","71","Architectural and engineering services","Architecture, Engineering","M",2151.13161026996,187.79920736007,-2.16061841820541,862.945723902934,315.991731060311,160.626571705688,-7.48256382353247,1332.0814628454,14.246535218422,0,0,406.077996685826,0,243.228930205512,36264.4444444444,34360
2015,44,"72","72","72","Scientific research and development services","Scientific R&D","M",3785.69942361319,705.117140091508,4.41187625271476,783.158550663011,1298.4431686659,1088.23191142493,-256.244946281769,2913.58868447207,0,0,0.150787981237198,7.29225753694586,0,3764.57774360129,8487.22222222222,9090
2015,45,"73,74,75","73-75","73,74,75","Advertising, market research, other professional & scientific services","Advertising, Other Professional","M",9069.9153945306,1280.29691723661,278.849847624296,1836.73811257439,2696.12917706178,442.881436553404,29.762967727425,5005.51169391699,107.479150319851,0,0,58.5640611707781,0,6351.81630337944,47472.7777777778,46320
2015,46,"77","77","77","Rental and leasing activities","Rental and Leasing","N",20354.4678767518,3245.92951300131,15.503066155631,646.909874874631,7006.90027444831,7664.20015933958,49.2299181977015,15367.2402268602,4.05346268714871,0,0,0.0391502912572932,0,19958.4531836142,7760.55555555556,7370
2015,47,"78","78","78","Employment services","Employment Services","N",1709.88392123605,270.179647517784,3.47953116358668,1038.19100157755,80.1813245027723,53.5184645905011,-47.9532821562462,1123.93750851458,55.9495304017299,0,0,1.8685426100239,0,0,8837.77777777778,9200
2015,48,"79","79","79","Travel agency and tourism service activities","Travel Agencies","N",547.573043661271,55.4991639033554,1.31283043806181,202.641566647291,121.039518012403,56.6272399364239,1.20219033813582,381.510514934253,346.452197746152,0,0,1.2080737726209,0,0,6417.77777777778,7240
2015,49,"80,81,82","80-82","80,81,82","Security, office and business support activities","Security, Office Support","N",3353.71540812405,366.579856267936,17.6188950766771,1775.5886368262,1.22899709898015,645.596345104701,7.2641623184525,2429.67814134833,58.702357505404,0,0,185.209366773276,0,0,48748.3333333333,56890
2015,50,"84","84","84","Public administration","Public Administration","O",12946.2723604704,1573.9896708298,572.621653706514,6361.42269063256,-17.4215213014661,1469.78903221352,6.0422468946072,7819.83244843922,501.468256849512,0,10721.6195279769,316.804871960296,0,35.6328160658772,88509.4444444444,92670
2015,51,"85","85","85","Education services","Education","P",10384.1824142985,747.706554207135,147.375871834861,6294.08048156374,136.407143008066,830.838748850428,-29.509817489376,7231.81655593285,2705.2970768063,0,5593.09655513171,580.590338121507,0,0,97667.2222222222,149230
2015,52,"86,87,88","86-88","86,87,88","Human health and social work activities","Health and Social Work","Q",18350.7636021487,2166.56513004437,13.6194797637186,10687.7902308553,1533.84911456238,643.660524789272,14.4378422744231,12879.7377124814,3765.39407441771,1129.25097300408,11237.1584193446,33.1412560259037,0,394.546306292671,230782.222222222,269440
2015,53,"90,91,92","90-92","90,91,92","Cultural, arts and gambling activities","Arts and Gambling","R",1292.92554772856,16.1360787933067,1.10306772854594,454.043526757729,484.723411129447,259.422683417805,13.1592406425235,1211.3488619475,590.073319846715,0,0,198.14067095899,0,174.544714724027,23473.8888888889,27750
2015,54,"93","93","93","Recreation and sports activities","Recreation and Sports","R",1143.48727921012,76.4934920044752,27.5463492812202,452.492979181418,256.670122888252,127.238790364139,12.3460307908107,848.74792322462,502.910631100501,0,0,0.00230970812602774,0,187.578422100404,18510,23030
2015,55,"94","94","94","Membership organisation services","Membership Organisations","S",2262.93492679588,379.002754951256,53.4773847858505,543.062054635361,61.3797220492279,20.4240345812877,9.565853864099,634.431665129975,1121.71371147345,571.2167045,0,0.0722707798562,0,0,14182.7777777778,16110
2015,56,"95","95","95","Repair of consumer goods","Repair of Consumer Goods","S",181.848256123251,40.948575712756,1.57179429278849,40.0015192704664,6.91397006717933,16.6999402145075,1.5622797060531,65.1777092582063,45.0985601095697,0,0,0.1510217292145,0,0,2260.55555555556,2410
2015,57,"96","96","96","Other personal service activities","Other Personal Services","S",1510.43635443087,248.142010902124,41.3830981777191,385.211961464239,283.008233412941,34.8381216969744,15.3937172878691,718.452033862024,821.586613186533,0,0,0.0119031185080223,0,0,25728.8888888889,33100
2015,58,"97","97","97","Private households with employed persons","Households as Employers","T",52.7873590575913,0,0,19.7439749769177,33.0433840806736,0,0,52.7873590575913,52.7873590575913,0,0,0,0,0,6330.55555555556,9270
2020,1,"1,2,3","1-3","1,2,3","Agriculture, forestry and fishing","Agriculture, Forestry, Fishing","A",10410.36,2796.08,204.79,840.61,3457.61,1090.67,-1750.52,3638.37,964.24,0,494.33,7.21,8.33,1144.33,146491.111111111,104280
2020,2,"5,6,7,8,9","5-9","5,6,7,8,9","Mining, quarrying and extraction","Mining and Quarrying","B",1029.8,348.1,20.72,234.09,-56.47,230.82,10.1,418.54,58.97,0,0.4,18.99,-7.64,297.93,6179.44444444444,6090
2020,3,"10","10","10","Manufacture of food products","Food Products","C",19682.25,7026.56,269.93,1954.21,1244.83,1309.76,-19.57,4489.23,1389.88,145.91,0.04,0,340.29,14647.94,49613.6604943315,47275.2270244243
2020,4,"11,12","11,12","11,12","Manufacture of beverages and tobacco products","Beverages and Tobacco","C",3328.49,1073.8,187.65,304.79,549.11,134.12,-3.72,984.29,1638.84,0,0,0,78.21,1285.37,8390.2283945574,7994.77297557575
2020,5,"13","13","13","Manufacture of textiles","Textiles","C",226.64,63.49,5.74,61.84,28.93,38.67,-0.08,129.35,4.09,0,0,8.37,0.16,127.53,1892.69537547431,2713.99353735031
2020,6,"14","14","14","Manufacture of wearing apparel","Wearing Apparel","C",58.48,23.73,1.04,14.69,4.15,5.87,-0.01,24.7,18.79,2.68,0,0,10.13,18.41,488.372862503256,700.292720015206
2020,7,"15","15","15","Manufacture of leather and related products","Leather Products","C",30.54,12.81,0.77,4.26,3.01,4.78,-0.01,12.04,0.83,0,0,0,0.33,28.75,255.04287313354,365.71374263448
2020,8,"16","16","16","Manufacture of wood and wood products (excluding furniture)","Wood Products","C",950.62,272.73,18.55,179.02,60.53,84.07,-14.16,309.46,55.68,0,0,5.51,-12.24,359.29,2983.33333333333,2900
2020,9,"17","17","17","Manufacture of pulp, paper and paper products","Paper Products","C",614.82,284.06,12.41,177.55,-68.8699999999999,74.83,-4.01,179.5,7.57,0,0,0,2.33,184.22,1613.33333333333,1770
2020,10,"18","18","18","Printing and reproduction of recorded media","Printing","C",667.18,189.06,12.66,182.3,15.0799999999999,87.87,-23.17,262.07,0,0,0,6.98,-27.59,0.04,7181.66666666667,7500
2020,11,"19,20","19,20","19,20","Manufacture of coke and refined petroleum products; basic chemicals","Refined Petroleum, Chemicals","C",34414.32,6505.24,101.07,2470.92,20447.52,4241.57,-49.16,27110.85,756.04,0,27.04,0,231.04,26438.26,4822.22222222222,4820
2020,12,"21,26","21,26","21,26","Manufacture of pharmaceutical products; computer, electronic and optical products","Pharma, Computers, Electronics","C",150812.17,54764.24,992.55,2071.6,42308.29,35917.97,139.09,80436.94,194.21,13.34,374.83,682.02,386.04,143767.83,81165.5555555556,76390
2020,13,"22","22","22","Manufacture of rubber and plastic products","Rubber and Plastics","C",1727.58,606.15,19.57,372.82,128.51,204.74,-6.89,699.18,69,0,0,5.31,-78.4,1114.41,6457.22222222222,6700
2020,14,"23","23","23","Manufacture of other non-metallic mineral products","Non-Metallic Minerals","C",2148.24,590.24,49.69,393.22,280.12,339.98,-19.34,993.98,80.34,0,0,5.67,-111,628.45,6321.11111111111,7000
2020,15,"24","24","24","Manufacture of basic metals","Basic Metals","C",1173.77,520.34,16.25,196.55,12.54,92.34,-7.43,294,0,0,0,0,0.75,336.4,4816.11111111111,4490
2020,16,"25","25","25","Manufacture of fabricated metal products","Fabricated Metals","C",2762.03,1107.31,25.39,553.84,261.17,165.88,-41.33,939.56,22.07,0,0,118.24,-92.97,851.93,14317.7777777778,14930
2020,17,"27","27","27","Manufacture of electrical equipment","Electrical Equipment","C",1326.51,521.77,22.24,308.69,239.58,54.64,-5.25,597.67,2.8,0,0,30.4,0.11,1224.02,2760,2730
2020,18,"28","28","28","Machinery and equipment n.e.c","Machinery and Equipment","C",3019.52,835.45,33.75,547.79,1063.45,226.49,-27.13,1810.6,0.53,0,0,95.28,-8.12,2767.49,10153.8888888889,9460
2020,19,"29,30","29,30","29,30","Manufacture of motor vehicles, trailers, other transport equipment","Motor Vehicles, Transport Eq.","C",816.68,412.8,49.74,127.45,25.8699999999999,28.45,-7.27,174.51,16.53,0,0,160.29,7.62,613.43,6266.66666666667,6400
2020,20,"31,32","31,32","31,32","Manufacture of furniture; other manufacturing","Furniture, Other Manufacturing","C",17039.93,7127.3,272.44,2201.15,564.179999999997,4156.89,-26.85,6895.37,295.17,14.03,420.65,166.4,50.49,13677.56,54278.3333333333,54000
2020,21,"33","33","33","Repair and installation of machinery and equipment","Repair of Machinery","C",1011.78,347.83,14.94,305.93,112.23,37.63,-29.2,426.6,0,0,0,0,8.47,14.61,6111.11111111111,6130
2020,22,"35","35","35","Electricity and gas supply","Electricity and Gas","D",5740.01,1325.7,149.84,981.55,784.49,1587.23,122.08,3475.34,1968.93,0,146.78,0,168.5,58.12,12962.2222222222,12190
2020,23,"36","36","36","Water collection, treatment and supply","Water Supply","E",1141.25,218.09,27.88,173.48,-25.03,391.41,144.94,684.8,338.39,0,609.91,0,7.5,0,4355.55555555556,4340
2020,24,"37,38,39","37-39","37,38,39","Sewerage, waste collection and remediation services","Sewerage and Waste","E",2675.97,504.72,98.74,499.91,336.49,201.4,293.3,1331.11,353.94,5.24,1058.07,0,23.17,282.02,9210,8930
2020,25,"41,42,43","41-43","41,42,43","Construction and construction works","Construction","F",27215.94,7084.84,787.53,4105.09,3994.03,241.2,-336.29,8004.03,284.61,0,22.46,18945.23,0,755.83,130263.333333333,136570
2020,26,"45","45","45","Wholesale and retail trade and repair of vehicles","Motor Trade","G",2223.41,283.42,71.96,923.43,707.18,121.38,-136.88,1615.11,1513.13,0,0,173.62,-396.2,0,28231.1111111111,29900
2020,27,"46","46","46","Wholesale trade","Wholesale Trade","G",29201.49,9259.83,346.45,5416.55,8846.13,891.59,-211.49,14942.77,224.72,3.17,14.28,89.43,36.67,26782.54,59536.6666666667,59560
2020,28,"47","47","47","Retail trade","Retail Trade","G",15008.87,2967.46,218,5231.32,3896.35,614.66,-370.31,9372.03,13946.9,0,0,0,613.09,445.79,171145.555555556,212820
2020,29,"49","49","49","Land transport services","Land Transport","H",4502.17,642.53,309.16,1486.06,530.35,486.53,32.84,2535.78,432.32,25.51,780.32,0,0,2112.61,44214.4444444444,51520
2020,30,"50","50","50","Water transport services","Water Transport","H",650.85,243.02,69.7,37.61,-35.5,64.07,-10.43,55.75,0.7,0,0,0,0,629.76,2172.77777777778,1900
2020,31,"51,52","51,52","51,52","Air transport, Warehousing and support activities for transportation","Air Transport, Warehousing","H",4900.56,3355.94,430.49,1225.53,-3006.63,1729.97,-98.88,-149.999999999999,55.57,0,0,0,0,3795.12,28214.4444444444,30730
2020,32,"53","53","53","Postal and courier services","Postal and Courier","H",1709.05,253.37,37.13,781.81,134.88,10.78,41.62,969.09,82.46,0,0,0,0,48.29,17062.7777777778,16800
2020,33,"55","55","55","Accommodation services","Accommodation","I",1382.2,174.1,49.2,827.58,57.78,135.68,-191.06,829.99,912.19,0,0,0,0,48.72,26826.4601939732,42619.1156738401
2020,34,"56","56","56","Food and beverage services","Food and Beverage Services","I",3081.99,444.66,100.27,1795.41,155.38,364.22,-429.16,1885.85,2517.37,0,0,0,0,58.46,59816.8731393601,95030.88432616
2020,35,"58,59,60,62,63","58-60,62,63","58,59,60,62,63","Publishing, audiovisual and broadcasting activities; Computer programming, consultancy and related activities; information service activities","Publishing, Computer Services","J",164258.66,89193.38,1656.44,7656.51,28461.1,18940.3,19.39,55077.29,140.13,0,428.33,1745.47,-2.71,150428.07,116578.888888889,111970
2020,36,"61","61","61","Telecommunications services","Telecommunications","J",5652.39,1249.44,48.86,928.56,1289.92,1105.19,23.94,3347.61,2374.7,0,15.66,0,0,245.16,23213.3333333333,21810
2020,37,"64","64","64","Financial service activities","Financial Services","K",13293.24,1963.32,172.85,3767.45,615.009999999999,1328.76,352.14,6063.36,605.14,0,20.41,0,0,10248.56,73017.7777777778,71600
2020,38,"65","65","65","Insurance, reinsurance and pension funding","Insurance and Pensions","K",16268.34,6801.3,1125.96,1089.83,1776.59,155.13,103.33,3124.88,988.27,0,407.96,0,0,11500.28,25617.2222222222,25540
2020,39,"66","66","66","Other financial activities","Other Financial","K",9628.2,2575.74,312.11,2723.43,822.820000000002,95.85,51.61,3693.71,488.73,0,0,0,0,2742.9,15808.8888888889,15200
2020,40,"68","68","68","Real estate activities","Real Estate","L",25998.04,1778.96,123.54,883.7,13455.52,6290.21,501.19,21130.61,20620.23,15.62,1002.08,1101.52,0,0,11206.6666666667,13170
2020,41,"69","69","69","Legal and accounting activities","Legal and Accounting","M",11782.59,2993.43,223.59,2530.51,913.019999999999,1138.15,-62.62,4519.06,277.44,16.07,0,0,0,6.19,32156.6936070758,33210.215602784
2020,42,"70","70","70","Head office and management consultancy activities","Head Offices, Consultancy","M",11275.09,1071.88,28,2671.49,3141.04,3905.94,-114.66,9603.81,0,0,0,0,0,10523.1,30771.6397262575,31779.784397216
2020,43,"71","71","71","Architectural and engineering services","Architecture, Engineering","M",3928.37,354.75,33.56,1604.05,1124.14,160.9,-80.7,2808.4,0,0,0,0,0,377.9,38130.5555555556,37150
2020,44,"72","72","72","Scientific research and development services","Scientific R&D","M",3508.53,715.07,39.36,1144.47,27.9700000000005,1226.17,-129.14,2269.47,0,0,1.41,809.14,0,2641.5,7741.11111111111,7400
2020,45,"73","73","73","Advertising and market research","Advertising, Market Research","M",1708.23,135.71,9.61,656.39,695.27,70.53,-23.23,1398.96,0,0,0,0,0,70.22,13203.3333333333,13240
2020,46,"74,75","74,75","74,75","Other professional, scientific and technical activities; veterinary activities","Other Professional Services","M",8493.78,1402,115.36,2191.95,2066.33,576,-151.2,4683.08,128.38,0,0,0,0,7263.39,20341.1111111111,22130
2020,47,"77","77","77","Rental and leasing activities","Rental and Leasing","N",22420.5,1695.14,175.62,1029.13,5691.9,11123.96,-11.3,17833.69,2.31,0,0,0,0,21342.68,12197.2222222222,11890
2020,48,"78","78","78","Employment services","Employment Services","N",2304.1,169.28,8.74,1753.62,235.97,27,-80.92,1935.66,0,0,0,0,0,633.13,9687.77777777778,9580
2020,49,"79","79","79","Travel agency and tourism service activities","Travel Agencies","N",541.22,149.94,12.86,155.27,51.96,18.1,-38.13,187.21,341.52,0,0,0,0,0,4558.88888888889,6620
2020,50,"80,81,82","80-82","80,81,82","Security, office and business support activities","Security, Office Support","N",5723.62,1982.53,51.13,1844.72,308.65,657.88,-91.69,2719.56,0,0,0,0,0,90.11,52358.3333333333,65260
2020,51,"84","84","84","Public administration","Public Administration","O",12837.11,2365.92,172.36,7616.02,-391.7,1567.12,-30.01,8761.43,70.62,0,10757.09,60.17,0,44.23,120136.111111111,119350
2020,52,"85","85","85","Education services","Education","P",11084.83,217.03,5.92,8641.98,273,1006.13,-134.41,9786.69,2403.17,81.93,7526.49,0,0,0,128141.666666667,188620
2020,53,"86","86","86","Human health activities","Human Health","Q",18801.27,3369.31,161.72,9467.93,1446.83,963.32,-33.14,11844.94,4037.75,71.47,13335.02,0,0,313.85,144568.333333333,160080
2020,54,"87,88","87,88","87,88","Social work activities","Social Work","Q",6765.57,815.35,58.78,3836.02,652.05,-2.02,-213.18,4272.87,1280.5,554.1,4418.4,0,0,0,104011.111111111,132900
2020,55,"90,91,92","90-92","90,91,92","Cultural, arts and gambling activities","Arts and Gambling","R",2973.28,352.82,60.78,620.37,808.46,311.09,-35.64,1704.27,1273.45,23.46,933.44,170.67,0,22.21,14550.5555555556,19730
2020,56,"93","93","93","Recreation and sports activities","Recreation and Sports","R",1228.95,180.81,26.63,464.27,159.66,165.62,-90.86,698.68,730.79,146.37,131.17,0,0,0.65,13873.8888888889,22330
2020,57,"94","94","94","Membership organisation services","Membership Organisations","S",2665.9,759.29,60.62,583.29,125.78,7.86,-20.46,696.47,1993.86,112.21,69.08,0,0,0,16057.2222222222,20080
2020,58,"95","95","95","Repair of consumer goods","Repair of Consumer Goods","S",109.27,15.26,1.41,37.9,23.84,11.87,-3.92,69.69,20.53,0,0,0,0,0,1579.44444444444,1620
2020,59,"96","96","96","Other personal service activities","Other Personal Services","S",1609.97,445.7,25.63,409.12,322.8,33.96,-76.39,689.5,1047.29,56.73,0,0,0,0.11,19387.2222222222,31860
2020,60,"97","97","97","Private households with employed persons","Households as Employers","T",178.56,0,0,16.26,162.81,0,-0.51,178.56,160.45,0,0,0,0,0,3704.44444444444,5430
2021,1,"1,2,3","1-3","1,2,3","Agriculture, forestry and fishing","Agriculture, Forestry, Fishing","A",11492.52,3125.15,207.35,1127.12,3999.84,1185.28,-1755.56,4556.68,1142.92,0,609.18,21.47,95.08,1353.87,150911.111111111,109600
2021,2,"5,6,7,8,9","5-9","5,6,7,8,9","Mining, quarrying and extraction","Mining and Quarrying","B",1085,286.23,24.38,293.55,-0.310000000000009,218.31,17.82,529.37,35.29,0,0.31,24.57,12.47,375.25,5392.77777777778,5300
2021,3,"10","10","10","Manufacture of food products","Food Products","C",22975.95,7200.89,351.5,1296.91,1121.03,4074.46,36.24,6528.64,1227.44,123.43,0.03,0,75.56,18825.64,51796.3965267133,49534.9201668093
2021,4,"11,12","11,12","11,12","Manufacture of beverages and tobacco products","Beverages and Tobacco","C",3777.96,1137.72,186.39,263.88,746.59,91.31,1.44,1103.23,1466.67,0,0,0,-8.29,1932.07,8516.93680662004,8145.07983319074
2021,5,"13","13","13","Manufacture of textiles","Textiles","C",235.94,69,4.11,67.51,25.44,33,2.8,128.75,7.68,0,0,3.67,0.49,195.08,2170.01856256704,2680.611165524
2021,6,"14","14","14","Manufacture of wearing apparel","Wearing Apparel","C",70.94,22.98,1.06,19.06,13.04,6.68,0.71,39.49,22.94,2.75,0,0,0.92,37.76,652.458747259923,805.978452497551
2021,7,"15","15","15","Manufacture of leather and related products","Leather Products","C",50.47,16.69,0.8,7.07,7.65,10.31,0.49,25.53,5.34,0,0,0,1.62,39.7,464.1893568397,573.410381978452
2021,8,"16","16","16","Manufacture of wood and wood products (excluding furniture)","Wood Products","C",1375.03,437.98,27.88,223.08,171.98,90.78,-9.67,476.16,11.07,0,0,5.13,-13.59,711.68,2547.77777777778,2540
2021,9,"17","17","17","Manufacture of pulp, paper and paper products","Paper Products","C",566.8,447.1,17.75,143.05,-347.92,207.09,1.5,3.71999999999989,52.25,0,0,0,2.21,240.99,1793.88888888889,1570
2021,10,"18","18","18","Printing and reproduction of recorded media","Printing","C",744.14,246.78,13.57,248.79,-43.1500000000001,115.95,-26.5,295.09,0,0,0,6.89,3.38,0.09,7142.22222222222,7210
2021,11,"19,20","19,20","19,20","Manufacture of coke and refined petroleum products; basic chemicals","Refined Petroleum, Chemicals","C",22074.75,10158.82,211.99,510.04,6456.46,1268.33,-158.81,8076.02,638.26,0,33.57,0,47.8,19042.01,5175,5350
2021,12,"21,26","21,26","21,26","Manufacture of pharmaceutical products; computer, electronic and optical products","Pharma, Computers, Electronics","C",195453.52,64870.57,1601.57,2446.87,78588.79,37525.05,418.07,118978.79,153.69,0.59,16.94,782.69,389.61,191351.62,91847.7777777778,88660
2021,13,"22","22","22","Manufacture of rubber and plastic products","Rubber and Plastics","C",2260.8,1043.81,38.99,404.41,137.76,230.69,6.21,779.08,9.38,0,0,0.88,5.15,2020.14,4592.22222222222,4690
2021,14,"23","23","23","Manufacture of other non-metallic mineral products","Non-Metallic Minerals","C",2560.21,878.73,61.32,408.26,203.9,360.57,-8.31,964.41,78.73,0,0,7.36,-2.68,628.17,7953.88888888889,7230
2021,15,"24","24","24","Manufacture of basic metals","Basic Metals","C",1318.75,764.84,38.74,193.73,-188.26,121.84,0.74,128.05,0,0,0,0,1.04,1046.82,2760.55555555556,2470
2021,16,"25","25","25","Manufacture of fabricated metal products","Fabricated Metals","C",2681.9,1059.6,44.14,723.52,193.29,202.29,-26,1093.1,16.29,0,0,71.09,-10.72,894.53,14428.8888888889,14350
2021,17,"27","27","27","Manufacture of electrical equipment","Electrical Equipment","C",1295.13,571.76,32.22,346.28,121.05,51.71,-0.62,518.42,35.07,0,0,22.64,1.8,1135.5,2645,3020
2021,18,"28","28","28","Machinery and equipment n.e.c","Machinery and Equipment","C",3061.55,1087.95,66.17,608.47,566.84,286.39,-8.01,1453.69,0.25,0,0,36.92,10.04,2948.61,10058.3333333333,9670
2021,19,"29,30","29,30","29,30","Manufacture of motor vehicles, trailers, other transport equipment","Motor Vehicles, Transport Eq.","C",640.63,240.24,50.84,106.81,83.4699999999999,30.44,7.73,228.45,13.25,0,0,88.8,5.43,526.6,8036.11111111111,7580
2021,20,"31,32","31,32","31,32","Manufacture of furniture; other manufacturing","Furniture, Other Manufacturing","C",17927.46,7953.81,332.67,1764.43,467.359999999998,5184.61,9.72,7426.11,136.67,0.32,156.65,109.8,-38.7,16750.15,62251.1111111111,61320
2021,21,"33","33","33","Repair and installation of machinery and equipment","Repair of Machinery","C",1077.97,368.98,18.49,362.62,121.04,39.34,-33.75,489.25,0,0,0,0,-12.55,19.12,6638.33333333333,6090
2021,22,"35","35","35","Electricity and gas supply","Electricity and Gas","D",9368.08,2913.69,404.66,351.53,261.759999999999,1633.11,256.24,2502.65,2226.91,0,172,0,-194.69,105.74,14010.5555555556,13320
2021,23,"36","36","36","Water collection, treatment and supply","Water Supply","E",1425.01,272.14,24.58,166.52,-20.7700000000002,395.89,239.84,781.48,322.26,0,664.88,0,6.15,0,6095,5730
2021,24,"37,38,39","37-39","37,38,39","Sewerage, waste collection and remediation services","Sewerage and Waste","E",3352.97,590.47,68.66,526.31,674.03,216.36,297.55,1714.25,399.08,5.14,1115.69,0,22.94,567.52,6536.66666666667,6460
2021,25,"41,42,43","41-43","41,42,43","Construction and construction works","Construction","F",36030.37,9704.98,688.55,5405.06,4750.54,152.87,-360.46,9948.01,200.32,0,23.71,25122.66,0,759.46,140036.111111111,141320
2021,26,"45","45","45","Wholesale and retail trade and repair of vehicles","Motor Trade","G",2639.71,294.79,84.82,1218.01,593.01,135.2,-75.39,1870.82,1643.95,0,0,160.63,-492.62,0,29243.3333333333,28620
2021,27,"46","46","46","Wholesale trade","Wholesale Trade","G",43451.17,10672.26,629.7,9104.91,14819.52,926.01,-141.97,24708.46,709.04,14.5,95.56,425.18,134.65,28782.4,60871.1111111111,61880
2021,28,"47","47","47","Retail trade","Retail Trade","G",16423.73,2464.14,241.99,6280.31,4306.77,638.06,-315.02,10910.13,15090.5,0,0,0,249.54,719.26,171816.666666667,219300
2021,29,"49","49","49","Land transport services","Land Transport","H",5291.05,729.11,250.05,1742.03,636.939999999999,543.3,-14.92,2907.35,648.49,48.96,1537.83,0,0,1371.55,44391.1111111111,50330
2021,30,"50","50","50","Water transport services","Water Transport","H",543.31,91.9,18.29,45.69,-27.97,61.5,-14.6,64.61,13.99,0,0,0,0,247.9,2331.11111111111,2390
2021,31,"51,52","51,52","51,52","Air transport, Warehousing and support activities for transportation","Air Transport, Warehousing","H",5467.93,2147.14,627.09,1311.01,-2012.87,1636.99,-116.59,818.54,146.88,0,0,0,0,2440.56,28828.8888888889,30900
2021,32,"53","53","53","Postal and courier services","Postal and Courier","H",1678.25,166.93,34.02,860.08,127.54,15.81,71.62,1075.04,103.36,0,0,0,0,9.16,19411.1111111111,19550
2021,33,"55","55","55","Accommodation services","Accommodation","I",1491.57,228.89,77.48,663.47,253.49,214.24,-330.7,800.5,1128.36,0,0,0,0,64.74,21447.5216963707,30136.7918347422
2021,34,"56","56","56","Food and beverage services","Food and Beverage Services","I",5514.21,823.67,193.57,2874.7,934.71,310.12,-944.82,3174.71,4761.81,0,0,0,0,77.68,79289.7005258515,111413.208165258
2021,35,"58,59,60,62,63","58-60,62,63","58,59,60,62,63","Publishing, audiovisual and broadcasting activities; Computer programming, consultancy and related activities; information service activities","Publishing, Computer Services","J",205570.25,104396.78,2034.19,9312.88,39138.68,20646.31,90.85,69188.72,422.5,0,475.07,1558.49,0,188944.32,134473.888888889,131090
2021,36,"61","61","61","Telecommunications services","Telecommunications","J",6451.97,1268.49,94.81,1023.09,1582.6,1141.11,35.96,3782.76,2250.16,0,14.71,0,0,1345.55,23483.8888888889,22210
2021,37,"64","64","64","Financial service activities","Financial Services","K",15216.4,1262.97,377.55,3717.71,3138.41,1166.23,361.45,8383.8,975.74,0,26.78,0,0,10627.59,75303.8888888889,76220
2021,38,"65","65","65","Insurance, reinsurance and pension funding","Insurance and Pensions","K",17145.75,6965.9,1015.75,996.02,3475.21,171.41,107.83,4750.48,952.38,0,266.01,0,0,13025.65,26039.4444444444,27780
2021,39,"66","66","66","Other financial activities","Other Financial","K",10653.53,3165.13,457.87,3473.13,290.28,104.62,173.3,4041.33,479.98,0,0,0,0,4939.8,16045.5555555556,16560
2021,40,"68","68","68","Real estate activities","Real Estate","L",26786.61,1437.21,172.07,1057.97,13582.02,7281.97,337.9,22259.87,20539.48,15.83,1162.11,1191.45,0,0,12281.6666666667,12780
2021,41,"69","69","69","Legal and accounting activities","Legal and Accounting","M",6884.17,949.13,123.76,2722.64,936.69,1135.79,-39.43,4755.69,230.99,14.96,0,0,0,0,16605.8847051534,17121.7981027846
2021,42,"70","70","70","Head office and management consultancy activities","Head Offices, Consultancy","M",20774.26,5384.7,328.78,3284.68,3820.93,3501.52,39.41,10646.54,0,0,0,0,0,18780.02,50111.3375170688,51668.2018972154
2021,43,"71","71","71","Architectural and engineering services","Architecture, Engineering","M",5022.29,341.7,42.15,2268.23,1538.72,165.61,-47.7,3924.86,0,0,0,0,0,284.78,46341.1111111111,44710
2021,44,"72","72","72","Scientific research and development services","Scientific R&D","M",11830.26,2392.35,116.45,3952.88,1846.28,2506.49,-455.09,7850.55,0,0,3.36,8209.32,0,2419.24,11707.2222222222,11690
2021,45,"73","73","73","Advertising and market research","Advertising, Market Research","M",2084.3,365.91,28.73,795.15,526.64,74.3,-18.62,1377.47,0,0,0,0,0,161.93,15702.2222222222,15450
2021,46,"74,75","74,75","74,75","Other professional, scientific and technical activities; veterinary activities","Other Professional Services","M",8712.51,1127.91,127.47,2553.3,2689.55,564.71,-91.37,5716.19,141.95,0,0,0,0,6423.1,20273.3333333333,21870
2021,47,"77","77","77","Rental and leasing activities","Rental and Leasing","N",21769.38,2845.24,319.7,1129.56,2424.99,11214.95,-2.21,14767.29,9.97,0,0,0,0,11715.16,12077.7777777778,11090
2021,48,"78","78","78","Employment services","Employment Services","N",3668.69,707.9,37.48,2063.97,539.52,12.04,-95.19,2520.33,0,0,0,0,0,652.62,9480,9850
2021,49,"79","79","79","Travel agency and tourism service activities","Travel Agencies","N",464.31,157.97,13.97,156.84,48.54,15.78,-56.2,164.96,288.88,0,0,0,0,0,4221.11111111111,6180
2021,50,"80,81,82","80-82","80,81,82","Security, office and business support activities","Security, Office Support","N",6934.05,2358.62,174.83,1913.57,521.890000000001,60.89,-64.92,2431.44,0,0,0,0,0,195.83,56811.6666666667,68200
2021,51,"84","84","84","Public administration","Public Administration","O",14001.78,2584.99,240.25,8055.82,-616.599999999998,1381.06,182.77,9003.06,84.5,0,11624.77,80.65,0,44.02,128340,130520
2021,52,"85","85","85","Education services","Education","P",11895.15,224.64,25.14,9259.69,261.169999999998,1160.26,-207.25,10473.87,2449.26,76.92,7838.22,0,0,0,149565,214000
2021,53,"86","86","86","Human health activities","Human Health","Q",21867.24,4860.18,290.1,10706.47,1878.03,1075.93,-3.34,13657.09,4901.63,83.42,15846.13,0,0,279.79,157195,181440
2021,54,"87,88","87,88","87,88","Social work activities","Social Work","Q",7490.84,623.88,96.42,4188.67,791.07,6.91,-308.18,4678.47,2006.49,425.34,4299.8,0,0,0,109188.888888889,132930
2021,55,"90,91,92","90-92","90,91,92","Cultural, arts and gambling activities","Arts and Gambling","R",3300.42,337.56,60.73,727.24,1021.9,593.34,-63.09,2279.4,1591.78,16.95,934.77,161.65,0,67.04,16753.8888888889,20950
2021,56,"93","93","93","Recreation and sports activities","Recreation and Sports","R",1192.23,94.26,14.5,559.29,322.24,180,-122.28,939.24,717.66,133.4,115.78,0,0,0.86,16989.4444444444,23490
2021,57,"94","94","94","Membership organisation services","Membership Organisations","S",2794.06,713.34,94.76,626.75,135.13,8.72,-24.88,745.72,2033.11,124.98,71.05,0,0,0,16950.5555555556,20610
2021,58,"95","95","95","Repair of consumer goods","Repair of Consumer Goods","S",134.15,16.14,2.41,52.75,23.13,14.69,-3.72,86.85,34.21,0,0,0,0,0,1007.22222222222,1540
2021,59,"96","96","96","Other personal service activities","Other Personal Services","S",1526.98,280.19,33.19,543.32,408.73,36.59,-152.02,836.62,1005.58,61.41,0,0,0,0,22803.8888888889,32540
2021,60,"97","97","97","Private households with employed persons","Households as Employers","T",203.17,0,0,15.43,188.38,0,-0.64,203.17,184.77,0,0,0,0,0,3027.77777777778,4310
2022,1,"1","1","1","Crop and animal production, hunting and related service activities","Crops and Animals","A",14271.33,3515.41,209.16,874.84,5069.82,1235.53,-1061.4,6118.79,1454.43,0,698.87,-27.92,70.26,1873.74,139053.888888889,98370
2022,2,"2","2","2","Forestry and logging","Forestry","A",686.45,125.19,29.57,249.48,67.95,106.39,-277.04,146.78,126.52,0,0,0,27.34,32.42,1991.11111111111,2030
2022,3,"3","3","3","Fishing and aquaculture","Fishing","A",513.74,113.85,8.44,79.46,138.41,7.64,-13.78,211.72,0,0,0,0,0,213.19,4510.55555555556,3750
2022,4,"5,6,7,8,9","5-9","5,6,7,8,9","Mining, quarrying and extraction","Mining and Quarrying","B",1254.12,142.38,10.27,331.33,382.41,211.5,30.69,955.94,51.84,0,0.17,20.93,20.64,320.3,6371.11111111111,6410
2022,5,"10","10","10","Manufacture of food products","Food Products","C",27685.73,8166.93,288.76,2250.4,3096.4,1123.15,88.41,6558.35,2828.34,206.66,0.12,0,265.87,19595.59,51818.8691082854,50984.9531226169
2022,6,"11,12","11,12","11,12","Manufacture of beverages and tobacco products","Beverages and Tobacco","C",3983.06,1105.85,158.95,281.27,657.54,151.4,12.66,1102.88,1737.84,0,0,0,-319.29,2218.46,7455.01978060348,7335.04687738306
2022,7,"13","13","13","Manufacture of textiles","Textiles","C",343.32,103.06,6.27,92.63,16.64,39.12,20.31,168.7,34.51,0,0,6.89,3.59,193.6,3991.28004887508,4158.46999760937
2022,8,"14","14","14","Manufacture of wearing apparel","Wearing Apparel","C",111.09,38.99,2.14,26.02,5.06,16.15,6.54,53.76,53.96,6.57,0,0,12.99,20.36,1291.48112731426,1345.57972746832
2022,9,"15","15","15","Manufacture of leather and related products","Leather Products","C",47.55,15.23,1.1,7.38,1.94999999999999,8.97,2.62,20.93,3.32,0,0,0,19.93,17.03,552.794379366218,575.950274922305
2022,10,"16","16","16","Manufacture of wood and wood products (excluding furniture)","Wood Products","C",1538.69,487.2,24.19,253.79,154.32,115.61,7.55,531.28,9.53,0,0,17.62,-3.36,717.19,3463.33333333333,3190
2022,11,"17","17","17","Manufacture of pulp, paper and paper products","Paper Products","C",764.3,318.06,10.47,189.88,28.7899999999999,47.94,4.35,270.96,76.04,0,0,0,28.06,227.27,1362.77777777778,1350
2022,12,"18","18","18","Printing and reproduction of recorded media","Printing","C",670.16,189.93,9.55,240.18,-64.78,104.14,1.51,281.06,0,0,0,2.82,-38.98,0.11,5080.55555555556,5070
2022,13,"19,20","19,20","19,20","Manufacture of coke and refined petroleum products; basic chemicals","Refined Petroleum, Chemicals","C",24173.02,6319.98,129.63,565.87,14069.56,1028.15,16.1,15679.68,558.71,0,17.85,0,-13.2,21699.54,4731.11111111111,4770
2022,14,"21,26","21,26","21,26","Manufacture of pharmaceutical products; computer, electronic and optical products","Pharma, Computers, Electronics","C",216916.9,67961.23,1750.55,2045.6,94439,43172.3,186.02,139842.93,136.65,1.54,50.53,738.76,734.4,211972.43,93290.5555555556,89910
2022,15,"22","22","22","Manufacture of rubber and plastic products","Rubber and Plastics","C",2286.66,998.46,30.43,458.33,79.8799999999997,280.51,13.02,831.74,22.02,0,0,2.41,25.14,1881,4914.44444444444,4830
2022,16,"23","23","23","Manufacture of other non-metallic mineral products","Non-Metallic Minerals","C",3161.22,1233.07,56.63,421.37,-100.6,396.63,19.88,737.28,77.76,0,0,6.1,13.36,865.22,6925,6690
2022,17,"24","24","24","Manufacture of basic metals","Basic Metals","C",700.69,641.95,21.4,46.96,-271.55,61.61,0.76,-162.22,0,0,0,0,-0.03,618.95,3457.77777777778,3330
2022,18,"25","25","25","Manufacture of fabricated metal products","Fabricated Metals","C",3504.25,1311.78,51.89,932.07,263.69,260.86,22.05,1478.66,15.14,0,0,127.85,46.36,903.72,19001.1111111111,17650
2022,19,"27","27","27","Manufacture of electrical equipment","Electrical Equipment","C",1768.04,978.95,41.56,293.13,75.67,51.72,5.06,425.58,18.69,0,0,132.59,53.09,1152.99,3231.11111111111,3140
2022,20,"28","28","28","Machinery and equipment n.e.c","Machinery and Equipment","C",3691.64,1447.59,67.42,633.3,501.82,330.61,22.47,1488.2,0.74,0,0,245.9,16.81,3170.7,7812.22222222222,7690
2022,21,"29,30","29,30","29,30","Manufacture of motor vehicles, trailers, other transport equipment","Motor Vehicles, Transport Eq.","C",999.98,513.06,42.21,270.33,-155.42,21.3,25.56,161.78,75.93,0,0,439.39,9.47,429.57,4563.88888888889,5060
2022,22,"31,32","31,32","31,32","Manufacture of furniture; other manufacturing","Furniture, Other Manufacturing","C",21733.96,7442.32,275.17,1652.38,3618.71,5819.02,21.77,11111.87,649.11,0.54,244.39,219.95,263.42,19086.03,67650,66980
2022,23,"33","33","33","Repair and installation of machinery and equipment","Repair of Machinery","C",1304.17,373.2,17,436.39,167.28,56.32,-3.94,656.04,0,0,0,0,-0.92,25.89,6448.88888888889,6060
2022,24,"35","35","35","Electricity and gas supply","Electricity and Gas","D",16994.18,5554.83,475.33,910.11,928.530000000002,1846.44,32.05,3717.12,3201.99,0,184.5,0,-84.03,262.29,16530.5555555556,15980
2022,25,"36","36","36","Water collection, treatment and supply","Water Supply","E",1580.62,165.34,14.33,183.46,465.58,366.16,124.35,1139.55,390.76,0,685.47,0,7.74,0,5526.66666666667,5520
2022,26,"37,38,39","37-39","37,38,39","Sewerage, waste collection and remediation services","Sewerage and Waste","E",3392.02,569.46,54.79,524.9,476.65,247.2,491.82,1740.57,526.54,5.37,1018.43,0,-14.63,555.17,10866.6666666667,10330
2022,27,"41,42,43","41-43","41,42,43","Construction and construction works","Construction","F",45955.96,10860.19,1377.61,6099.8,5443.59,268.15,0.81,11812.35,222.27,0,11.46,26477.05,0,826.7,181142.777777778,168740
2022,28,"45","45","45","Wholesale and retail trade and repair of vehicles","Motor Trade","G",3533.37,531.71,111.82,1272.59,744.37,134.33,6.62,2157.92,1787.65,0,0,816.21,-475.73,0,33896.1111111111,32850
2022,29,"46","46","46","Wholesale trade","Wholesale Trade","G",54155.6,15220.71,511.15,9777.46,17558.84,1049.18,134.05,28519.53,713.07,18.1,72.52,603.78,189.81,31820.07,62846.6666666667,62400
2022,30,"47","47","47","Retail trade","Retail Trade","G",18317.22,2840.81,250.68,6572.62,3845.14,737.32,36.79,11191.86,17138.64,0,0,0,301.79,497.5,183072.222222222,224730
2022,31,"49","49","49","Land transport services","Land Transport","H",6053.32,866.23,180.09,1862.97,919.049999999999,555.71,191.15,3528.88,781.6,48.7,1685.78,0,0,2028.68,56016.1111111111,54740
2022,32,"50","50","50","Water transport services","Water Transport","H",725.19,216.75,17.89,49.94,-25.94,62.57,-8.61,77.96,17.29,0,0,0,0,511.48,1937.77777777778,1920
2022,33,"51,52","51,52","51,52","Air transport, Warehousing and support activities for transportation","Air Transport, Warehousing","H",17580.28,8641.67,1394.9,1478.84,-585.630000000001,1635.88,81.41,2610.5,421.91,0,0,0,0,13785.88,37076.1111111111,37630
2022,34,"53","53","53","Postal and courier services","Postal and Courier","H",2404.81,311.98,41.28,830.28,140.97,44.39,39.28,1054.91,99.09,0,0,0,0,19.63,19565.5555555556,19530
2022,35,"55","55","55","Accommodation services","Accommodation","I",2550.58,220.77,67.66,976.95,440.33,300.14,-82.15,1635.28,2055.36,0,0,0,0,66.37,31393.3697746036,39241.9374226911
2022,36,"56","56","56","Food and beverage services","Food and Beverage Services","I",8460.44,860.31,187.18,4263.73,1330.15,285.12,-212.15,5666.85,7641.25,0,0,0,0,81.63,104133.852447619,130168.062577309
2022,37,"58,59,60,62,63","58-60,62,63","58,59,60,62,63","Publishing, audiovisual and broadcasting activities; Computer programming, consultancy and related activities; information service activities","Publishing, Computer Services","J",226614.49,116274.17,1550.03,10925.19,41843.36,23186,177.29,76131.84,606.02,0,521.37,1166.77,0,206269.76,151447.222222222,148070
2022,38,"61","61","61","Telecommunications services","Telecommunications","J",6849.74,1486.16,97.57,976.73,1449.15,1382.77,50.99,3859.65,2154.16,0,15.15,0,0,1833.06,21280.5555555556,20330
2022,39,"64","64","64","Financial service activities","Financial Services","K",13987.1,979.26,249.97,3999.61,1833.39,1332.71,379.59,7545.29,964.74,0,23.64,0,0,9687.15,75541.6666666667,76630
2022,40,"65","65","65","Insurance, reinsurance and pension funding","Insurance and Pensions","K",19657.07,10964.41,957.11,1047.9,1492.69,188.82,177.72,2907.13,664.73,0,259.97,0,0,14846.45,25897.2222222222,27080
2022,41,"66","66","66","Other financial activities","Other Financial","K",10925.72,3890.72,412.19,3541.52,390.190000000001,129.83,153.94,4215.48,327.28,0,0,0,0,6080.54,18742.2222222222,17980
2022,42,"68","68","68","Real estate activities","Real Estate","L",30691.56,1352.39,234.3,1087.49,15009.8,8731.5,642.15,25470.95,23271.5,16.06,1299.6,1782.71,0,0,12543.8888888889,12770
2022,43,"69","69","69","Legal and accounting activities","Legal and Accounting","M",7981.78,1314.68,106.83,2984.4,1039.02,855.21,-2.01,4876.61,275.23,14.09,0,0,0,0,13941.1074698119,14583.7474614321
2022,44,"70","70","70","Head office and management consultancy activities","Head Offices, Consultancy","M",29568.92,11315.3,161.12,3872.21,5309.82,4704.79,-4.44,13882.37,0,0,0,0,0,27552.39,51645.5591968547,54026.2525385679
2022,45,"71","71","71","Architectural and engineering services","Architecture, Engineering","M",5735.33,524.41,47.51,2479.91,1431.37,194.29,1.27,4106.84,0,0,0,0,0,334.52,49559.4444444444,48320
2022,46,"72","72","72","Scientific research and development services","Scientific R&D","M",15112.58,3300.93,130.04,3495.91,3886.96,2022.44,-318.47,9086.84,0,0,5.03,10012.65,0,3316.44,9322.22222222222,10100
2022,47,"73","73","73","Advertising and market research","Advertising, Market Research","M",2081.98,678.98,39.71,537.13,290.05,97.42,-0.51,924.08,0,0,0,0,0,112.4,14346.6666666667,14250
2022,48,"74,75","74,75","74,75","Other professional, scientific and technical activities; veterinary activities","Other Professional Services","M",12274.19,2636.86,212.23,2648.97,2056.23,708.21,24.37,5437.77,210.7,0,0,0,0,11189.37,26644.4444444444,28870
2022,49,"77","77","77","Rental and leasing activities","Rental and Leasing","N",24771.58,4141.93,286.77,1251.54,4814.27,10653.81,56.74,16776.37,5.67,0,0,0,0,22516.09,11923.8888888889,11320
2022,50,"78","78","78","Employment services","Employment Services","N",5574.23,1146.16,51.92,2566.58,979.169999999999,26.86,-30.99,3541.62,0,0,0,0,0,1111.58,9031.66666666667,9530
2022,51,"79","79","79","Travel agency and tourism service activities","Travel Agencies","N",814.32,216.31,13.7,207.23,147.47,18.39,-9.73,363.36,552,0,0,0,0,0,6912.22222222222,7400
2022,52,"80,81,82","80-82","80,81,82","Security, office and business support activities","Security, Office Support","N",9457.3,2845.61,173.35,2647.9,1204.72,116.86,-2.52,3966.95,0,0,0,0,0,1265.7,67975,80640
2022,53,"84","84","84","Public administration","Public Administration","O",14886.39,2472.7,193.17,8289.15,-396.260000000002,2077.99,-37.26,9933.61,103.17,0,12863.4,100.34,0,48.48,131511.666666667,136600
2022,54,"85","85","85","Education services","Education","P",12690.75,244.24,22.35,9497.1,357.300000000002,1286.93,-59.03,11082.3,2583.59,78.54,8435.4,0,0,0,150213.333333333,215280
2022,55,"86","86","86","Human health activities","Human Health","Q",23154.2,4473.82,221.91,11622.45,2000.65,1202.11,18.11,14843.32,4997.48,87.94,17011.61,0,0,309.45,169286.666666667,192580
2022,56,"87,88","87,88","87,88","Social work activities","Social Work","Q",8262.96,708.39,87.2,4469.18,839.969999999999,18.69,-54.39,5273.46,2304.31,461.09,4806.69,0,0,0,121638.333333333,149960
2022,57,"90,91,92","90-92","90,91,92","Cultural, arts and gambling activities","Arts and Gambling","R",4222.36,389.12,93.74,687.45,1553.37,433.02,12.38,2686.22,1974.11,32.07,1024.07,214.9,0,63.67,21437.2222222222,25350
2022,58,"93","93","93","Recreation and sports activities","Recreation and Sports","R",1914.62,209.59,26.35,675.35,360.65,201.13,-5.77,1231.36,1296.1,136.52,98.82,0,0,0.69,21121.1111111111,25970
2022,59,"94","94","94","Membership organisation services","Membership Organisations","S",3948,898.24,92.04,867.91,152.22,9.85,5.08,1035.06,2910.73,134.86,75.7,0,0,0,12216.6666666667,15430
2022,60,"95","95","95","Repair of consumer goods","Repair of Consumer Goods","S",174.83,33.76,3.01,48.5,22.04,19.91,0.26,90.71,57.03,0,0,0,0,0,2094.44444444444,2550
2022,61,"96","96","96","Other personal service activities","Other Personal Services","S",2600.77,528.05,44.98,714.34,449.85,49.01,-16.01,1197.2,1748.59,76.8,0,0,0,0.2,32042.7777777778,39530
2022,62,"97","97","97","Private households with employed persons","Households as Employers","T",34.89,0,0,12.94,22.08,0,-0.12,34.89,26.2,0,0,0,0,0,3940.55555555556,4920
